지점,일시,풍속(m/s),풍향(deg),최대파고(m),유의파고(m),파주기(sec)
22103,2025-09-26 1:00,1.5,299,1.3,0.8,10
22103,2025-09-26 2:00,2.4,342,1.5,0.9,10.5
22103,2025-09-26 3:00,4.4,348,1.6,0.9,10
22103,2025-09-26 4:00,4.5,353,1.3,0.9,10
22103,2025-09-26 5:00,4.5,350,1.2,0.8,9.1
22103,2025-09-26 6:00,4.4,355,1.6,0.9,10
22103,2025-09-26 7:00,5.2,4,1.2,0.8,10.5
22103,2025-09-26 8:00,3.8,27,1.2,0.8,10
22103,2025-09-26 9:00,1.4,47,1.3,0.8,9.1
22103,2025-09-26 10:00,1.8,80,1.2,0.8,10
22103,2025-09-26 11:00,1.6,72,1.2,0.8,9.1
22103,2025-09-26 12:00,1.6,40,1.3,0.7,10
22103,2025-09-26 13:00,0.7,24,1.2,0.7,9.1
22103,2025-09-26 14:00,0.9,319,1.2,0.8,9.1
22103,2025-09-26 15:00,1.2,290,1.1,0.8,10
22103,2025-09-26 16:00,1.2,334,1.2,0.7,9.1
22103,2025-09-26 17:00,1.2,343,1,0.7,9.1
22103,2025-09-26 18:00,1.6,356,1.2,0.7,9.1
22103,2025-09-26 19:00,1.5,4,1.2,0.6,10
22103,2025-09-26 20:00,1.6,21,0.9,0.7,9.1
22103,2025-09-26 21:00,1.8,63,0.9,0.6,9.1
22103,2025-09-26 22:00,1.6,93,1,0.6,9.1
22103,2025-09-26 23:00,0.2,36,0.9,0.6,9.1
22103,2025-09-27 0:00,1.1,23,0.8,0.5,8.3
22103,2025-09-27 1:00,1.8,31,0.9,0.5,8.3
22103,2025-09-27 2:00,2.6,27,0.9,0.6,8.3
22103,2025-09-27 3:00,1.9,28,0.8,0.6,8.3
22103,2025-09-27 4:00,6.3,91,0.8,0.5,8.3
22103,2025-09-27 5:00,6.6,102,0.9,0.6,7.7
22103,2025-09-27 6:00,7.7,95,1.4,0.8,8.3
22103,2025-09-27 7:00,10.6,96,1.3,1,4.3
22103,2025-09-27 8:00,10.2,85,2.3,1.1,4.3
22103,2025-09-27 9:00,9.4,95,2.1,1.3,5.3
22103,2025-09-27 10:00,8.7,110,1.9,1.3,5
22103,2025-09-27 11:00,7,113,1.8,1.1,5.6
22103,2025-09-27 12:00,7.5,110,1.6,1,5
22103,2025-09-27 13:00,7,112,1.4,0.9,5
22103,2025-09-27 14:00,5.7,106,1.2,0.9,4.8
22103,2025-09-27 15:00,5.6,102,1.2,0.8,5
22103,2025-09-27 16:00,4.8,98,1.3,0.8,5
22103,2025-09-27 17:00,3.2,113,1.3,0.8,5.3
22103,2025-09-27 18:00,6.7,85,1.1,0.8,5.6
22103,2025-09-27 19:00,6.6,93,1.2,0.9,5
22103,2025-09-27 20:00,6.3,98,1.6,0.9,5.3
22103,2025-09-27 21:00,5.1,96,1.1,0.8,5.3
22103,2025-09-27 22:00,5,87,1.3,0.8,5
22103,2025-09-27 23:00,5.1,90,1.4,0.8,5.3
22103,2025-09-28 0:00,4.8,95,1.4,0.8,5.3
22103,2025-09-28 1:00,4.9,95,1.3,0.8,5.3
22103,2025-09-28 2:00,5.2,94,1,0.7,5.3
22103,2025-09-28 3:00,4.1,103,1.1,0.7,5
22103,2025-09-28 4:00,4.1,99,1.1,0.7,4.2
22103,2025-09-28 5:00,3.9,99,1,0.7,5
22103,2025-09-28 6:00,4.7,116,1.1,0.7,4.5
22103,2025-09-28 7:00,4.5,140,0.9,0.6,5.9
22103,2025-09-28 8:00,5.8,184,0.9,0.6,4.3
22103,2025-09-28 9:00,6.2,179,1,0.6,11.1
22103,2025-09-28 10:00,6.2,178,1.1,0.7,4.3
22103,2025-09-28 11:00,6.5,219,1,0.6,4.2
22103,2025-09-28 12:00,7.3,250,1.1,0.6,3.7
22103,2025-09-28 13:00,7.3,270,1,0.7,3.2
22103,2025-09-28 14:00,6.5,293,1.2,0.8,3.4
22103,2025-09-28 15:00,7.2,285,1.2,0.9,3.3
22103,2025-09-28 16:00,7.1,286,1.1,0.8,3.6
22103,2025-09-28 17:00,6.2,283,1,0.6,3.6
22103,2025-09-28 18:00,5.9,279,0.9,0.6,4
22103,2025-09-28 19:00,6,270,0.8,0.6,12.5
22103,2025-09-28 20:00,6,276,1.1,0.6,12.5
22103,2025-09-28 21:00,6.8,291,0.9,0.6,11.8
22103,2025-09-28 22:00,8.1,307,1.3,0.8,4.2
22103,2025-09-28 23:00,7.7,317,1.2,0.8,11.8
22103,2025-09-29 0:00,9.4,328,1.5,0.9,11.8
22103,2025-09-29 1:00,8.2,325,1.4,0.9,11.8
22103,2025-09-29 2:00,7,315,1.2,0.9,11.1
22103,2025-09-29 3:00,7.3,313,1.3,0.8,11.8
22103,2025-09-29 4:00,7.7,325,1.1,0.8,11.1
22103,2025-09-29 5:00,6.6,324,1.1,0.8,11.8
22103,2025-09-29 6:00,6.7,323,1.1,0.8,11.1
22103,2025-09-29 7:00,5.9,326,1.2,0.7,10.5
22103,2025-09-29 11:00,3.9,311,0.8,0.6,10.5
22103,2025-09-29 12:00,4.6,314,0.8,0.5,10.5
22103,2025-09-29 13:00,4.5,310,0.9,0.6,10.5
22103,2025-09-29 14:00,3.7,312,0.8,0.6,10
22103,2025-09-29 15:00,3.7,305,0.8,0.5,10
22103,2025-09-29 16:00,4.7,309,0.8,0.5,10
22103,2025-09-29 17:00,4.3,299,0.9,0.5,10
22103,2025-09-29 18:00,5.6,299,0.7,0.5,10
22103,2025-09-29 19:00,5.5,302,0.8,0.6,10
22103,2025-09-29 20:00,6.6,322,0.8,0.5,10
22103,2025-09-29 21:00,6.4,336,0.9,0.6,10
22103,2025-09-29 22:00,5.9,331,1,0.6,9.1
22103,2025-09-29 23:00,5.3,336,0.8,0.5,10
22103,2025-09-30 0:00,5.9,339,0.9,0.6,9.1
22103,2025-09-30 1:00,6.2,343,0.8,0.6,9.1
22103,2025-09-30 2:00,5.1,354,0.9,0.6,9.1
22103,2025-09-30 3:00,4.4,353,0.7,0.5,9.1
22103,2025-09-30 4:00,3.4,16,0.8,0.5,8.3
22103,2025-09-30 5:00,3.3,10,0.7,0.5,9.1
22103,2025-09-30 6:00,3,354,0.7,0.4,9.1
22103,2025-09-30 7:00,3.6,352,0.7,0.4,8.3
22103,2025-09-30 8:00,2.8,333,0.7,0.4,8.3
22103,2025-09-30 9:00,2.5,9,0.6,0.4,9.1
22103,2025-09-30 10:00,3.4,347,0.6,0.4,8.3
22103,2025-09-30 11:00,3.2,348,0.7,0.5,9.1
22103,2025-09-30 12:00,2.6,9,0.7,0.5,4.8
22103,2025-09-30 13:00,3.8,336,0.8,0.5,4.2
22103,2025-09-30 14:00,3.8,330,0.7,0.5,3.8
22103,2025-09-30 15:00,2.8,330,0.8,0.5,7.7
22103,2025-09-30 16:00,4.2,316,0.8,0.5,4
22103,2025-09-30 17:00,3.4,319,0.8,0.5,8.3
22103,2025-09-30 18:00,3.4,323,0.8,0.4,4.5
22103,2025-09-30 19:00,3.4,328,0.7,0.4,8.3
22103,2025-09-30 20:00,3.3,322,0.7,0.4,4.5
22103,2025-09-30 21:00,4.6,310,0.6,0.4,7.7
22103,2025-09-30 22:00,6.6,309,0.8,0.5,7.1
22103,2025-09-30 23:00,6.5,318,0.6,0.5,7.7
22103,2025-10-01 0:00,6.5,326,0.8,0.5,2.6
22103,2025-10-01 1:00,5.7,333,0.8,0.5,2.7
22103,2025-10-01 2:00,5.7,327,0.7,0.5,2.6
22103,2025-10-01 3:00,6.2,327,0.7,0.5,2.7
22103,2025-10-01 4:00,5.7,327,0.7,0.5,2.9
22103,2025-10-01 5:00,6.4,327,1,0.6,3
22103,2025-10-01 6:00,7.3,328,0.8,0.5,3
22103,2025-10-01 7:00,6.3,335,0.8,0.6,3.1
22103,2025-10-01 8:00,7.4,333,0.9,0.5,2.9
22103,2025-10-01 9:00,6.1,337,0.7,0.5,3
22103,2025-10-01 10:00,4.9,338,0.8,0.5,2.9
22103,2025-10-01 11:00,4.5,348,0.7,0.5,2.9
22103,2025-10-01 12:00,4.3,334,0.6,0.4,8.3
22103,2025-10-01 13:00,4.4,331,0.5,0.4,8.3
22103,2025-10-01 14:00,5.1,325,0.6,0.4,7.1
22103,2025-10-01 15:00,4.2,318,0.5,0.4,8.3
22103,2025-10-01 16:00,3.1,315,0.5,0.4,7.7
22103,2025-10-01 17:00,3.4,297,0.5,0.4,9.1
22103,2025-10-01 18:00,2.7,291,0.5,0.4,7.7
22103,2025-10-01 19:00,3.8,322,0.5,0.3,7.7
22103,2025-10-01 20:00,4.4,311,0.5,0.4,7.7
22103,2025-10-01 21:00,3.5,310,0.5,0.4,7.1
22103,2025-10-01 22:00,5.5,337,0.5,0.3,8.3
22103,2025-10-01 23:00,4.7,348,0.5,0.3,7.7
22103,2025-10-02 0:00,3.7,340,0.5,0.4,2.6
22103,2025-10-02 1:00,3.5,323,0.6,0.3,2.7
22103,2025-10-02 2:00,3,347,0.5,0.3,2.6
22103,2025-10-02 3:00,4.2,354,0.4,0.3,7.7
22103,2025-10-02 4:00,3.2,357,0.5,0.3,2.6
22103,2025-10-02 5:00,3.2,4,0.5,0.3,4.5
22103,2025-10-02 6:00,2.4,7,0.4,0.3,9.1
22103,2025-10-02 7:00,3.8,358,0.5,0.3,10
22103,2025-10-02 8:00,3.2,4,0.5,0.3,5.9
22103,2025-10-02 9:00,3.4,33,0.5,0.3,6.3
22103,2025-10-02 10:00,3.9,38,0.8,0.3,4.3
22103,2025-10-02 11:00,4.4,37,0.5,0.4,6.3
22103,2025-10-02 12:00,3.6,40,0.5,0.3,4.3
22103,2025-10-02 13:00,5.8,31,0.5,0.3,8.3
22103,2025-10-02 14:00,5.6,38,0.5,0.3,7.7
22103,2025-10-02 15:00,5.6,48,0.5,0.4,2.6
22103,2025-10-02 16:00,6.6,60,0.5,0.3,10
22103,2025-10-02 17:00,6.7,62,0.5,0.4,2.1
22103,2025-10-02 18:00,7.7,65,0.7,0.5,2.4
22103,2025-10-02 19:00,8.2,56,0.8,0.5,3.3
22103,2025-10-02 20:00,9.1,50,1.3,0.6,3.7
22103,2025-10-02 21:00,7.9,57,1.2,0.8,4.2
22103,2025-10-02 22:00,7.7,52,1,0.8,4.5
22103,2025-10-02 23:00,7.6,49,1.2,0.7,5
22103,2025-10-03 0:00,8.8,63,1.1,0.6,4.5
22103,2025-10-03 1:00,7.6,76,1.1,0.8,5
22103,2025-10-03 2:00,7.1,89,1,0.8,3.8
22103,2025-10-03 3:00,8.5,90,1.3,0.8,4.3
22103,2025-10-03 4:00,11.2,83,1.3,0.9,5
22103,2025-10-03 5:00,12.1,102,2,1,4.8
22103,2025-10-03 6:00,12.5,105,2,1.4,5.3
22103,2025-10-03 7:00,11.7,105,2.9,1.6,5.6
22103,2025-10-03 8:00,12.5,94,2.9,1.7,5.9
22103,2025-10-03 9:00,13.3,96,3.7,2,6.3
22103,2025-10-03 10:00,11.7,102,2.9,2.1,6.7
22103,2025-10-03 11:00,11,91,3.2,2.1,6.7
22103,2025-10-03 12:00,10.8,105,3.7,2.1,6.7
22103,2025-10-03 13:00,11.1,39,4.3,2.4,6.7
22103,2025-10-03 14:00,11.5,60,4.4,2.4,6.7
22103,2025-10-03 15:00,10.9,60,3.9,2.5,7.1
22103,2025-10-03 16:00,10.3,68,3.3,2.4,6.7
22103,2025-10-03 17:00,8.7,75,3.4,2.2,6.7
22103,2025-10-03 18:00,7.6,78,3,2,6.7
22103,2025-10-03 19:00,6.2,84,2.7,1.9,6.7
22103,2025-10-03 20:00,3.5,101,2.7,1.7,6.3
22103,2025-10-03 21:00,4,82,2.6,1.5,6.3
22103,2025-10-03 22:00,3.9,103,2.6,1.6,6.3
22103,2025-10-03 23:00,3.4,77,2.3,1.6,6.7
22103,2025-10-04 0:00,7.2,49,2.3,1.5,6.3
22103,2025-10-04 1:00,6.5,52,2.5,1.4,6.7
22103,2025-10-04 2:00,5.8,56,2.2,1.4,6.3
22103,2025-10-04 3:00,5.3,50,2.4,1.5,6.3
22103,2025-10-04 4:00,3.2,70,2.3,1.4,6.3
22103,2025-10-04 5:00,3.8,35,2.5,1.3,6.3
22103,2025-10-04 6:00,3.3,63,2.2,1.3,6.3
22103,2025-10-04 7:00,0.3,257,2.1,1.3,5.9
22103,2025-10-04 8:00,0.5,236,1.9,1.2,5.9
22103,2025-10-04 9:00,1.1,163,1.9,1.1,5.6
22103,2025-10-04 10:00,1,212,1.6,1.1,5.9
22103,2025-10-04 11:00,2.6,311,1.7,1,5.6
22103,2025-10-04 12:00,4.1,319,1.6,1.1,4.8
22103,2025-10-04 13:00,3.5,326,1.8,1,5.9
22103,2025-10-04 14:00,1.6,352,1.4,0.9,6.3
22103,2025-10-04 15:00,1.3,311,1.8,1,5.9
22103,2025-10-04 16:00,2.7,303,1.7,0.9,5.6
22103,2025-10-04 17:00,6.2,282,1.4,0.9,6.7
22103,2025-10-04 18:00,5.5,285,1.4,0.9,6.3
22103,2025-10-04 19:00,5.3,298,1.3,0.9,5.9
22103,2025-10-04 20:00,5.8,295,2.4,0.9,6.7
22103,2025-10-04 21:00,5,293,1.4,0.9,6.3
22103,2025-10-04 22:00,5.6,309,1.4,0.9,6.3
22103,2025-10-04 23:00,5.1,309,1.6,0.8,6.3
22103,2025-10-05 0:00,4.5,308,1.1,0.8,5.6
22103,2025-10-05 1:00,4.8,312,1.2,0.7,5.9
22103,2025-10-05 2:00,3.7,316,0.9,0.7,5.9
22103,2025-10-05 3:00,4.4,309,0.9,0.6,5.9
22103,2025-10-05 4:00,4.2,299,0.8,0.6,5.9
22103,2025-10-05 5:00,2.6,312,0.9,0.6,5.6
22103,2025-10-05 6:00,4.1,301,0.9,0.6,5.3
22103,2025-10-05 7:00,4.7,307,0.9,0.5,5.6
22103,2025-10-05 8:00,4.6,309,0.9,0.6,5.3
22103,2025-10-05 9:00,5.5,308,1,0.5,5.6
22103,2025-10-05 10:00,4.3,323,0.8,0.6,5.6
22103,2025-10-05 11:00,5.5,324,0.6,0.5,5.3
22103,2025-10-05 12:00,4.9,324,0.7,0.5,5
22103,2025-10-05 13:00,4.2,323,0.8,0.5,11.8
22103,2025-10-05 14:00,3.1,308,0.7,0.5,12.5
22103,2025-10-05 15:00,4.1,308,0.7,0.4,12.5
22103,2025-10-05 16:00,3.7,303,0.7,0.4,12.5
22103,2025-10-05 17:00,3.8,298,0.7,0.4,12.5
22103,2025-10-05 18:00,2.6,301,0.8,0.5,12.5
22103,2025-10-05 19:00,4,287,0.7,0.5,11.8
22103,2025-10-05 20:00,5.5,300,0.8,0.5,11.8
22103,2025-10-05 21:00,4.6,305,1.1,0.6,11.8
22103,2025-10-05 22:00,6.3,314,1.1,0.7,11.8
22103,2025-10-05 23:00,5.1,318,1,0.7,11.1
22103,2025-10-06 0:00,5.2,324,0.9,0.7,11.1
22103,2025-10-06 1:00,4.6,322,1,0.6,11.1
22103,2025-10-06 2:00,6,313,0.8,0.6,11.1
22103,2025-10-06 3:00,5.5,317,1,0.5,11.1
22103,2025-10-06 4:00,3.2,322,0.9,0.6,10.5
22103,2025-10-06 5:00,4.9,334,0.7,0.5,10.5
22103,2025-10-06 6:00,3.8,343,1,0.5,10.5
22103,2025-10-06 7:00,3.1,354,0.8,0.6,10
22103,2025-10-06 8:00,3.9,338,0.9,0.5,10
22103,2025-10-06 9:00,2.9,19,0.7,0.5,10
22103,2025-10-06 10:00,2.6,9,0.7,0.5,10
22103,2025-10-06 11:00,4.1,90,0.9,0.5,10
22103,2025-10-06 12:00,6.3,64,0.9,0.5,9.1
22103,2025-10-06 13:00,6.4,61,1.1,0.6,9.1
22103,2025-10-06 14:00,7,59,1.2,0.7,9.1
22103,2025-10-06 15:00,7.1,65,1.2,0.7,4.8
22103,2025-10-06 16:00,7.5,65,1.2,0.8,9.1
22103,2025-10-06 17:00,6.6,61,1.1,0.9,9.1
22103,2025-10-06 18:00,6.3,73,1.2,0.8,9.1
22103,2025-10-06 19:00,6,80,1.3,0.9,4.8
22103,2025-10-06 20:00,6.6,89,1.2,0.8,9.1
22103,2025-10-06 21:00,5.8,95,1.1,0.8,5.3
22103,2025-10-06 22:00,6.2,89,1.1,0.8,8.3
22103,2025-10-06 23:00,6,87,1,0.7,8.3
22103,2025-10-07 0:00,5,95,0.9,0.7,5
22103,2025-10-07 1:00,4.2,119,1,0.7,8.3
22103,2025-10-07 2:00,2.9,132,1,0.6,5.3
22103,2025-10-07 3:00,3.4,180,1,0.6,7.7
22103,2025-10-07 4:00,4.5,174,1,0.6,8.3
22103,2025-10-07 5:00,4.5,165,1,0.6,8.3
22103,2025-10-07 6:00,6.3,178,0.9,0.6,4.8
22103,2025-10-07 7:00,3,170,1.2,0.7,4.5
22103,2025-10-07 8:00,2.1,102,1,0.7,4.3
22103,2025-10-07 9:00,1.6,122,1.4,0.7,8.3
22103,2025-10-07 10:00,0.7,83,1.7,0.9,5
22103,2025-10-07 11:00,0.5,217,1.2,0.8,3.4
22103,2025-10-07 12:00,5.3,272,1.1,0.8,7.7
22103,2025-10-07 13:00,6.8,300,1.2,0.8,9.1
22103,2025-10-07 14:00,7,317,1.4,0.9,9.1
22103,2025-10-07 15:00,7.6,301,0.9,0.7,9.1
22103,2025-10-07 16:00,7.1,300,1,0.6,9.1
22103,2025-10-07 17:00,7.7,309,1.1,0.7,10
22103,2025-10-07 18:00,7.6,317,1.3,0.8,3.1
22103,2025-10-07 19:00,6.9,315,1.2,0.9,4
22103,2025-10-07 20:00,7.3,318,1.3,0.8,9.1
22103,2025-10-07 21:00,7.4,319,1.2,0.8,8.3
22103,2025-10-07 22:00,6.5,320,1.3,0.9,8.3
22103,2025-10-07 23:00,6.7,328,1.3,1,9.1
22103,2025-10-08 0:00,6.8,325,1.3,1,9.1
22103,2025-10-08 1:00,6.3,326,1.3,1,9.1
22103,2025-10-08 2:00,6.2,332,1.3,0.9,9.1
22103,2025-10-08 3:00,6.9,335,1.2,0.8,9.1
22103,2025-10-08 4:00,6.1,342,1.1,0.8,9.1
22103,2025-10-08 5:00,6.8,339,0.9,0.6,9.1
22103,2025-10-08 6:00,6.2,342,0.9,0.7,9.1
22103,2025-10-08 7:00,5.2,349,1.1,0.7,9.1
22103,2025-10-08 8:00,4.7,350,0.9,0.6,8.3
22103,2025-10-08 9:00,4.4,5,1,0.6,8.3
22103,2025-10-08 10:00,5,32,1.1,0.7,8.3
22103,2025-10-08 11:00,4.5,20,1,0.7,8.3
22103,2025-10-08 12:00,4.8,9,1,0.6,7.7
22103,2025-10-08 13:00,5.1,11,1,0.6,7.1
22103,2025-10-08 14:00,5.3,23,1.3,0.7,6.7
22103,2025-10-08 15:00,6.3,32,1,0.8,7.7
22103,2025-10-08 16:00,7.1,39,1.2,0.7,7.1
22103,2025-10-08 17:00,7.4,54,1.2,0.8,6.7
22103,2025-10-08 18:00,8.1,58,1.5,0.8,5.3
22103,2025-10-08 19:00,8.3,67,1.7,1,6.3
22103,2025-10-08 20:00,9.5,61,2.1,1.3,5.6
22103,2025-10-08 21:00,10.7,64,2.6,1.5,6.7
22103,2025-10-08 22:00,10.5,61,2.5,1.6,5.9
22103,2025-10-08 23:00,8.6,52,2.2,1.5,5.9
22103,2025-10-09 0:00,9.7,52,1.9,1.4,7.7
22103,2025-10-09 1:00,9,54,2,1.4,7.1
22103,2025-10-09 2:00,9.3,51,2.1,1.4,7.1
22103,2025-10-09 3:00,8.9,50,2.5,1.5,7.7
22103,2025-10-09 4:00,8.2,53,2.1,1.5,7.1
22103,2025-10-09 5:00,8.5,50,2.8,1.4,6.3
22103,2025-10-09 6:00,8.6,45,2.2,1.5,7.7
22103,2025-10-09 7:00,9.6,46,2.7,1.6,7.1
22103,2025-10-09 8:00,9.5,48,2.3,1.6,7.1
22103,2025-10-09 9:00,9.8,48,2.4,1.5,6.7
22103,2025-10-09 10:00,9.7,49,2.8,1.7,7.7
22103,2025-10-09 11:00,9.5,51,2.7,1.8,7.1
22103,2025-10-09 12:00,11,75,2.4,1.6,6.3
22103,2025-10-09 13:00,11.4,75,3.1,1.8,6.7
22103,2025-10-09 14:00,11.2,73,3.2,1.9,6.7
22103,2025-10-09 15:00,11,75,3.4,2.2,6.7
22103,2025-10-09 16:00,11.4,67,4.1,2.1,7.1
22103,2025-10-09 17:00,11.4,75,3.7,2.4,7.7
22103,2025-10-09 18:00,11.9,70,3.4,2.3,7.7
22103,2025-10-09 19:00,11.7,71,3.4,2.5,7.1
22103,2025-10-09 20:00,11.5,76,3.7,2.3,7.7
22103,2025-10-09 21:00,12.1,79,3.8,2.4,7.7
22103,2025-10-09 22:00,11.9,73,4.2,2.7,7.7
22103,2025-10-09 23:00,11.2,67,4.3,2.6,7.7
22103,2025-10-10 0:00,11.1,66,4.2,2.5,8.3
22103,2025-10-10 1:00,10.8,72,3.8,2.4,7.7
22103,2025-10-10 2:00,10.3,59,3.4,2.3,8.3
22103,2025-10-10 3:00,10.8,65,3.8,2.2,6.7
22103,2025-10-10 4:00,9.9,62,2.7,2.5,7.7
22103,2025-10-10 5:00,10.7,77,3.5,2,7.7
22103,2025-10-10 6:00,10.3,76,2.8,2,7.7
22103,2025-10-10 7:00,9,70,2.9,2,7.1
22103,2025-10-10 8:00,8.7,74,3.2,1.9,6.7
22103,2025-10-10 9:00,8.6,76,2.5,1.9,7.7
22103,2025-10-10 10:00,8.4,68,2.9,1.9,7.1
22103,2025-10-10 11:00,8,70,2.6,1.8,7.1
22103,2025-10-10 12:00,8.5,72,3.2,1.9,6.7
22103,2025-10-10 13:00,8.6,64,2.3,1.8,7.1
22103,2025-10-10 14:00,8.7,67,2.2,1.5,6.7
22103,2025-10-10 15:00,8.6,71,2.1,1.4,5.6
22103,2025-10-10 16:00,8.6,69,2.1,1.3,6.7
22103,2025-10-10 17:00,8.1,72,2.3,1.4,6.3
22103,2025-10-10 18:00,8.6,67,2.6,1.3,6.3
22103,2025-10-10 19:00,8.3,68,2.3,1.3,6.3
22103,2025-10-10 20:00,8.2,70,2,1.3,5.9
22103,2025-10-10 21:00,8.4,66,2.3,1.3,6.3
22103,2025-10-10 22:00,8.6,69,1.8,1.3,5.9
22103,2025-10-10 23:00,8.4,71,2.2,1.3,6.3
22103,2025-10-11 0:00,8.1,75,2.2,1.2,5.9
22103,2025-10-11 1:00,8.2,75,2.4,1.3,6.3
22103,2025-10-11 2:00,8.6,69,2,1.3,5.9
22103,2025-10-11 3:00,8.1,68,2.1,1.3,6.7
22103,2025-10-11 4:00,8.6,67,2,1.3,5.9
22103,2025-10-11 5:00,8.2,67,1.9,1.3,6.3
22103,2025-10-11 6:00,6.6,60,2.2,1.2,6.7
22103,2025-10-11 7:00,6.4,58,1.7,1.2,5.9
22103,2025-10-11 8:00,5.7,57,1.7,1.2,5.9
22103,2025-10-11 9:00,6.3,43,1.8,1,5.9
22103,2025-10-11 10:00,5.8,54,1.4,1,5.6
22103,2025-10-11 11:00,5.3,63,1.5,0.9,11.1
22103,2025-10-11 12:00,4.8,47,1.3,0.9,10.5
22103,2025-10-11 13:00,4.2,45,1.1,0.9,10
22103,2025-10-11 14:00,3.4,45,1.3,0.8,10
22103,2025-10-11 15:00,2.1,38,1.1,0.8,10.5
22103,2025-10-11 16:00,1,67,1.2,0.7,10.5
22103,2025-10-11 17:00,0.4,196,0.9,0.7,10
22103,2025-10-11 18:00,0.7,199,1.1,0.6,10
22103,2025-10-11 19:00,1.4,255,1.1,0.7,10.5
22103,2025-10-11 20:00,2.4,287,1.2,0.7,10.5
22103,2025-10-11 21:00,2.4,278,0.8,0.6,11.1
22103,2025-10-11 22:00,3.1,276,0.9,0.6,10.5
22103,2025-10-11 23:00,3.3,288,0.9,0.6,10
22103,2025-10-12 0:00,4.7,308,1,0.6,10
22103,2025-10-12 1:00,5.8,314,0.8,0.6,10
22103,2025-10-12 2:00,5.5,316,0.9,0.6,9.1
22103,2025-10-12 3:00,4.7,306,0.8,0.6,9.1
22103,2025-10-12 4:00,6,323,0.9,0.6,9.1
22103,2025-10-12 5:00,5.2,314,1,0.6,9.1
22103,2025-10-12 6:00,5.7,337,1,0.7,9.1
22103,2025-10-12 7:00,5.8,338,0.9,0.6,11.8
22103,2025-10-12 8:00,4.8,321,1.2,0.6,11.8
22103,2025-10-12 9:00,5,346,1,0.6,11.1
22103,2025-10-12 10:00,4.1,322,0.9,0.6,10.5
22103,2025-10-12 11:00,4.8,319,0.9,0.6,10.5
22103,2025-10-12 12:00,4.2,311,0.9,0.6,10
22103,2025-10-12 13:00,4.8,304,0.8,0.5,10.5
22103,2025-10-12 14:00,3.7,288,0.9,0.6,9.1
22103,2025-10-12 15:00,5.3,294,1,0.5,10.5
22103,2025-10-12 16:00,3.6,297,0.9,0.5,10.5
22103,2025-10-12 17:00,5.3,281,1,0.5,10
22103,2025-10-12 18:00,6.5,276,0.8,0.6,10
22103,2025-10-12 19:00,4.2,292,1,0.6,10
22103,2025-10-12 20:00,0.4,61,0.8,0.5,10.5
22103,2025-10-12 21:00,1.3,24,0.8,0.5,9.1
22103,2025-10-12 22:00,1.5,47,0.8,0.5,10
22103,2025-10-12 23:00,0.5,246,0.6,0.5,10
22103,2025-10-13 0:00,1.6,359,0.9,0.5,10
22103,2025-10-13 1:00,2.5,41,0.9,0.5,9.1
22103,2025-10-13 2:00,5.9,96,1,0.6,5.9
22103,2025-10-13 3:00,6.5,77,1.2,0.7,5.3
22103,2025-10-13 4:00,6.7,72,1.4,0.9,5.6
22103,2025-10-13 5:00,6.5,76,1.8,0.9,5
22103,2025-10-13 6:00,6.1,86,1.4,0.9,5.6
22103,2025-10-13 7:00,5.2,92,1.4,0.9,5.6
22103,2025-10-13 8:00,6.7,80,1.5,0.9,5.9
22103,2025-10-13 9:00,6.4,80,1.6,0.9,5.6
22103,2025-10-13 10:00,5.6,79,1.2,0.9,5.3
22103,2025-10-13 11:00,5.5,64,1.1,0.9,4.8
22103,2025-10-13 12:00,3.9,78,1.2,0.8,4.8
22103,2025-10-13 13:00,2.4,79,1.1,0.7,4.5
22103,2025-10-13 14:00,2.2,70,1,0.7,4.5
22103,2025-10-13 15:00,2.8,212,1.1,0.6,5
22103,2025-10-13 16:00,1.2,205,0.9,0.7,8.3
22103,2025-10-13 17:00,1,314,0.9,0.6,8.3
22103,2025-10-13 18:00,1,231,0.8,0.5,7.7
22103,2025-10-13 19:00,0,227,0.8,0.5,10.5
22103,2025-10-13 20:00,0.6,21,0.7,0.5,10.5
22103,2025-10-13 21:00,1.7,300,0.7,0.5,9.1
22103,2025-10-13 22:00,2.2,286,0.7,0.5,10
22103,2025-10-13 23:00,1.6,304,0.8,0.5,8.3
22103,2025-10-14 0:00,2.5,322,0.6,0.5,8.3
22103,2025-10-14 1:00,2.6,325,0.7,0.5,9.1
22103,2025-10-14 2:00,0.7,226,0.7,0.4,9.1
22103,2025-10-14 3:00,3,205,0.7,0.4,8.3
22103,2025-10-14 4:00,4.1,183,0.9,0.4,8.3
22103,2025-10-14 5:00,2.4,190,0.7,0.4,8.3
22103,2025-10-14 6:00,2.7,223,0.6,0.4,6.7
22103,2025-10-14 7:00,5.3,267,0.8,0.5,8.3
22103,2025-10-14 8:00,6.3,284,0.7,0.5,4.3
22103,2025-10-14 9:00,7.1,324,1,0.5,4.3
22103,2025-10-14 10:00,6.2,306,0.8,0.6,7.1
22103,2025-10-14 11:00,7.6,311,1,0.6,7.7
22103,2025-10-14 12:00,5.5,307,0.8,0.7,3.4
22103,2025-10-14 13:00,5.1,329,0.9,0.6,3.6
22103,2025-10-14 14:00,5.1,331,1,0.6,4.2
22103,2025-10-14 15:00,5.1,334,0.8,0.6,4.3
22103,2025-10-14 16:00,3.2,329,0.9,0.6,4
22103,2025-10-14 17:00,2.9,356,0.8,0.5,4.2
22103,2025-10-14 18:00,3.1,14,0.9,0.5,4.2
22103,2025-10-14 19:00,8.9,69,1,0.5,3.7
22103,2025-10-14 20:00,9.8,67,1.8,0.9,3.7
22103,2025-10-14 21:00,9.6,71,2,1.2,4.5
22103,2025-10-14 22:00,8.2,72,2.5,1.2,4.8
22103,2025-10-14 23:00,8.8,70,1.8,1.3,4.8
22103,2025-10-15 0:00,8.9,67,2,1.2,5.3
22103,2025-10-15 1:00,9.6,64,2.1,1.3,5
22103,2025-10-15 2:00,10.9,68,2.1,1.4,6.3
22103,2025-10-15 3:00,11.5,68,2.9,1.5,5.9
22103,2025-10-15 4:00,10.9,73,3.2,1.7,6.3
22103,2025-10-15 5:00,10.9,67,2.8,1.7,6.3
22103,2025-10-15 6:00,12.4,68,3,1.8,7.1
22103,2025-10-15 7:00,12.3,56,3.1,1.8,6.7
22103,2025-10-15 8:00,12,65,3.2,2,6.7
22103,2025-10-15 9:00,12.4,68,2.8,2,7.1
22103,2025-10-15 10:00,11.4,69,3,1.8,5.6
22103,2025-10-15 11:00,10.8,72,2.4,1.8,6.3
22103,2025-10-15 12:00,10,72,2.5,1.7,7.1
22103,2025-10-15 13:00,9.1,79,3,1.9,6.3
22103,2025-10-15 14:00,9.6,83,2.7,1.8,6.7
22103,2025-10-15 15:00,8.4,76,2.4,1.7,5.9
22103,2025-10-15 16:00,8.9,76,2.4,1.5,5.9
22103,2025-10-15 17:00,9.9,81,2.5,1.5,6.3
22103,2025-10-15 18:00,9.5,81,2.3,1.4,6.3
22103,2025-10-15 19:00,8.5,87,2,1.5,6.3
22103,2025-10-15 20:00,9.2,85,2.5,1.4,5.9
22103,2025-10-15 21:00,7.6,96,1.9,1.4,5.6
22103,2025-10-15 22:00,7.7,110,2.1,1.4,6.3
22103,2025-10-15 23:00,7.6,129,1.8,1.3,5.6
22103,2025-10-16 0:00,6.8,143,2,1.3,6.3
22103,2025-10-16 1:00,6.7,159,1.7,1.2,5.9
22103,2025-10-16 2:00,7,180,1.7,1.1,5.9
22103,2025-10-16 3:00,4,227,1.5,1.1,5.9
22103,2025-10-16 4:00,6.1,238,1.6,1,5.3
22103,2025-10-16 5:00,6.4,255,1.3,0.9,5.9
22103,2025-10-16 6:00,7.4,255,1.3,0.9,6.3
22103,2025-10-16 7:00,10.5,291,1.8,0.9,4.2
22103,2025-10-16 8:00,4.1,332,1.3,1.2,4.3
22103,2025-10-16 9:00,2.8,280,2.1,1,4.8
22103,2025-10-16 10:00,3.4,260,1.5,1,5
22103,2025-10-16 11:00,4,286,1.5,1,5.3
22103,2025-10-16 12:00,6.1,315,1.7,1.1,5.6
22103,2025-10-16 13:00,4,326,1.3,1,5.9
22103,2025-10-16 14:00,4.3,337,1.3,0.9,5.9
22103,2025-10-16 15:00,5.7,337,1.3,0.9,5.9
22103,2025-10-16 16:00,5.4,357,1.4,0.8,5.6
22103,2025-10-16 17:00,4.3,28,1.1,0.8,5.3
22103,2025-10-16 18:00,5,40,1.3,0.8,5.6
22103,2025-10-16 19:00,5.9,65,1.1,0.7,6.3
22103,2025-10-16 20:00,9.1,79,1,0.7,5.6
22103,2025-10-16 21:00,11.7,82,1.4,0.7,5.9
22103,2025-10-16 22:00,12.5,82,2.3,1.1,4.5
22103,2025-10-16 23:00,11.5,74,2.4,1.6,5.9
22103,2025-10-17 0:00,10.8,75,2.5,1.7,5.9
22103,2025-10-17 1:00,11.4,70,3.1,1.9,6.7
22103,2025-10-17 2:00,11.3,71,3,2.1,7.7
22103,2025-10-17 3:00,10.9,70,3.5,2,7.7
22103,2025-10-17 4:00,10.5,68,2.7,1.9,7.1
22103,2025-10-17 6:00,10.9,71,2.5,1.8,6.3
22103,2025-10-17 7:00,11.4,70,2.8,1.7,6.7
22103,2025-10-17 8:00,9,69,2.4,1.7,5.9
22103,2025-10-17 9:00,8.9,58,2.6,1.8,6.3
22103,2025-10-17 10:00,8.8,62,2.7,1.7,5.6
22103,2025-10-17 11:00,8.6,60,2.5,1.5,7.1
22103,2025-10-17 12:00,8.4,61,3,1.4,5.6
22103,2025-10-17 13:00,8.9,78,2.5,1.4,5.6
22103,2025-10-17 14:00,8.6,69,2.2,1.4,5.9
22103,2025-10-17 15:00,9.1,73,2,1.5,5.9
22103,2025-10-17 16:00,9.4,77,2.2,1.4,5.3
22103,2025-10-17 17:00,9.3,79,2.1,1.4,6.3
22103,2025-10-17 18:00,8.9,85,2.4,1.5,5.9
22103,2025-10-17 19:00,9.3,89,1.9,1.4,6.3
22103,2025-10-17 20:00,6.9,100,2.5,1.5,5.6
22103,2025-10-17 21:00,6.4,94,2.4,1.5,5.6
22103,2025-10-17 22:00,4,99,1.8,1.3,5.6
22103,2025-10-17 23:00,5.2,144,1.9,1.2,5.9
22103,2025-10-18 0:00,3.6,162,1.9,1.2,6.3
22103,2025-10-18 1:00,0.3,116,1.7,1.1,5.9
22103,2025-10-18 2:00,2.4,183,1.4,1,6.3
22103,2025-10-18 3:00,3.2,255,1.3,1,5.9
22103,2025-10-18 4:00,2.6,274,1.2,0.8,5.9
22103,2025-10-18 5:00,5.8,271,1.1,0.8,5.9
22103,2025-10-18 6:00,6.2,290,1,0.7,5.9
22103,2025-10-18 7:00,7.1,301,1.1,0.7,4.8
22103,2025-10-18 8:00,6.4,315,1.2,0.8,3.8
22103,2025-10-18 9:00,6.4,295,1.1,0.8,7.1
22103,2025-10-18 10:00,6,285,1.4,0.7,4
22103,2025-10-18 11:00,7,305,0.9,0.7,4.5
22103,2025-10-18 12:00,8.5,319,1.2,0.7,5
22103,2025-10-18 13:00,9,327,1.2,0.8,5.3
22103,2025-10-18 14:00,8.1,337,1.3,0.9,2.9
22103,2025-10-18 15:00,8.8,333,1.4,0.9,3.2
22103,2025-10-18 16:00,8.5,341,1.2,0.9,3.6
22103,2025-10-18 17:00,8.7,337,1.5,1,3.7
22103,2025-10-18 18:00,9.1,351,1.4,0.9,4
22103,2025-10-18 19:00,7.7,5,1.6,0.9,3.8
22103,2025-10-18 20:00,7.2,2,1.5,1,4.2
22103,2025-10-18 21:00,7.1,16,1.4,0.9,3.8
22103,2025-10-18 22:00,7.4,41,1.3,0.9,3.8
22103,2025-10-18 23:00,8.4,52,1.6,0.9,4
22103,2025-10-19 0:00,8.8,63,1.6,1,4.8
22103,2025-10-19 1:00,10.1,63,1.8,1,5
22103,2025-10-19 2:00,10.9,61,2.9,1.5,6.7
22103,2025-10-19 3:00,10.6,56,2.8,1.8,6.7
22103,2025-10-19 4:00,11,55,2.5,1.7,6.7
22103,2025-10-19 5:00,11.9,61,2.7,1.7,7.1
22103,2025-10-19 6:00,12.9,61,2.7,1.7,5.9
22103,2025-10-19 7:00,12,66,3.4,1.8,5.9
22103,2025-10-19 8:00,11.6,60,3,1.9,7.1
22103,2025-10-19 9:00,11.9,61,3.1,1.9,6.3
22103,2025-10-19 10:00,12.3,62,3.1,1.9,6.7
22103,2025-10-19 11:00,10.2,56,2.9,1.9,5.9
22103,2025-10-19 12:00,9.8,55,2.6,1.8,6.3
22103,2025-10-19 13:00,10.3,59,4.4,1.8,7.7
22103,2025-10-19 14:00,9.8,60,2.4,1.8,7.7
22103,2025-10-19 15:00,9.8,61,2.6,1.7,7.7
22103,2025-10-19 16:00,9,54,2.7,1.6,7.1
22103,2025-10-19 17:00,8.8,37,2,1.4,7.1
22103,2025-10-19 18:00,7.4,25,2.1,1.5,7.7
22103,2025-10-19 19:00,6.7,55,2.3,1.3,7.1
22103,2025-10-19 20:00,5.1,44,2.2,1.3,7.7
22103,2025-10-19 21:00,5.4,32,2,1.2,7.1
22103,2025-10-19 22:00,6.1,1,2,1.2,7.1
22103,2025-10-19 23:00,5.3,359,1.5,1.1,7.7
22103,2025-10-20 0:00,7,347,1.7,1,8.3
22103,2025-10-20 1:00,8.5,341,1.3,1,5.9
22103,2025-10-20 2:00,8.5,342,1.6,1.1,5.6
22103,2025-10-20 3:00,8.2,344,1.4,1.1,6.3
22103,2025-10-20 4:00,8.8,347,1.8,1.1,3.6
22103,2025-10-20 5:00,8.9,351,1.6,1.1,3.7
22103,2025-10-20 6:00,8.6,343,1.6,1.1,4.2
22103,2025-10-20 7:00,8.3,352,1.7,1.2,4.2
22103,2025-10-20 8:00,7.6,357,1.7,1.2,4.5
22103,2025-10-20 9:00,7,14,1.7,1.2,4.5
22103,2025-10-20 10:00,6.6,20,1.8,1.2,4.3
22103,2025-10-20 11:00,7.4,18,1.7,1.2,4.8
22103,2025-10-20 12:00,7.3,13,1.4,1.1,4.5
22103,2025-10-20 13:00,7,16,1.7,1,6.3
22103,2025-10-20 14:00,5.6,6,1.5,1,4.2
22103,2025-10-20 15:00,5.3,5,1.5,0.9,5.9
22103,2025-10-20 16:00,5,11,1.5,0.9,6.3
22103,2025-10-20 17:00,4.7,27,1.3,0.8,6.3
22103,2025-10-20 18:00,6.6,36,1.7,0.9,6.3
22103,2025-10-20 20:00,9.6,62,2.4,1.1,5.9
22103,2025-10-20 21:00,7.3,14,2.5,1.4,6.3
22103,2025-10-20 22:00,9.4,58,2.5,1.5,6.7
22103,2025-10-20 23:00,8.9,53,2.5,1.6,7.7
22103,2025-10-21 0:00,9.2,54,2.2,1.6,6.7
22103,2025-10-21 1:00,9.4,46,2.2,1.5,7.1
22103,2025-10-21 2:00,8.6,32,2.1,1.4,7.1
22103,2025-10-21 3:00,8.6,37,2,1.5,7.1
22103,2025-10-21 4:00,8.2,29,2.3,1.4,7.1
22103,2025-10-21 5:00,9,33,2.2,1.3,8.3
22103,2025-10-21 6:00,9,31,2.4,1.3,7.1
22103,2025-10-21 7:00,9.2,34,2.1,1.4,4.3
22103,2025-10-21 8:00,9.1,36,1.9,1.5,7.7
22103,2025-10-21 9:00,9.6,43,2.4,1.5,7.7
22103,2025-10-21 10:00,8.5,32,2.7,1.6,8.3
22103,2025-10-21 11:00,8.1,45,2.3,1.5,5.9
22103,2025-10-21 12:00,7.2,37,2.1,1.4,7.7
22103,2025-10-21 13:00,8,17,2,1.4,7.7
22103,2025-10-21 14:00,7.9,15,1.9,1.3,6.7
22103,2025-10-21 15:00,8.1,15,2.1,1.3,7.1
22103,2025-10-21 16:00,8.6,14,2.3,1.4,6.7
22103,2025-10-21 17:00,8.3,24,2.3,1.4,7.1
22103,2025-10-21 18:00,8.1,25,2.3,1.5,7.7
22103,2025-10-21 19:00,8.4,28,2.5,1.7,6.7
22103,2025-10-21 20:00,8.1,19,2.6,1.8,8.3
22103,2025-10-21 21:00,7.2,23,2.8,1.6,9.1
22103,2025-10-21 22:00,8.1,15,2.2,1.4,6.7
22103,2025-10-21 23:00,8.5,23,2.5,1.5,9.1
22103,2025-10-22 0:00,8.5,25,2,1.4,7.7
22103,2025-10-22 1:00,8.1,38,2.2,1.3,7.1
22103,2025-10-22 2:00,8.7,37,1.9,1.4,7.1
22103,2025-10-22 3:00,8.9,31,1.9,1.3,6.3
22103,2025-10-22 4:00,9.2,35,2.2,1.3,7.1
22103,2025-10-22 5:00,9.3,35,2.1,1.4,6.7
22103,2025-10-22 6:00,9.6,44,2.4,1.5,6.7
22103,2025-10-22 7:00,10.8,47,2.3,1.6,7.7
22103,2025-10-22 8:00,10.7,45,2.7,1.8,6.7
22103,2025-10-22 9:00,9.8,48,2.7,1.7,5.9
22103,2025-10-22 10:00,9.7,46,2.4,1.6,7.7
22103,2025-10-22 11:00,9.4,49,2.4,1.7,7.7
22103,2025-10-22 12:00,9.4,43,2.4,1.6,5.6
22103,2025-10-22 13:00,9.3,45,2.1,1.6,5.6
22103,2025-10-22 14:00,9.5,52,2.5,1.4,6.3
22103,2025-10-22 15:00,9.8,46,2.3,1.5,5.3
22103,2025-10-22 16:00,9.4,60,2.3,1.5,6.7
22103,2025-10-22 17:00,10.7,61,2.5,1.6,5.9
22103,2025-10-22 18:00,10.4,59,2.6,1.9,6.7
22103,2025-10-22 19:00,10.8,64,2.4,1.6,6.3
22103,2025-10-22 20:00,11.6,56,2.3,1.4,7.1
22103,2025-10-22 21:00,10.4,62,2.3,1.5,6.7
22103,2025-10-22 22:00,10.5,59,2.6,1.6,7.1
22103,2025-10-22 23:00,11.2,57,2.4,1.5,6.7
22103,2025-10-23 0:00,10.5,56,2.4,1.6,7.1
22103,2025-10-23 1:00,10.1,49,2.2,1.5,7.7
22103,2025-10-23 2:00,10.5,43,2.4,1.6,7.1
22103,2025-10-23 3:00,9.8,46,2.5,1.6,7.1
22103,2025-10-23 4:00,10.4,45,3,1.7,6.7
22103,2025-10-23 5:00,10.2,43,2.7,1.9,7.1
22103,2025-10-23 6:00,10,43,3.2,1.9,7.7
22103,2025-10-23 7:00,10.1,45,2.7,1.9,7.7
22103,2025-10-23 8:00,10.5,43,3.2,1.8,7.7
22103,2025-10-23 9:00,10.3,46,2.8,1.8,7.7
22103,2025-10-23 10:00,9.8,45,2.2,1.7,7.1
22103,2025-10-23 11:00,9.8,40,2.6,1.6,6.7
22103,2025-10-23 12:00,8.4,38,2.2,1.5,7.1
22103,2025-10-23 13:00,8.5,50,2.4,1.6,7.1
22103,2025-10-23 14:00,9.2,44,2.3,1.5,7.7
22103,2025-10-23 15:00,8.5,45,3.2,1.7,7.7
22103,2025-10-23 16:00,7.8,54,2.3,1.7,7.1
22103,2025-10-23 17:00,7.5,50,2.2,1.6,7.7
22103,2025-10-23 18:00,7.3,56,2.2,1.5,6.3
22103,2025-10-23 19:00,7.1,52,2.2,1.5,7.1
22103,2025-10-23 20:00,7.1,54,2.3,1.6,7.1
22103,2025-10-23 21:00,6.9,55,2.4,1.4,6.7
22103,2025-10-23 22:00,7.1,45,2.4,1.4,8.3
22103,2025-10-23 23:00,6.6,57,2.3,1.5,8.3
22103,2025-10-24 0:00,6.7,55,2.5,1.5,8.3
22103,2025-10-24 1:00,6.7,43,1.8,1.3,8.3
22103,2025-10-24 2:00,7.2,41,2.2,1.3,7.1
22103,2025-10-24 3:00,7.2,27,2.4,1.3,7.1
22103,2025-10-24 4:00,7.8,26,2.3,1.3,7.7
22103,2025-10-24 5:00,8.2,29,2,1.4,8.3
22103,2025-10-24 6:00,7.9,33,2.3,1.4,6.7
22103,2025-10-24 7:00,8.1,32,2.5,1.4,7.1
22103,2025-10-24 8:00,8.3,39,2.5,1.4,7.7
22103,2025-10-24 9:00,8.7,41,2.5,1.4,5.9
22103,2025-10-24 10:00,9.2,44,2.5,1.6,7.1
22103,2025-10-24 11:00,8.6,46,2.3,1.6,6.7
22103,2025-10-24 12:00,7.6,50,2.6,1.5,7.1
22103,2025-10-24 13:00,7.9,47,1.7,1.2,7.1
22103,2025-10-24 14:00,7.6,44,2,1.2,6.3
22103,2025-10-24 15:00,6.4,42,1.5,1.1,7.1
22103,2025-10-24 16:00,6.6,42,1.6,1.1,6.3
22103,2025-10-24 17:00,6.7,44,1.9,1,7.7
22103,2025-10-24 18:00,6.8,47,1.7,1.1,7.7
22103,2025-10-24 19:00,8.7,60,2.1,1.4,6.7
22103,2025-10-24 20:00,8.7,55,2,1.4,6.3
22103,2025-10-24 21:00,8.1,52,2.2,1.5,6.3
22103,2025-10-24 22:00,8.4,54,2.1,1.4,6.7
22103,2025-10-24 23:00,9.6,51,2.1,1.4,5.6
22103,2025-10-25 0:00,8.6,54,2,1.3,5.9
22103,2025-10-25 1:00,8.6,42,2.2,1.3,6.3
22103,2025-10-25 2:00,8.2,41,2.3,1.4,9.1
22103,2025-10-25 3:00,8.4,32,2,1.4,9.1
22103,2025-10-25 4:00,7.7,26,1.7,1.4,9.1
22103,2025-10-25 5:00,6.9,26,1.7,1.2,6.3
22103,2025-10-25 6:00,7.7,26,1.8,1.2,5
22103,2025-10-25 7:00,7.1,32,2,1.1,6.3
22103,2025-10-25 8:00,6.4,31,1.8,1.2,8.3
22103,2025-10-25 9:00,6.3,17,2.2,1.2,8.3
22103,2025-10-25 10:00,5.8,24,1.8,1.3,8.3
22103,2025-10-25 11:00,5.2,26,1.9,1.1,8.3
22103,2025-10-25 12:00,4.9,9,1.6,1.1,7.7
22103,2025-10-25 13:00,4.8,9,1.5,1,8.3
22103,2025-10-25 14:00,4.1,13,1.2,0.9,8.3
22103,2025-10-25 15:00,3.8,355,1.1,0.8,7.7
22103,2025-10-25 16:00,3.3,352,1.3,0.8,7.7
22103,2025-10-25 17:00,3.1,348,1.3,0.8,7.7
22103,2025-10-25 18:00,3.7,353,1.4,0.8,7.7
22103,2025-10-25 19:00,3.9,358,1.4,0.8,8.3
22103,2025-10-25 20:00,3.5,348,1,0.8,7.7
22103,2025-10-25 21:00,6.1,348,1.2,0.8,7.1
22103,2025-10-25 22:00,6.5,342,1,0.8,7.7
22103,2025-10-25 23:00,6.1,343,1.2,0.8,7.1
22103,2025-10-26 0:00,5.4,348,1.1,0.8,7.1
22103,2025-10-26 1:00,6.5,350,1.1,0.8,6.7
22103,2025-10-26 2:00,6.9,340,1.1,0.8,6.7
22103,2025-10-26 3:00,7.2,347,1,0.7,3.1
22103,2025-10-26 4:00,8,350,1.3,0.8,3.2
22103,2025-10-26 5:00,8,351,1.1,0.8,3.4
22103,2025-10-26 6:00,8,351,1.2,0.9,3.3
22103,2025-10-26 7:00,6.9,352,1.2,0.8,3.4
22103,2025-10-26 8:00,7.8,338,1.6,0.9,4
22103,2025-10-26 9:00,7,348,1.3,0.9,3.8
22103,2025-10-26 10:00,5.3,348,1.2,0.9,3.8
22103,2025-10-26 11:00,5.1,333,1.1,0.8,4
22103,2025-10-26 12:00,5,339,1.2,0.7,3.8
22103,2025-10-26 13:00,6,337,1,0.7,4.2
22103,2025-10-26 14:00,6.2,323,1.2,0.7,4.8
22103,2025-10-26 15:00,7.3,327,1,0.7,4.3
22103,2025-10-26 16:00,9.4,335,1.1,0.7,7.7
22103,2025-10-26 17:00,9.8,331,1.2,0.8,3.6
22103,2025-10-26 18:00,10.7,333,1.7,1,4
22103,2025-10-26 19:00,10.7,339,1.7,1.1,4
22103,2025-10-26 20:00,8.6,331,1.7,1.1,4.3
22103,2025-10-26 21:00,9.6,334,1.7,1,4.2
22103,2025-10-26 22:00,10,334,1.6,1,4.2
22103,2025-10-26 23:00,9.7,342,1.6,1.1,4.5
22103,2025-10-27 0:00,9.9,326,1.5,1.1,4.3
22103,2025-10-27 1:00,8.9,328,1.6,1,4.2
22103,2025-10-27 2:00,8.5,326,1.5,1,4.2
22103,2025-10-27 3:00,9.3,330,1.2,0.9,4
22103,2025-10-27 4:00,9.9,329,1.6,0.9,3.8
22103,2025-10-27 5:00,10.7,339,1.6,1,3.6
22103,2025-10-27 6:00,10.6,331,1.6,1.1,3.8
22103,2025-10-27 7:00,10.8,328,1.9,1.1,4.3
22103,2025-10-27 8:00,10.1,323,2.2,1.1,4.2
22103,2025-10-27 9:00,11.6,327,1.7,1.2,4.2
22103,2025-10-27 10:00,10.4,330,2,1.2,4.2
22103,2025-10-27 11:00,10.2,330,1.8,1.3,4.5
22103,2025-10-27 12:00,11.4,330,1.9,1.2,4.3
22103,2025-10-27 13:00,9.9,330,1.8,1.3,5
22103,2025-10-27 14:00,9.7,327,2.2,1.4,4.5
22103,2025-10-27 15:00,7.6,336,1.9,1.2,4.5
22103,2025-10-27 16:00,8.4,327,1.9,1.2,4.5
22103,2025-10-27 17:00,8.4,326,1.8,1.1,4.3
22103,2025-10-27 18:00,9.6,330,1.6,1.1,4
22103,2025-10-27 19:00,10.9,344,2.2,1.2,4
22103,2025-10-27 20:00,10.2,333,2.1,1.3,4.2
22103,2025-10-27 21:00,9.6,337,2.1,1.3,3.8
22103,2025-10-27 22:00,10.3,343,2.2,1.3,4.3
22103,2025-10-27 23:00,8.2,333,1.7,1.1,3.8
22103,2025-10-28 0:00,7.9,348,1.6,1.1,4
22103,2025-10-28 1:00,9.8,348,1.5,1,4.2
22103,2025-10-28 2:00,9.6,354,1.7,1,3.8
22103,2025-10-28 3:00,8,352,1.5,1,4
22103,2025-10-28 4:00,9.4,358,1.3,1,4.2
22103,2025-10-28 5:00,7.3,356,1.4,1,3.8
22103,2025-10-28 6:00,9.1,10,1.6,0.9,4.3
22103,2025-10-28 7:00,8.2,7,1.3,1,4.3
22103,2025-10-28 8:00,9.7,5,1.4,1,4.3
22103,2025-10-28 9:00,10,4,1.4,0.9,4.3
22103,2025-10-28 10:00,9.8,358,1.5,1,4
22103,2025-10-28 11:00,7.6,359,1.4,1,4.2
22103,2025-10-28 12:00,7.2,357,1.2,0.9,4.2
22103,2025-10-28 13:00,5.3,9,1.4,0.8,4.2
22103,2025-10-28 14:00,5.6,13,1,0.7,3.8
22103,2025-10-28 15:00,4.9,30,1.1,0.7,3.8
22103,2025-10-28 16:00,4.5,23,1,0.6,8.3
22103,2025-10-28 17:00,3.6,28,0.9,0.6,9.1
22103,2025-10-28 18:00,4.4,38,0.7,0.5,6.3
22103,2025-10-28 19:00,4,59,0.9,0.5,7.1
22103,2025-10-28 20:00,5.3,42,0.8,0.5,6.3
22103,2025-10-28 21:00,5.4,40,0.9,0.6,7.7
22103,2025-10-28 22:00,4.3,63,0.7,0.5,6.7
22103,2025-10-28 23:00,6.7,60,0.8,0.5,5.3
22103,2025-10-29 0:00,6.9,43,0.8,0.6,5
22103,2025-10-29 1:00,7.4,37,1.2,0.7,4.8
22103,2025-10-29 2:00,7,47,1.2,0.7,3.6
22103,2025-10-29 3:00,7.7,40,1.1,0.8,4.8
22103,2025-10-29 4:00,6.8,54,1.1,0.8,5
22103,2025-10-29 5:00,7.8,40,1.1,0.8,4.3
22103,2025-10-29 6:00,7.8,49,1.3,0.8,4.3
22103,2025-10-29 7:00,7.9,56,1.4,0.8,4.5
22103,2025-10-29 8:00,7.3,52,1.6,0.9,4.5
22103,2025-10-29 9:00,7,56,1.2,1,4.8
22103,2025-10-29 10:00,7.3,57,1.6,0.9,4.8
22103,2025-10-29 11:00,7.3,53,1.4,0.9,5
22103,2025-10-29 12:00,7.6,45,1.3,0.9,5
22103,2025-10-29 13:00,6.9,53,1.6,1,5
22103,2025-10-29 14:00,6.6,62,1.6,1,5
22103,2025-10-29 15:00,7,60,1.8,0.9,5.3
22103,2025-10-29 16:00,7.9,57,1.3,1,5.6
22103,2025-10-29 17:00,8.4,55,1.5,1,5.6
22103,2025-10-29 18:00,8,51,1.5,1,5
22103,2025-10-29 19:00,7.7,74,1.7,1.1,5.9
22103,2025-10-29 20:00,8.8,67,1.8,1.1,5.9
22103,2025-10-29 21:00,8.1,64,1.7,1.2,5.9
22103,2025-10-29 22:00,9.1,63,1.9,1.3,5.9
22103,2025-10-29 23:00,7.8,49,1.9,1.2,6.3
22103,2025-10-30 0:00,7.8,49,2.1,1.3,6.3
22103,2025-10-30 1:00,7.9,51,2,1.4,5.9
22103,2025-10-30 2:00,8,53,2.3,1.3,6.7
22103,2025-10-30 3:00,6.9,46,1.8,1.4,5.9
22103,2025-10-30 4:00,7.3,44,2,1.2,5.9
22103,2025-10-30 5:00,7.3,50,2,1.2,6.3
22103,2025-10-30 6:00,6.6,48,1.6,1.2,6.3
22103,2025-10-30 7:00,7.5,52,1.9,1.1,6.3
22103,2025-10-30 8:00,6.8,58,1.4,1,6.3
22103,2025-10-30 9:00,6.3,60,1.6,1,6.3
22103,2025-10-30 10:00,5.9,59,1.1,0.9,5.9
22103,2025-10-30 11:00,5.7,54,1.2,0.8,5.6
22103,2025-10-30 12:00,6.4,61,1.3,0.8,5.3
22103,2025-10-30 13:00,6.8,56,1.1,0.8,5.3
22103,2025-10-30 14:00,5.7,50,0.9,0.8,4.8
22103,2025-10-30 15:00,5.6,55,1,0.7,5.3
22103,2025-10-30 16:00,6.3,47,1.1,0.7,5
22103,2025-10-30 17:00,5.7,56,1,0.7,5
22103,2025-10-30 18:00,6.4,47,0.9,0.7,4.8
22103,2025-10-30 19:00,6.7,54,1,0.7,4.8
22103,2025-10-30 20:00,6.4,46,1.1,0.7,5
22103,2025-10-30 21:00,6.1,51,1.1,0.7,5
22103,2025-10-30 22:00,4.9,61,0.9,0.6,4.5
22103,2025-10-30 23:00,5.1,58,0.9,0.6,5.6
22103,2025-10-31 0:00,5.1,55,1,0.6,5
22103,2025-10-31 1:00,5.4,56,0.8,0.6,5
22103,2025-10-31 2:00,4.9,66,0.9,0.6,4.5
22103,2025-10-31 3:00,5.9,71,1,0.6,9.1
22103,2025-10-31 4:00,5.8,68,1,0.7,9.1
22103,2025-10-31 5:00,5.7,66,1.2,0.7,8.3
22103,2025-10-31 6:00,5.6,44,1,0.8,8.3
22103,2025-10-31 7:00,5.6,26,1.1,0.7,9.1
22103,2025-10-31 8:00,6.5,20,1.2,0.7,7.7
22103,2025-10-31 9:00,6,22,1.2,0.7,9.1
22103,2025-10-31 10:00,6,38,1.1,0.8,7.7
22103,2025-10-31 11:00,5.4,28,1.2,0.7,7.1
22103,2025-10-31 12:00,5.3,46,1.1,0.7,7.7
22103,2025-10-31 13:00,4.3,42,0.9,0.7,3.7
22103,2025-10-31 14:00,4.1,28,1,0.6,3.7
22103,2025-10-31 15:00,2.5,21,0.9,0.6,7.7
22103,2025-10-31 16:00,2.7,23,0.8,0.6,4
22103,2025-10-31 17:00,2.7,346,0.8,0.6,4.5
22103,2025-10-31 18:00,2.3,325,0.8,0.6,10.5
22103,2025-10-31 19:00,4.1,303,0.6,0.5,10
22103,2025-10-31 20:00,4.8,285,0.7,0.5,10
22103,2025-10-31 21:00,7.1,322,0.9,0.5,9.1
22103,2025-10-31 22:00,6.9,324,0.9,0.6,10
22103,2025-10-31 23:00,7.9,322,1.2,0.7,2.9
22103,2025-11-01 0:00,9.4,316,1.5,0.8,3.8
22103,2025-11-01 1:00,7,321,1.2,0.9,3.7
22103,2025-11-01 2:00,11.6,310,1.7,0.9,4.2
22103,2025-11-01 3:00,9.7,311,1.7,1.1,3.7
22103,2025-11-01 4:00,10.4,310,1.7,1.1,4.3
22103,2025-11-01 5:00,12.4,308,1.8,1.2,4.3
22103,2025-11-01 6:00,11.6,321,1.9,1.2,5
22103,2025-11-01 7:00,10.3,327,2.4,1.3,4.8
22103,2025-11-01 8:00,10.5,324,2.1,1.4,4.8
22103,2025-11-01 9:00,9.6,318,1.7,1.4,5.3
22103,2025-11-01 10:00,11.7,318,2,1.3,4.2
22103,2025-11-01 11:00,9.5,317,1.8,1.3,4
22103,2025-11-01 12:00,9.5,310,1.8,1.2,4.2
22103,2025-11-01 13:00,8.9,303,1.4,1.2,3.6
22103,2025-11-01 14:00,9.2,303,1.4,1,3.7
22103,2025-11-01 15:00,9.2,297,1.7,1.1,3.6
22103,2025-11-01 16:00,9.4,294,1.5,1,5
22103,2025-11-01 17:00,9.4,301,1.9,1,4
22103,2025-11-01 18:00,8.2,312,1.9,1.2,5.3
22103,2025-11-01 19:00,7.4,311,2,1.2,5.3
22103,2025-11-01 20:00,8.5,299,1.7,1.1,5.3
22103,2025-11-01 21:00,8.6,307,1.7,1.1,5.3
22103,2025-11-01 22:00,8.5,314,1.6,1.1,5.3
22103,2025-11-01 23:00,8.4,304,1.4,1,5.3
22103,2025-11-02 0:00,8.4,302,1.4,0.9,4.8
22103,2025-11-02 1:00,8.3,293,1.6,1,3.7
22103,2025-11-02 2:00,7.9,300,1.7,1.1,4.2
22103,2025-11-02 3:00,8.3,295,1.7,1,4.2
22103,2025-11-02 4:00,8.5,294,1.7,1,3.8
22103,2025-11-02 5:00,8.8,295,1.9,0.9,3.8
22103,2025-11-02 6:00,9.2,303,1.7,1,4.5
22103,2025-11-02 7:00,8.8,302,1.6,1.1,5.3
22103,2025-11-02 9:00,8.8,320,1.7,1,5
22103,2025-11-02 10:00,8.3,319,1.6,1,4.8
22103,2025-11-02 11:00,9.6,319,1.5,1,3.6
22103,2025-11-02 12:00,9.9,314,1.5,1,3.4
22103,2025-11-02 13:00,10.4,310,1.5,1,3.8
22103,2025-11-02 14:00,11.8,318,1.8,1.2,3.7
22103,2025-11-02 15:00,11.8,319,2.7,1.3,3.8
22103,2025-11-02 16:00,11.2,311,2,1.5,4.5
22103,2025-11-02 17:00,11.1,318,2.6,1.5,5
22103,2025-11-02 18:00,11.7,322,2.4,1.6,5
22103,2025-11-02 19:00,12.3,320,2.7,1.6,5.6
22103,2025-11-02 20:00,10.9,323,2.9,1.6,5.6
22103,2025-11-02 21:00,11.4,319,2.6,1.6,5
22103,2025-11-02 22:00,10.6,330,2.6,1.7,5.3
22103,2025-11-02 23:00,10.9,329,2.4,1.5,4.5
22103,2025-11-03 0:00,11.7,331,2,1.5,4.5
22103,2025-11-03 1:00,12,327,2.1,1.4,4.2
22103,2025-11-03 2:00,10.9,332,2,1.3,4.5
22103,2025-11-03 3:00,9.6,340,2.1,1.2,4
22103,2025-11-03 4:00,10,346,2,1.2,4.2
22103,2025-11-03 5:00,9.4,350,1.6,1.2,4.3
22103,2025-11-03 6:00,8,346,1.6,1.1,4.3
22103,2025-11-03 7:00,6.3,2,1.5,1,4.5
22103,2025-11-03 8:00,5.6,8,1.3,0.9,4.2
22103,2025-11-03 9:00,6.2,25,1.3,0.9,4.2
22103,2025-11-03 10:00,5,39,1.2,0.7,3.8
22103,2025-11-03 11:00,5.6,48,1,0.7,3.7
22103,2025-11-03 12:00,5.3,66,1.2,0.7,3.3
22103,2025-11-03 13:00,4.3,58,1.1,0.7,4.8
22103,2025-11-03 14:00,4,30,1.1,0.7,5.3
22103,2025-11-03 15:00,4.8,44,0.9,0.7,8.3
22103,2025-11-03 16:00,4.2,34,0.9,0.7,10.5
22103,2025-11-03 17:00,4.5,33,0.9,0.6,10
22103,2025-11-03 18:00,5.1,42,1,0.6,5
22103,2025-11-03 19:00,5.3,33,1,0.6,6.7
22103,2025-11-03 20:00,6.5,16,1,0.7,10
22103,2025-11-03 21:00,5.8,4,1.1,0.7,4.5
22103,2025-11-03 22:00,5.9,7,1.3,0.8,11.8
22103,2025-11-03 23:00,5.4,121,1.5,0.9,6.7
22103,2025-11-04 0:00,2.9,186,1.6,1.1,5.6
22103,2025-11-04 1:00,5.3,112,1.7,1.1,6.7
22103,2025-11-04 2:00,5,121,1.9,1.1,5.9
22103,2025-11-04 3:00,4.9,125,2.4,1.2,6.3
22103,2025-11-04 4:00,5.8,111,1.7,1.2,6.7
22103,2025-11-04 5:00,5.9,101,1.7,1.1,6.3
22103,2025-11-04 6:00,5.5,63,1.6,1.2,5.9
22103,2025-11-04 7:00,6,65,1.5,1,5.6
22103,2025-11-04 8:00,7.3,70,1.5,1,5.3
22103,2025-11-04 9:00,7.1,72,1.4,0.9,5.9
22103,2025-11-04 10:00,5.3,71,1.3,1,5.6
22103,2025-11-04 11:00,5.3,80,1.3,0.9,5
22103,2025-11-04 12:00,4.9,84,1.3,0.9,10
22103,2025-11-04 13:00,4.8,73,1.5,0.9,10.5
22103,2025-11-04 14:00,4.4,81,1.2,0.7,10
22103,2025-11-04 15:00,4.8,78,1,0.7,4.8
22103,2025-11-04 16:00,3.7,93,1.2,0.7,4.5
22103,2025-11-04 17:00,3.4,63,1,0.7,10.5
22103,2025-11-04 18:00,4.3,65,0.9,0.7,10.5
22103,2025-11-04 19:00,4.6,54,0.9,0.6,4.5
22103,2025-11-04 20:00,4,54,0.9,0.6,4.2
22103,2025-11-04 21:00,3.6,51,0.8,0.6,3.8
22103,2025-11-04 22:00,5,43,0.7,0.5,10.5
22103,2025-11-04 23:00,4.7,50,0.8,0.5,10.5
22103,2025-11-05 0:00,5.1,54,0.8,0.5,10
22103,2025-11-05 1:00,5,48,0.7,0.5,10.5
22103,2025-11-05 2:00,4.4,42,0.6,0.5,10.5
22103,2025-11-05 3:00,4.2,38,0.7,0.4,10.5
22103,2025-11-05 4:00,6,38,0.8,0.5,10
22103,2025-11-05 5:00,6.2,32,0.9,0.5,9.1
22103,2025-11-05 6:00,7,32,0.8,0.6,9.1
22103,2025-11-05 7:00,7,44,0.9,0.6,3.3
22103,2025-11-05 8:00,6.6,47,1,0.7,3.3
22103,2025-11-05 9:00,6.6,50,1.1,0.7,3.4
22103,2025-11-05 10:00,6.5,54,1.1,0.7,3.4
22103,2025-11-05 11:00,6.1,57,1.3,0.8,4.3
22103,2025-11-05 12:00,6.2,58,1.1,0.8,4.5
22103,2025-11-05 13:00,6.7,44,1.1,0.8,4.8
22103,2025-11-05 14:00,7,35,1.3,0.8,5.3
22103,2025-11-05 15:00,6.8,40,1.6,0.9,5.3
22103,2025-11-05 16:00,7.1,44,1.6,0.9,5.6
22103,2025-11-05 17:00,7.3,58,1.5,1,5.6
22103,2025-11-05 18:00,7.3,44,2,1.1,5.6
22103,2025-11-05 19:00,7.1,54,1.7,1.1,5.6
22103,2025-11-05 20:00,6.7,52,1.6,1.1,5.6
22103,2025-11-05 21:00,6.9,55,1.7,1.1,5.6
22103,2025-11-05 22:00,6.4,49,1.5,1.3,5.9
22103,2025-11-05 23:00,7.2,50,1.5,1.1,5.9
22103,2025-11-06 0:00,7.2,44,1.6,1.1,5.9
22103,2025-11-06 1:00,7.3,37,1.7,1.1,6.7
22103,2025-11-06 2:00,7,34,1.7,1.1,6.3
22103,2025-11-06 3:00,7.4,26,2.3,1.2,6.3
22103,2025-11-06 4:00,6.9,29,1.9,1.2,6.3
22103,2025-11-06 5:00,7.1,26,1.8,1.2,6.7
22103,2025-11-06 6:00,6.8,28,1.6,1.2,6.3
22103,2025-11-06 8:00,6.7,29,1.7,1.1,5.9
22103,2025-11-06 9:00,6.6,32,1.7,1.1,5.9
22103,2025-11-06 10:00,5.9,34,1.7,1.1,5.6
22103,2025-11-06 11:00,5.6,34,1.4,1,5.3
22103,2025-11-06 12:00,5.5,30,1.6,1,5.3
22103,2025-11-06 13:00,4.4,22,1.3,0.9,6.7
22103,2025-11-06 14:00,5.1,21,1.2,0.9,5.6
22103,2025-11-06 15:00,5.1,28,1.4,0.8,5.9
22103,2025-11-06 16:00,5.5,43,1,0.7,6.3
22103,2025-11-06 17:00,5.3,41,0.9,0.6,5.6
22103,2025-11-06 18:00,4.5,56,1.1,0.6,5.9
22103,2025-11-06 19:00,3.1,58,0.8,0.6,5.9
22103,2025-11-06 20:00,4.2,64,1.1,0.7,5.9
22103,2025-11-06 21:00,5.6,54,0.9,0.7,5.6
22103,2025-11-06 22:00,5.8,61,1,0.7,5.9
22103,2025-11-06 23:00,6.8,70,1.3,0.7,5.9
22103,2025-11-07 0:00,7.3,64,1.3,0.8,5.9
22103,2025-11-07 1:00,7.9,73,1.5,0.9,5.9
22103,2025-11-07 2:00,7.8,63,1.5,1,6.3
22103,2025-11-07 3:00,7.4,66,1.8,1,6.3
22103,2025-11-07 4:00,7.1,70,1.7,1.1,6.3
22103,2025-11-07 5:00,7.8,54,1.7,1.2,6.3
22103,2025-11-07 6:00,6.5,66,1.5,1.2,5.9
22103,2025-11-07 7:00,6.4,70,1.5,1.1,6.3
22103,2025-11-07 8:00,8,61,1.4,1,5.9
22103,2025-11-07 9:00,8.1,62,1.4,1,5.9
22103,2025-11-07 10:00,8.1,57,1.5,0.9,5.6
22103,2025-11-07 11:00,7.3,58,1.4,1,5.9
22103,2025-11-07 12:00,6.6,61,1.5,0.9,5.6
22103,2025-11-07 13:00,6.5,60,1.7,0.9,5.9
22103,2025-11-07 14:00,6.4,58,1.3,1,5.6
22103,2025-11-07 15:00,7,61,1.2,0.9,5.6
22103,2025-11-07 16:00,8,60,1.3,0.8,5.6
22103,2025-11-07 17:00,8.2,74,1.7,0.8,6.3
22103,2025-11-07 18:00,8.5,71,1.7,0.9,6.3
22103,2025-11-07 19:00,9.2,72,2,0.9,5.9
22103,2025-11-07 20:00,10,73,2,1.1,5.9
22103,2025-11-07 21:00,10.7,72,2.3,1.2,5.6
22103,2025-11-07 22:00,10.3,84,1.9,1.3,5
22103,2025-11-07 23:00,9.4,85,2.1,1.4,5.9
22103,2025-11-08 0:00,11.4,76,2.1,1.3,5.3
22103,2025-11-08 1:00,10.3,86,3,1.6,5.9
22103,2025-11-08 2:00,9.5,80,2.4,1.6,5.9
22103,2025-11-08 3:00,9.4,75,2.5,1.6,6.7
22103,2025-11-08 4:00,9.1,78,2.4,1.4,6.3
22103,2025-11-08 5:00,8.4,76,3.1,1.6,5.9
22103,2025-11-08 6:00,9.3,68,2.8,1.6,6.7
22103,2025-11-08 7:00,8.9,73,2.9,1.7,6.7
22103,2025-11-08 8:00,9.5,69,2.5,1.7,6.7
22103,2025-11-08 9:00,10.8,64,2.5,1.6,6.3
22103,2025-11-08 10:00,8,94,2.2,1.6,6.3
22103,2025-11-08 11:00,10,93,1.7,1.4,6.3
22103,2025-11-08 12:00,9.1,92,1.9,1.5,5.9
22103,2025-11-08 13:00,9.6,98,2.8,1.4,5.9
22103,2025-11-08 14:00,7.4,97,2.1,1.4,6.3
22103,2025-11-08 15:00,7.4,71,1.7,1.4,5.6
22103,2025-11-08 16:00,8.6,71,1.7,1.2,5.9
22103,2025-11-08 17:00,7.4,58,1.6,1.2,5.9
22103,2025-11-08 18:00,8.8,53,1.6,1,5.9
22103,2025-11-08 19:00,9.9,56,1.6,1.1,5.3
22103,2025-11-08 20:00,11.4,57,1.9,1.1,5
22103,2025-11-08 21:00,12.1,51,2.1,1.4,5
22103,2025-11-08 22:00,11.5,46,2.4,1.6,5.6
22103,2025-11-08 23:00,12,47,2.8,1.7,5.6
22103,2025-11-09 0:00,12.2,47,2.7,1.7,5.9
22103,2025-11-09 1:00,11.5,40,3.2,1.8,5.9
22103,2025-11-09 2:00,9.6,14,3.2,1.8,5.9
22103,2025-11-09 3:00,11.1,12,2.9,1.7,6.7
22103,2025-11-09 4:00,10.7,9,3,1.7,6.3
22103,2025-11-09 5:00,7.7,21,2.7,1.7,5.6
22103,2025-11-09 6:00,5.7,15,2.2,1.5,6.7
22103,2025-11-09 7:00,7,348,2,1.3,6.3
22103,2025-11-09 8:00,6.6,328,1.8,1.3,7.1
22103,2025-11-09 9:00,7.3,331,1.7,1.3,7.1
22103,2025-11-09 10:00,8.3,330,2.3,1.2,6.7
22103,2025-11-09 11:00,8.8,337,1.6,1.2,5.6
22103,2025-11-09 12:00,6.3,342,1.8,1.2,4
22103,2025-11-09 13:00,7.3,327,1.7,1.1,6.7
22103,2025-11-09 14:00,5.8,317,1.4,1,7.7
22103,2025-11-09 15:00,8.4,321,1.8,0.9,7.1
22103,2025-11-09 16:00,9,327,1.4,1,7.1
22103,2025-11-09 17:00,9.4,331,1.5,1.1,6.7
22103,2025-11-09 18:00,10,331,1.4,1.1,3.7
22103,2025-11-09 19:00,10.1,333,1.5,1,3.6
22103,2025-11-09 20:00,10.3,346,1.6,1,4
22103,2025-11-09 21:00,11.7,344,1.6,1.2,4
22103,2025-11-09 22:00,8.6,329,1.7,1.1,3.8
22103,2025-11-09 23:00,8.9,334,1.7,1,4.2
22103,2025-11-10 0:00,9.4,327,1.5,1,3.8
22103,2025-11-10 1:00,8.7,324,1.5,1.1,3.8
22103,2025-11-10 2:00,8.9,316,1.5,1.1,3.8
22103,2025-11-10 3:00,10.8,319,1.7,1.1,3.8
22103,2025-11-10 4:00,11.1,329,1.5,1,4.2
22103,2025-11-10 5:00,9.7,335,1.9,1.1,4
22103,2025-11-10 6:00,9.8,331,1.6,1.2,4.2
22103,2025-11-10 7:00,9.5,348,1.7,1.1,4.2
22103,2025-11-10 8:00,8.2,343,2.2,1.3,3.8
22103,2025-11-10 9:00,9.5,343,1.6,1.2,4.2
22103,2025-11-10 10:00,7.4,354,1.4,1.1,4
22103,2025-11-10 11:00,7.5,352,1.5,1,4
22103,2025-11-10 12:00,6.9,344,1.7,1,4.2
22103,2025-11-10 13:00,4.9,331,1.9,1,4.3
22103,2025-11-10 14:00,3.5,330,1.4,0.9,4.5
22103,2025-11-10 15:00,3.8,346,1.1,0.7,4.3
22103,2025-11-10 16:00,5.4,330,0.8,0.6,4
22103,2025-11-10 17:00,4.5,313,0.9,0.6,3.8
22103,2025-11-10 18:00,5.2,330,0.9,0.6,4.3
22103,2025-11-10 19:00,5,329,0.9,0.6,12.5
22103,2025-11-10 20:00,6.4,333,0.9,0.6,12.5
22103,2025-11-10 21:00,6.7,339,1,0.7,11.8
22103,2025-11-10 22:00,6.2,354,1.1,0.8,14.3
22103,2025-11-10 23:00,5.2,350,1.4,0.8,14.3
22103,2025-11-11 0:00,4.5,345,1.3,0.9,13.3
22103,2025-11-11 1:00,4,338,1.1,0.9,14.3
22103,2025-11-11 2:00,5.4,333,1.3,0.8,13.3
22103,2025-11-11 3:00,6.2,345,1.3,0.9,13.3
22103,2025-11-11 4:00,8.3,346,1.6,0.9,12.5
22103,2025-11-11 5:00,6.5,356,1.4,1.1,13.3
22103,2025-11-11 6:00,7.2,355,1.3,1.1,12.5
22103,2025-11-11 7:00,7.3,22,1.7,1,13.3
22103,2025-11-11 8:00,5.2,46,1.7,1.1,16.7
22103,2025-11-11 9:00,4.6,41,1.6,1.1,16.7
22103,2025-11-11 10:00,5.8,42,1.7,1.1,16.7
22103,2025-11-11 11:00,6.4,21,1.7,1.1,15.4
22103,2025-11-11 12:00,3.5,31,1.3,1.1,15.4
22103,2025-11-11 13:00,3.3,19,1.8,1.2,15.4
22103,2025-11-11 14:00,4.7,18,1.7,0.9,15.4
22103,2025-11-11 15:00,5.7,18,2.1,1,14.3
22103,2025-11-11 16:00,5.6,21,1.7,1.1,14.3
22103,2025-11-11 17:00,5.8,37,1.3,0.9,13.3
22103,2025-11-11 18:00,5.4,53,1.7,1,13.3
22103,2025-11-11 19:00,5.8,48,1.6,1,13.3
22103,2025-11-11 20:00,6,46,1.9,1.1,14.3
22103,2025-11-11 21:00,6.9,54,1.7,1.1,13.3
22103,2025-11-11 22:00,6.8,52,1.8,1.2,13.3
22103,2025-11-11 23:00,6.9,42,1.9,1.2,13.3
22103,2025-11-12 0:00,6.9,50,1.8,1,14.3
22103,2025-11-12 1:00,7.2,54,1.7,1.2,13.3
22103,2025-11-12 2:00,8,60,2,1.2,12.5
22103,2025-11-12 3:00,7.6,52,1.9,1.3,13.3
22103,2025-11-12 4:00,8.4,48,1.9,1.3,13.3
22103,2025-11-12 5:00,8.5,47,1.8,1.3,13.3
22103,2025-11-12 6:00,9.2,40,2.3,1.4,12.5
22103,2025-11-12 7:00,8.9,43,2.3,1.5,13.3
22103,2025-11-12 8:00,8.2,55,1.6,1.4,12.5
22103,2025-11-12 9:00,7.5,59,1.9,1.2,5.9
22103,2025-11-12 10:00,7.8,50,1.6,1.2,11.8
22103,2025-11-12 11:00,7.6,43,1.8,1.2,5.3
22103,2025-11-12 12:00,7.4,41,1.6,1.2,5.6
22103,2025-11-12 13:00,8.3,33,1.6,1,5.9
22103,2025-11-12 14:00,6.5,41,1.6,1.1,11.8
22103,2025-11-12 15:00,5.5,36,1.5,1,11.1
22103,2025-11-12 16:00,5.8,28,1.9,0.9,5.6
22103,2025-11-12 17:00,6.6,22,1.6,1,5.6
22103,2025-11-12 18:00,6.2,23,1.4,0.9,4.8
22103,2025-11-12 19:00,5.7,27,1.1,0.9,11.1
22103,2025-11-12 20:00,5.5,24,1.5,0.8,5
22103,2025-11-12 21:00,4.5,29,1.1,0.8,5.3
22103,2025-11-12 22:00,4.5,13,1,0.8,11.1
22103,2025-11-12 23:00,4.3,7,1.1,0.7,10.5
22103,2025-11-13 0:00,5.4,350,1.1,0.7,10
22103,2025-11-13 1:00,4.2,347,1.2,0.7,10
22103,2025-11-13 2:00,5,355,1,0.7,11.1
22103,2025-11-13 3:00,5.9,337,1,0.7,11.1
22103,2025-11-13 4:00,4.5,336,1.2,0.8,10.5
22103,2025-11-13 5:00,4.3,321,1.2,0.8,13.3
22103,2025-11-13 6:00,6.4,341,1.3,0.9,13.3
22103,2025-11-13 7:00,4.8,344,1.3,0.9,12.5
22103,2025-11-13 8:00,3.7,359,1.2,0.8,13.3
22103,2025-11-13 9:00,5,345,1.1,0.8,13.3
22103,2025-11-13 10:00,6.6,355,1.3,0.9,13.3
22103,2025-11-13 11:00,6.5,8,1.5,0.9,12.5
22103,2025-11-13 12:00,5.2,358,1.4,0.9,11.1
22103,2025-11-13 13:00,3.5,13,1.3,0.9,12.5
22103,2025-11-13 14:00,4,348,1.3,0.9,11.8
22103,2025-11-13 15:00,3.2,341,1.2,0.8,12.5
22103,2025-11-13 16:00,4.9,333,1.2,0.8,12.5
22103,2025-11-13 17:00,4.9,334,1,0.8,11.1
22103,2025-11-13 18:00,4.9,308,1.2,0.8,11.1
22103,2025-11-13 19:00,5.5,311,1.2,0.7,10
22103,2025-11-13 20:00,8.3,325,1.3,0.8,10
22103,2025-11-13 21:00,8.9,325,1.4,0.9,3.4
22103,2025-11-13 22:00,9.8,327,1.4,0.9,3.4
22103,2025-11-13 23:00,9.6,331,1.5,1,3.8
22103,2025-11-14 0:00,10.5,330,1.5,1,3.8
22103,2025-11-14 1:00,10.5,329,1.5,1,3.8
22103,2025-11-14 2:00,9.7,331,1.6,1.1,4
22103,2025-11-14 3:00,10.2,335,1.7,1.1,4.3
22103,2025-11-14 4:00,9.5,341,1.7,1.1,4.3
22103,2025-11-14 5:00,8.6,333,1.7,1,4.2
22103,2025-11-14 6:00,8.9,338,1.4,1,3.8
22103,2025-11-14 7:00,7.7,350,1.2,0.9,3.4
22103,2025-11-14 8:00,6.4,348,1.4,0.9,3.8
22103,2025-11-14 9:00,6.9,350,1.5,0.9,3.7
22103,2025-11-14 10:00,6.9,345,1.2,0.9,3.8
22103,2025-11-14 11:00,6.9,338,1.2,0.8,3.7
22103,2025-11-14 12:00,6.4,342,1,0.8,3.4
22103,2025-11-14 13:00,6.2,321,0.9,0.7,10.5
22103,2025-11-14 14:00,7.7,321,1,0.6,3.6
22103,2025-11-14 15:00,8.2,310,1.1,0.7,4
22103,2025-11-14 16:00,7.1,312,1.3,0.8,3.6
22103,2025-11-14 17:00,7.1,322,1,0.8,3.6
22103,2025-11-14 18:00,7,321,0.9,0.7,4
22103,2025-11-14 19:00,9.2,331,1.1,0.7,3.2
22103,2025-11-14 20:00,8.8,343,1.4,0.9,3.6
22103,2025-11-14 21:00,9,333,1.4,0.9,3.8
22103,2025-11-14 22:00,9.1,339,1.5,1,3.7
22103,2025-11-14 23:00,9.8,339,1.3,1,3.6
22103,2025-11-15 0:00,8.2,343,1.4,1,3.8
22103,2025-11-15 1:00,7.4,348,1.4,1,3.7
22103,2025-11-15 2:00,6.9,355,1.5,0.9,3.8
22103,2025-11-15 3:00,5.5,347,1.3,0.8,3.7
22103,2025-11-15 4:00,6.6,346,1,0.8,3.7
22103,2025-11-15 5:00,6,4,1.2,0.8,3.7
22103,2025-11-15 6:00,4.7,1,1.2,0.8,3.8
22103,2025-11-15 7:00,3.9,26,1,0.7,3.7
22103,2025-11-15 8:00,3.8,26,0.8,0.6,3.8
22103,2025-11-15 9:00,4.1,47,0.7,0.5,3.3
22103,2025-11-15 10:00,5.9,58,0.8,0.5,3.2
22103,2025-11-15 11:00,6.6,48,0.9,0.5,3.3
22103,2025-11-15 12:00,6.6,52,0.8,0.6,2.8
22103,2025-11-15 13:00,6.2,57,0.9,0.6,3.3
22103,2025-11-15 14:00,4.5,63,0.9,0.6,3.3
22103,2025-11-15 15:00,3.7,62,0.8,0.5,4
22103,2025-11-15 16:00,3.8,56,0.8,0.6,3.8
22103,2025-11-15 17:00,3.3,51,0.7,0.5,4
22103,2025-11-15 18:00,3.4,53,0.7,0.5,3.8
22103,2025-11-15 19:00,2.9,46,0.8,0.5,5.3
22103,2025-11-15 20:00,3.9,34,0.7,0.4,4.2
22103,2025-11-15 21:00,3.3,34,0.6,0.4,4.8
22103,2025-11-15 22:00,4,46,0.7,0.4,7.7
22103,2025-11-15 23:00,3.5,48,0.7,0.4,8.3
22103,2025-11-16 0:00,3.6,55,0.7,0.4,8.3
22103,2025-11-16 1:00,4,46,0.5,0.4,8.3
22103,2025-11-16 2:00,4.8,38,0.6,0.4,7.7
22103,2025-11-16 3:00,5.4,30,0.6,0.4,7.7
22103,2025-11-16 4:00,5,34,0.6,0.5,7.7
22103,2025-11-16 5:00,4.8,27,0.7,0.5,7.7
22103,2025-11-16 6:00,3.7,54,0.8,0.5,7.7
22103,2025-11-16 7:00,4.4,56,0.8,0.5,3.1
22103,2025-11-16 8:00,4.6,43,0.9,0.5,7.1
22103,2025-11-16 9:00,5.4,34,0.8,0.5,7.1
22103,2025-11-16 10:00,4.1,24,0.7,0.6,7.1
22103,2025-11-16 11:00,3.9,31,0.7,0.5,7.1
22103,2025-11-16 12:00,3.6,45,0.6,0.5,7.1
22103,2025-11-16 13:00,3.8,42,0.5,0.4,7.1
22103,2025-11-16 14:00,3,50,0.6,0.4,7.7
22103,2025-11-16 15:00,2.6,63,0.7,0.4,7.1
22103,2025-11-16 16:00,1.7,44,0.9,0.4,3.8
22103,2025-11-16 17:00,0.4,84,0.6,0.4,7.1
22103,2025-11-16 18:00,3.6,356,0.6,0.4,7.1
22103,2025-11-16 19:00,4.5,340,0.5,0.4,7.1
22103,2025-11-16 20:00,4,332,0.5,0.4,6.7
22103,2025-11-16 21:00,4.6,324,0.6,0.4,8.3
22103,2025-11-16 22:00,5.1,310,0.6,0.3,7.7
22103,2025-11-16 23:00,6.8,325,0.6,0.4,2.3
22103,2025-11-17 0:00,7.5,322,0.7,0.5,2.4
22103,2025-11-17 1:00,7.5,324,0.7,0.6,2.8
22103,2025-11-17 2:00,7,325,0.7,0.5,2.6
22103,2025-11-17 8:00,7.7,325,1.5,0.9,3.8
22103,2025-11-17 9:00,8.3,326,1.2,1,4.3
22103,2025-11-17 10:00,10.6,326,1.5,0.9,4.2
22103,2025-11-17 11:00,10.8,328,1.5,1.1,3.8
22103,2025-11-17 12:00,12.8,326,2.2,1.1,4.2
22103,2025-11-17 13:00,10.9,327,2.2,1.4,4.5
22103,2025-11-17 14:00,10.8,323,2.1,1.4,4.5
22103,2025-11-17 15:00,12.5,330,2.1,1.3,4.2
22103,2025-11-17 16:00,11.2,324,2.1,1.4,4.3
22103,2025-11-17 17:00,11.9,328,1.7,1.2,4.5
22103,2025-11-17 18:00,11.7,323,2.5,1.2,4.5
22103,2025-11-17 19:00,13.2,339,2.5,1.4,4.8
22103,2025-11-17 20:00,12.8,344,2.5,1.6,5.3
22103,2025-11-17 21:00,12.9,336,2.6,1.6,5.3
22103,2025-11-17 22:00,11.9,341,2.3,1.5,5
22103,2025-11-17 23:00,12.4,344,2,1.5,5
22103,2025-11-18 0:00,13.5,332,2.2,1.5,4.5
22103,2025-11-18 1:00,13.8,326,2.3,1.6,5
22103,2025-11-18 2:00,12.9,328,2.4,1.5,4.8
22103,2025-11-18 3:00,13.2,331,2.2,1.4,4.5
22103,2025-11-18 4:00,13.8,325,2.7,1.5,4.5
22103,2025-11-18 5:00,12.8,326,2.9,1.7,4.8
22103,2025-11-18 6:00,11.6,329,2.8,1.6,5
22103,2025-11-18 7:00,10.9,321,3,1.6,5.3
22103,2025-11-18 8:00,12.3,328,2.2,1.3,5
22103,2025-11-18 9:00,10.7,336,2.1,1.4,4.8
22103,2025-11-18 10:00,10.5,341,2.2,1.4,4.8
22103,2025-11-18 11:00,8.9,345,2.1,1.3,4.8
22103,2025-11-18 12:00,9.7,330,1.7,1.2,4.3
22103,2025-11-18 13:00,10.8,337,1.8,1.1,4.3
22103,2025-11-18 14:00,11.6,334,1.7,1.2,4.2
22103,2025-11-18 15:00,9.4,333,1.8,1.3,4.2
22103,2025-11-18 16:00,9.1,326,1.6,1.1,4.2
22103,2025-11-18 17:00,10,316,1.5,1,4
22103,2025-11-18 18:00,10.4,327,1.5,1,4
22103,2025-11-18 19:00,8.7,326,1.5,1.1,3.8
22103,2025-11-18 20:00,7.7,339,1.4,1,4
22103,2025-11-18 21:00,6.3,343,1.4,0.9,4.2
22103,2025-11-18 22:00,6.8,346,0.9,0.8,3.6
22103,2025-11-18 23:00,9.6,333,1.2,0.7,3.4
22103,2025-11-19 0:00,7.4,339,1.2,0.8,3.4
22103,2025-11-19 4:00,9.5,337,1.3,0.9,3.7
22103,2025-11-19 5:00,6.2,346,1.7,0.9,3.7
22103,2025-11-19 6:00,6.5,355,1.5,0.9,3.7
22103,2025-11-19 7:00,5.9,359,1.1,0.9,3.8
22103,2025-11-19 8:00,5.4,358,1.2,0.8,3.8
22103,2025-11-19 9:00,5.5,356,1.1,0.7,7.7
22103,2025-11-19 10:00,4.8,340,1,0.7,7.7
22103,2025-11-19 11:00,4.2,353,1,0.6,6.7
22103,2025-11-19 12:00,4.8,342,1,0.7,8.3
22103,2025-11-19 13:00,6.3,326,1,0.7,7.7
22103,2025-11-19 14:00,6.4,323,0.9,0.7,7.7
22103,2025-11-19 15:00,6.2,314,1.1,0.7,7.7
22103,2025-11-19 16:00,5.4,316,1.4,0.8,6.7
22103,2025-11-19 17:00,6.1,337,1,0.8,7.1
22103,2025-11-19 18:00,6.7,338,1.1,0.7,7.1
22103,2025-11-19 19:00,7.5,322,1.2,0.6,7.1
22103,2025-11-19 20:00,7.7,326,1.1,0.7,3.3
22103,2025-11-19 21:00,7.8,334,1.3,0.8,3.4
22103,2025-11-19 22:00,8.7,330,1.7,0.8,3.7
22103,2025-11-19 23:00,9.2,330,1.5,1,3.8
22103,2025-11-20 0:00,8.7,323,1.4,0.9,3.6
22103,2025-11-20 1:00,8.7,323,1.2,0.9,3.6
22103,2025-11-20 2:00,9.1,328,1.4,0.8,3.7
22103,2025-11-20 3:00,9.2,322,1.3,0.9,3.7
22103,2025-11-20 4:00,8.4,329,1.4,0.9,3.6
22103,2025-11-20 5:00,8.5,340,1.3,0.9,3.7
22103,2025-11-20 6:00,7.5,331,1.5,0.8,3.6
22103,2025-11-20 7:00,7.1,334,1.3,0.9,3.8
22103,2025-11-20 8:00,5.7,334,0.8,0.8,3.7
22103,2025-11-20 9:00,5.9,300,0.9,0.7,3.6
22103,2025-11-20 10:00,6.6,308,0.9,0.7,3.4
22103,2025-11-20 11:00,7.9,309,0.9,0.6,3.6
22103,2025-11-20 12:00,8.2,317,1,0.7,3.4
22103,2025-11-20 13:00,8,309,0.9,0.7,3.1
22103,2025-11-20 14:00,8.2,303,1.1,0.7,3.3
22103,2025-11-20 15:00,9.2,310,1,0.7,3.2
22103,2025-11-20 16:00,8.2,306,1.1,0.8,3
22103,2025-11-20 17:00,7.1,309,1.1,0.8,3.6
22103,2025-11-20 18:00,7,289,1,0.7,3.6
22103,2025-11-20 19:00,8.7,299,1.1,0.6,3.2
22103,2025-11-20 20:00,8.5,299,1.1,0.7,2.9
22103,2025-11-20 21:00,10,296,1.2,0.7,3.6
22103,2025-11-20 22:00,8.6,301,1.5,0.8,3.8
22103,2025-11-20 23:00,8.8,300,1.4,1,4.3
22103,2025-11-21 0:00,9.1,305,1.9,0.9,4
22103,2025-11-21 1:00,9.1,305,1.5,1,4.2
22103,2025-11-21 2:00,9.8,317,1.7,1.1,4.5
22103,2025-11-21 3:00,8.6,320,1.5,1.1,4.2
22103,2025-11-21 4:00,8.8,327,1.3,1,3.7
22103,2025-11-21 5:00,8.2,332,1.5,1.1,3.7
22103,2025-11-21 6:00,8.7,325,1.3,1,3.8
22103,2025-11-21 7:00,7.4,329,1.3,0.9,3.7
22103,2025-11-21 8:00,6.9,328,1.2,0.9,4
22103,2025-11-21 10:00,6.4,326,1,0.8,4
22103,2025-11-21 11:00,6.4,326,1.1,0.7,4.3
22103,2025-11-21 12:00,6.6,317,1.2,0.8,3.8
22103,2025-11-21 13:00,7.2,308,1.2,0.7,3.8
22103,2025-11-21 14:00,8.4,303,1.2,0.7,3.4
22103,2025-11-21 15:00,8.2,302,1.2,0.7,3.3
22103,2025-11-21 16:00,8.3,311,1,0.7,3.2
22103,2025-11-21 17:00,8,311,1.2,0.7,3.2
22103,2025-11-21 18:00,8.7,310,1.4,0.8,3.1
22103,2025-11-21 19:00,7,323,1.4,0.8,3.4
22103,2025-11-21 20:00,7.8,317,1.1,0.8,3.6
22103,2025-11-21 21:00,7.9,321,1.4,0.9,3.8
22103,2025-11-21 22:00,6.8,324,1.3,0.9,3.7
22103,2025-11-21 23:00,8.8,321,1.4,0.8,3.8
22103,2025-11-22 0:00,8.9,332,1.5,0.9,3.7
22103,2025-11-22 1:00,9.5,332,1.2,0.9,3.4
22103,2025-11-22 2:00,7.2,341,1.3,0.9,3.6
22103,2025-11-22 3:00,7.2,352,1.2,0.8,3.3
22103,2025-11-22 4:00,6.9,354,0.9,0.7,3.3
22103,2025-11-22 5:00,7.3,347,1.1,0.7,3.2
22103,2025-11-22 6:00,6.8,342,1.3,0.6,3
22103,2025-11-22 7:00,5.3,356,0.9,0.6,3.1
22103,2025-11-22 8:00,4.9,348,0.7,0.6,3.3
22103,2025-11-22 9:00,4.6,338,0.7,0.5,3.3
22103,2025-11-22 10:00,3.9,333,0.7,0.5,3
22103,2025-11-22 11:00,3.1,335,0.6,0.4,3
22103,2025-11-22 12:00,3,317,0.6,0.4,2.8
22103,2025-11-22 13:00,3.1,314,0.5,0.4,8.3
22103,2025-11-22 14:00,4.3,306,0.5,0.4,2.6
22103,2025-11-22 15:00,4.8,301,0.6,0.4,9.1
22103,2025-11-22 16:00,5.8,304,0.5,0.4,4.5
22103,2025-11-22 17:00,5,293,0.6,0.4,5.3
22103,2025-11-22 18:00,4.6,295,0.6,0.4,6.3
22103,2025-11-22 19:00,5.1,293,0.7,0.4,5.6
22103,2025-11-22 20:00,5,290,0.6,0.4,2.5
22103,2025-11-22 21:00,5,304,0.7,0.5,2.7
22103,2025-11-22 22:00,4.4,313,0.6,0.5,2.9
22103,2025-11-22 23:00,4.5,306,0.5,0.4,3.1
22103,2025-11-23 0:00,4.1,306,0.5,0.4,2.6
22103,2025-11-23 1:00,3.2,306,0.5,0.4,2.5
22103,2025-11-23 2:00,4.3,309,0.4,0.3,2.6
22103,2025-11-23 3:00,4.7,299,0.5,0.3,2.5
22103,2025-11-23 4:00,5.1,306,0.5,0.3,7.7
22103,2025-11-23 5:00,4.9,312,0.4,0.3,5.3
22103,2025-11-23 6:00,4.7,318,0.5,0.3,2.1
22103,2025-11-23 7:00,4,316,0.5,0.3,2.2
22103,2025-11-23 8:00,2.8,323,0.4,0.3,2.4
22103,2025-11-23 9:00,2.5,322,0.4,0.3,2.6
22103,2025-11-23 10:00,1.5,287,0.4,0.3,4
22103,2025-11-23 11:00,1.1,305,0.3,0.3,4.2
22103,2025-11-23 12:00,0.9,254,0.4,0.3,4.2
22103,2025-11-23 13:00,2.2,302,0.4,0.3,4
22103,2025-11-23 14:00,3.4,290,0.4,0.2,7.1
22103,2025-11-23 15:00,2.4,269,0.4,0.3,5.3
22103,2025-11-23 16:00,1.9,263,0.4,0.3,4.8
22103,2025-11-23 17:00,2.9,262,0.4,0.3,4.8
22103,2025-11-23 18:00,2.6,292,0.4,0.3,4.5
22103,2025-11-23 19:00,0.8,269,0.5,0.2,4.8
22103,2025-11-23 20:00,3.3,319,0.3,0.3,4.2
22103,2025-11-23 21:00,2,306,0.3,0.2,5.6
22103,2025-11-23 22:00,1.9,328,0.3,0.2,8.3
22103,2025-11-23 23:00,0.3,80,0.4,0.2,7.1
22103,2025-11-24 0:00,0.8,359,0.3,0.2,7.7
22103,2025-11-24 1:00,1.5,356,0.4,0.3,8.3
22103,2025-11-24 2:00,0.4,324,0.3,0.2,8.3
22103,2025-11-24 3:00,2.1,262,0.3,0.2,9.1
22103,2025-11-24 4:00,0.8,344,0.3,0.2,7.7
22103,2025-11-24 5:00,3,249,0.4,0.3,8.3
22103,2025-11-24 6:00,3.7,242,0.4,0.3,10
22103,2025-11-24 7:00,3.7,236,0.3,0.3,7.7
22103,2025-11-24 8:00,3.5,243,0.4,0.2,8.3
22103,2025-11-24 9:00,2.3,331,0.4,0.3,9.1
22103,2025-11-24 10:00,2,359,0.4,0.3,8.3
22103,2025-11-24 11:00,2.3,23,0.4,0.2,10
22103,2025-11-24 12:00,1.2,4,0.3,0.3,8.3
22103,2025-11-24 13:00,0,154,0.4,0.3,10.5
22103,2025-11-24 14:00,1.5,257,0.4,0.3,9.1
22103,2025-11-24 15:00,4,249,0.5,0.3,10
22103,2025-11-24 16:00,3.7,276,0.5,0.3,9.1
22103,2025-11-24 17:00,3.6,296,0.5,0.3,10
22103,2025-11-24 18:00,4.4,282,0.5,0.3,10
22103,2025-11-24 19:00,4.5,272,0.5,0.3,10
22103,2025-11-24 20:00,6.7,287,0.6,0.3,10
22103,2025-11-24 21:00,6.9,290,0.5,0.3,8.3
22103,2025-11-24 22:00,7.9,284,0.6,0.4,2.3
22103,2025-11-24 23:00,8.5,290,0.8,0.6,2.7
22103,2025-11-25 0:00,7.9,299,1,0.6,3.1
22103,2025-11-25 1:00,7.6,293,1.1,0.7,3.6
22103,2025-11-25 2:00,8.7,302,1.2,0.7,3.6
22103,2025-11-25 3:00,7.4,302,0.9,0.7,3.4
22103,2025-11-25 4:00,6.7,300,1.1,0.7,3.8
22103,2025-11-25 5:00,7.8,285,1.1,0.7,3.7
22103,2025-11-25 6:00,8.5,293,1.2,0.7,3.4
22103,2025-11-25 7:00,8,295,1.1,0.8,3.7
22103,2025-11-25 8:00,9,301,1.4,0.8,3.7
22103,2025-11-25 9:00,12.2,301,1.7,0.9,4.3
22103,2025-11-25 10:00,11.7,275,2.5,1.2,4.5
22103,2025-11-25 11:00,11.5,303,2.7,1.7,5.6
22103,2025-11-25 12:00,11.9,313,3,1.5,4.3
22103,2025-11-25 13:00,11.5,305,2.9,1.8,5
22103,2025-11-25 14:00,13.9,304,3.6,2.1,6.7
22103,2025-11-25 15:00,12.5,306,4.1,2.3,7.1
22103,2025-11-25 16:00,13,309,3.4,2.3,7.7
22103,2025-11-25 17:00,13.9,320,3.2,2.3,8.3
22103,2025-11-25 18:00,13.4,319,3.7,2.3,7.7
22103,2025-11-25 19:00,12.9,327,4.1,2.3,8.3
22103,2025-11-25 20:00,12.4,323,3.9,2.2,8.3
22103,2025-11-25 21:00,11.6,325,3.2,1.9,5
22103,2025-11-25 22:00,12.3,340,3,1.9,8.3
22103,2025-11-25 23:00,11,326,2.4,1.7,9.1
22103,2025-11-26 0:00,10.8,329,2.3,1.7,6.3
22103,2025-11-26 1:00,10.6,330,2.4,1.7,4.3
22103,2025-11-26 2:00,9.3,327,2.4,1.7,4.8
22103,2025-11-26 3:00,7.9,331,2.4,1.4,4.3
22103,2025-11-26 4:00,6.8,334,1.8,1.3,9.1
22103,2025-11-26 5:00,7.3,344,1.8,1.3,9.1
22103,2025-11-26 6:00,7.7,339,1.5,1.1,3.7
22103,2025-11-26 7:00,7.3,342,1.6,1.1,8.3
22103,2025-11-26 8:00,5.7,347,1.5,1,8.3
22103,2025-11-26 9:00,4.5,330,1.2,1,7.7
22103,2025-11-26 10:00,3.7,334,1.4,0.8,6.7
22103,2025-11-26 11:00,3.2,314,1,0.8,7.7
22103,2025-11-26 12:00,3,337,1.2,0.8,8.3
22103,2025-11-26 13:00,2.8,299,1.1,0.7,7.7
22103,2025-11-26 14:00,2.5,280,1,0.7,7.7
22103,2025-11-26 15:00,3.1,292,1.1,0.6,7.7
22103,2025-11-26 16:00,3.8,324,0.9,0.6,6.3
22103,2025-11-26 17:00,2.4,282,0.8,0.6,7.7
22103,2025-11-26 18:00,1.7,217,0.9,0.6,6.7
22103,2025-11-26 19:00,2.6,286,1,0.6,6.7
22103,2025-11-26 20:00,3.9,265,0.9,0.6,10
22103,2025-11-26 21:00,3.4,274,0.9,0.6,10
22103,2025-11-26 22:00,4.4,266,0.9,0.6,10
22103,2025-11-26 23:00,4.7,274,0.9,0.6,9.1
22103,2025-11-27 0:00,5.1,276,1,0.6,9.1
22103,2025-11-27 1:00,6.2,280,1,0.6,9.1
22103,2025-11-27 2:00,7,290,1.1,0.7,9.1
22103,2025-11-27 3:00,6.3,288,1.2,0.7,9.1
22103,2025-11-27 4:00,5.6,278,1,0.7,3.3
22103,2025-11-27 5:00,8.1,236,0.9,0.7,9.1
22103,2025-11-27 6:00,8,250,1,0.7,9.1
22103,2025-11-27 7:00,8.9,242,1.2,0.8,3.4
22103,2025-11-27 8:00,9,241,1.4,0.9,3.7
22103,2025-11-27 9:00,10,241,1.4,1,4.2
22103,2025-11-27 10:00,12.6,261,1.7,1,3.8
22103,2025-11-27 11:00,13,272,2.8,1.6,5.9
22103,2025-11-27 12:00,14.8,276,2.8,1.8,5.3
22103,2025-11-27 13:00,13.5,310,3.8,2.1,5.6
22103,2025-11-27 14:00,12.8,305,3.7,2.2,6.7
22103,2025-11-27 15:00,10.5,306,3.6,2.2,6.3
22103,2025-11-27 16:00,11.7,296,3,2,7.7
22103,2025-11-27 17:00,12.2,306,3.4,2,7.1
22103,2025-11-27 18:00,12.5,306,2.7,2.1,7.1
22103,2025-11-27 19:00,12.9,314,2.8,1.9,5.9
22103,2025-11-27 20:00,10.6,319,3,1.9,7.1
22103,2025-11-27 21:00,10.1,329,2.6,1.9,8.3
22103,2025-11-27 22:00,11,320,3.2,1.9,8.3
22103,2025-11-27 23:00,10.7,324,2.9,1.9,8.3
22103,2025-11-28 0:00,9,320,2.6,1.7,8.3
22103,2025-11-28 1:00,11.2,319,2.4,1.6,4.3
22103,2025-11-28 2:00,10.7,330,2.7,1.6,4.5
22103,2025-11-28 3:00,11.6,321,2.8,1.6,4.8
22103,2025-11-28 4:00,9.5,325,2.5,1.6,4.8
22103,2025-11-28 5:00,10.4,324,2.6,1.6,4.5
22103,2025-11-28 6:00,9.5,331,2,1.4,4.2
22103,2025-11-28 7:00,9.2,328,1.8,1.3,4.3
22103,2025-11-28 8:00,8,337,1.8,1.2,4
22103,2025-11-28 9:00,8,329,1.5,1.1,3.8
22103,2025-11-28 10:00,7.6,323,1.6,1.2,4
22103,2025-11-28 11:00,6.6,322,1.7,1.1,9.1
22103,2025-11-28 12:00,5.2,307,1.7,1.1,3.7
22103,2025-11-28 13:00,6.2,301,1.3,1,9.1
22103,2025-11-28 14:00,6.2,311,1.3,0.9,7.7
22103,2025-11-28 15:00,6.9,299,1.2,0.8,8.3
22103,2025-11-28 16:00,6.3,316,1.1,0.7,7.1
22103,2025-11-28 17:00,6.2,306,1.1,0.7,8.3
22103,2025-11-28 18:00,5.7,324,1.3,0.7,8.3
22103,2025-11-28 19:00,6,328,0.9,0.7,7.1
22103,2025-11-28 20:00,4.6,345,1,0.7,6.3
22103,2025-11-28 21:00,5.5,350,1.1,0.7,7.1
22103,2025-11-28 22:00,3.7,6,1.1,0.6,7.7
22103,2025-11-28 23:00,2,25,0.8,0.6,7.1
22103,2025-11-29 0:00,1.2,40,0.7,0.5,6.7
22103,2025-11-29 1:00,0.3,248,0.7,0.5,6.3
22103,2025-11-29 2:00,0.7,170,0.6,0.4,5.6
22103,2025-11-29 3:00,0.7,121,0.6,0.4,6.7
22103,2025-11-29 4:00,1.6,100,0.6,0.4,5.3
22103,2025-11-29 5:00,1.2,68,0.6,0.4,7.1
22103,2025-11-29 6:00,1.8,85,0.6,0.4,5.9
22103,2025-11-29 7:00,1.9,97,0.6,0.4,11.1
22103,2025-11-29 8:00,2.8,95,0.7,0.4,11.1
22103,2025-11-29 9:00,3.5,204,0.7,0.4,11.1
22103,2025-11-29 10:00,4.4,226,0.6,0.4,10
22103,2025-11-29 11:00,4.9,225,0.6,0.4,9.1
22103,2025-11-29 12:00,4.1,302,0.6,0.4,5.3
22103,2025-11-29 13:00,5.4,234,0.6,0.4,10
22103,2025-11-29 14:00,4.9,237,0.6,0.4,10
22103,2025-11-29 15:00,5.9,229,0.8,0.5,10.5
22103,2025-11-29 16:00,5.8,235,1,0.6,2.8
22103,2025-11-29 17:00,6.7,241,1,0.6,2.9
22103,2025-11-29 18:00,6,278,1,0.8,3.3
22103,2025-11-29 19:00,3.1,318,1.3,0.9,4.2
22103,2025-11-29 20:00,2,317,1.2,0.8,4.5
22103,2025-11-29 21:00,5.2,290,1.3,0.8,4.5
22103,2025-11-29 22:00,3.9,272,1.1,0.7,4.5
22103,2025-11-29 23:00,3.8,258,1.4,0.8,4.8
22103,2025-11-30 0:00,5.8,252,1.2,0.8,4.5
22103,2025-11-30 1:00,6.8,256,1.2,0.8,4.8
22103,2025-11-30 2:00,5.6,259,1.3,0.8,5
22103,2025-11-30 3:00,7.7,254,1.2,0.8,5.3
22103,2025-11-30 4:00,6.6,269,1.3,0.9,5.9
22103,2025-11-30 5:00,5.6,257,1.4,1,6.3
22103,2025-11-30 6:00,4.8,256,1.5,0.9,4.3
22103,2025-11-30 7:00,6.1,260,1.4,0.9,6.7
22103,2025-11-30 8:00,4,235,1.3,0.9,6.3
22103,2025-11-30 9:00,4.6,255,1.4,0.9,6.7
22103,2025-11-30 10:00,5,244,1.2,1,6.7
22103,2025-11-30 11:00,4.4,245,1.4,0.9,6.3
22103,2025-11-30 12:00,4.9,263,1.3,0.8,6.3
22103,2025-11-30 13:00,4.5,253,1.3,0.8,6.3
22103,2025-11-30 14:00,4,252,1.3,0.8,6.7
22103,2025-11-30 15:00,7.1,243,1.5,0.8,6.3
22103,2025-11-30 16:00,3.1,301,1.3,0.8,3.7
22103,2025-11-30 17:00,1.6,310,1.3,1,4.3
22103,2025-11-30 18:00,3.9,282,1.2,0.9,4.5
22103,2025-11-30 19:00,2.4,301,1.2,0.8,4.2
22103,2025-11-30 20:00,5.5,278,1,0.8,4.3
22103,2025-11-30 21:00,3.3,243,1.3,0.8,4.5
22103,2025-11-30 22:00,6.2,271,1.6,0.9,4.8
22103,2025-11-30 23:00,7.4,267,1.7,1,4.8
22103,2025-12-01 0:00,6.8,286,1.8,1.1,4.3
22103,2025-12-01 1:00,5.9,299,1.5,1,4.2
22103,2025-12-01 2:00,6.9,293,1.3,0.9,4.8
22103,2025-12-01 3:00,8,298,1.4,0.9,5.6
22103,2025-12-01 4:00,7.5,303,1.2,0.9,5.3
22103,2025-12-01 5:00,7.2,315,1.4,0.8,5.6
22103,2025-12-01 6:00,6,327,1,0.8,4.8
22103,2025-12-01 7:00,7.5,326,0.9,0.7,5.6
22103,2025-12-01 8:00,7,332,1,0.7,5.6
22103,2025-12-01 9:00,7.2,334,1,0.7,5
22103,2025-12-01 10:00,7.2,324,1.1,0.7,5.3
22103,2025-12-01 11:00,6.8,320,0.9,0.6,3.2
22103,2025-12-01 12:00,7.4,325,0.8,0.6,2.8
22103,2025-12-01 13:00,7.1,335,0.8,0.6,3
22103,2025-12-01 14:00,6.6,335,0.9,0.7,3
22103,2025-12-01 15:00,6.9,327,0.8,0.6,3
22103,2025-12-01 16:00,6.2,308,0.8,0.6,2.9
22103,2025-12-01 17:00,6.8,320,0.7,0.6,3.2
22103,2025-12-01 18:00,6.1,317,0.7,0.5,2.9
22103,2025-12-01 19:00,6,330,0.8,0.5,2.9
22103,2025-12-01 20:00,5.5,333,0.8,0.5,2.9
22103,2025-12-01 21:00,5.8,341,0.7,0.5,3
22103,2025-12-01 22:00,5.1,343,0.8,0.5,2.6
22103,2025-12-01 23:00,4.3,6,0.9,0.6,2.7
22103,2025-12-02 0:00,3.6,331,0.8,0.5,3.2
22103,2025-12-02 1:00,6.6,339,0.7,0.5,3
22103,2025-12-02 2:00,7,340,1,0.6,5.9
22103,2025-12-02 3:00,7.2,340,1.2,0.6,2.9
22103,2025-12-02 4:00,7.9,341,1.2,0.8,3.3
22103,2025-12-02 5:00,7.8,349,1.4,0.9,4
22103,2025-12-02 6:00,8.3,341,1.4,0.8,3.8
22103,2025-12-02 7:00,6.4,349,1.3,0.9,3.8
22103,2025-12-02 8:00,6.6,342,1.1,0.8,3.8
22103,2025-12-02 9:00,5.3,351,1.1,0.7,4
22103,2025-12-02 10:00,5.8,14,0.9,0.6,3.6
22103,2025-12-02 11:00,8.5,348,1,0.6,4
22103,2025-12-02 12:00,7.8,348,1.1,0.7,3.4
22103,2025-12-02 13:00,7.9,348,1.6,0.9,3.7
22103,2025-12-02 14:00,7.5,345,1.2,0.9,3.7
22103,2025-12-02 15:00,8.1,343,1.2,0.8,3.7
22103,2025-12-02 16:00,7.1,349,1.5,0.8,4
22103,2025-12-02 17:00,7.6,346,1.2,0.8,4
22103,2025-12-02 18:00,7.7,4,1.4,0.9,4.2
22103,2025-12-02 19:00,9.5,336,1.8,1,4
22103,2025-12-02 20:00,10.6,339,1.9,1.1,4.3
22103,2025-12-02 21:00,10.8,331,2.1,1.3,4.5
22103,2025-12-02 22:00,11.5,340,2.1,1.4,4.3
22103,2025-12-02 23:00,10.6,346,2,1.3,4
22103,2025-12-03 0:00,8.7,336,1.4,1.3,4.2
22103,2025-12-03 1:00,8.6,341,1.5,1,4.2
22103,2025-12-03 2:00,10.6,331,1.6,1,3.8
22103,2025-12-03 3:00,10.1,339,1.9,1.1,4.2
22103,2025-12-03 4:00,10.4,335,2,1.1,4.2
22103,2025-12-03 5:00,11.4,331,2,1.1,4.2
22103,2025-12-03 6:00,10.9,335,1.7,1.3,4.3
22103,2025-12-03 7:00,11.4,323,2.1,1.3,4.8
22103,2025-12-03 8:00,10,334,2.1,1.3,5
22103,2025-12-03 9:00,8.8,324,1.6,1.3,4.8
22103,2025-12-03 10:00,7.9,337,1.6,1.2,4.8
22103,2025-12-03 11:00,7.5,332,1.4,1,4.2
22103,2025-12-03 12:00,7,337,1.2,0.9,3.8
22103,2025-12-03 13:00,7,332,1.3,0.7,3.7
22103,2025-12-03 14:00,10.1,315,1.1,0.7,3.3
22103,2025-12-03 15:00,14.9,310,2.1,1,3.3
22103,2025-12-03 16:00,11.9,316,2.4,1.3,4
22103,2025-12-03 17:00,12.7,319,2.6,1.5,4.2
22103,2025-12-03 18:00,12.2,331,2.4,1.6,4.3
22103,2025-12-03 19:00,13,328,2.5,1.6,4.5
22103,2025-12-03 20:00,11.1,345,2.8,1.7,5.3
22103,2025-12-03 21:00,9.7,335,2.8,1.7,5.3
22103,2025-12-03 22:00,12.4,344,2.3,1.6,5
22103,2025-12-03 23:00,12.4,338,2.6,1.6,4.5
22103,2025-12-04 0:00,9.8,333,2.7,1.5,4.5
22103,2025-12-04 1:00,8.1,348,2.1,1.3,4.3
22103,2025-12-04 2:00,9.8,331,1.7,1.1,4
22103,2025-12-04 3:00,8.9,331,1.5,1,3.8
22103,2025-12-04 4:00,9.1,326,1.4,1,3.4
22103,2025-12-04 5:00,7.9,340,1.1,0.9,3.6
22103,2025-12-04 6:00,6.9,349,1.1,0.8,3.4
22103,2025-12-04 7:00,5.9,339,0.9,0.8,3.6
22103,2025-12-04 8:00,3.6,353,1.1,0.7,3.4
22103,2025-12-04 9:00,4.1,342,0.9,0.7,3.4
22103,2025-12-04 10:00,4.7,349,1,0.6,7.7
22103,2025-12-04 11:00,5.5,330,0.9,0.6,7.7
22103,2025-12-04 12:00,5.1,326,0.8,0.6,7.1
22103,2025-12-04 13:00,8.1,319,0.8,0.6,7.1
22103,2025-12-04 14:00,8.7,315,0.9,0.6,7.7
22103,2025-12-04 15:00,9.6,306,1,0.7,2.6
22103,2025-12-04 16:00,10.2,299,1.1,0.7,2.6
22103,2025-12-04 17:00,9.3,308,1.4,0.8,2.9
22103,2025-12-04 18:00,8.3,311,1.9,0.9,3.3
22103,2025-12-04 19:00,8.9,314,1.4,0.9,4
22103,2025-12-04 20:00,5.9,309,1.2,0.9,3.8
22103,2025-12-04 21:00,4.8,309,1,0.7,3.8
22103,2025-12-04 22:00,5.3,279,1,0.6,3.6
22103,2025-12-04 23:00,9,291,0.9,0.6,3.6
22103,2025-12-05 0:00,9.8,312,1.3,0.7,3
22103,2025-12-05 1:00,11,324,1.4,0.9,3.3
22103,2025-12-05 2:00,11.9,335,2.2,1.3,3.6
22103,2025-12-05 3:00,11.5,332,2.8,1.6,4
22103,2025-12-05 4:00,12.3,327,2.2,1.6,4.8
22103,2025-12-05 5:00,10.9,329,2,1.3,4
22103,2025-12-05 6:00,9.9,337,2.3,1.3,4.2
22103,2025-12-05 7:00,8.4,342,1.8,1.4,4.5
22103,2025-12-05 8:00,8.8,344,2.3,1.3,4.8
22103,2025-12-05 9:00,7.8,344,2.1,1.2,4.8
22103,2025-12-05 10:00,9.1,336,1.8,1.2,4.5
22103,2025-12-05 11:00,9.9,347,1.7,1.1,4.5
22103,2025-12-05 12:00,10,336,2,1.2,4.3
22103,2025-12-05 13:00,9.7,326,1.7,1.2,4.3
22103,2025-12-05 14:00,7.7,342,1.4,1,4.2
22103,2025-12-05 15:00,5.9,339,1.2,1,3.8
22103,2025-12-05 16:00,5,344,1.2,0.8,3.6
22103,2025-12-05 17:00,4.7,327,1.1,0.7,3.1
22103,2025-12-05 18:00,3.3,325,0.9,0.7,7.1
22103,2025-12-05 19:00,3,330,0.7,0.6,7.1
22103,2025-12-05 20:00,3.5,323,0.7,0.5,7.1
22103,2025-12-05 21:00,2.7,333,0.7,0.5,6.7
22103,2025-12-05 22:00,3,326,0.6,0.5,6.7
22103,2025-12-05 23:00,3.4,318,0.5,0.4,6.7
22103,2025-12-06 0:00,2.7,300,0.6,0.4,7.1
22103,2025-12-06 1:00,2.3,300,0.5,0.4,7.1
22103,2025-12-06 2:00,3.3,312,0.6,0.4,7.1
22103,2025-12-06 3:00,4.3,317,0.5,0.3,6.7
22103,2025-12-06 4:00,3.9,307,0.6,0.4,6.7
22103,2025-12-06 5:00,4.9,302,0.6,0.4,6.7
22103,2025-12-06 6:00,5.5,297,0.6,0.4,7.7
22103,2025-12-06 7:00,5.8,302,0.6,0.4,7.7
22103,2025-12-06 8:00,6.1,301,0.7,0.4,8.3
22103,2025-12-06 9:00,6.9,309,0.8,0.5,3.1
22103,2025-12-06 10:00,6.6,320,1,0.5,3.4
22103,2025-12-06 11:00,5.8,325,1.1,0.6,3.3
22103,2025-12-06 12:00,4.4,340,0.8,0.6,3.4
22103,2025-12-06 13:00,2.2,285,0.7,0.5,3.3
22103,2025-12-06 14:00,1.9,213,0.6,0.4,3
22103,2025-12-06 15:00,1.8,192,0.6,0.4,2.9
22103,2025-12-06 16:00,1.7,205,0.6,0.4,4.8
22103,2025-12-06 17:00,4.1,180,0.5,0.4,5
22103,2025-12-06 18:00,6.4,219,0.6,0.3,7.7
22103,2025-12-06 19:00,6.5,252,0.7,0.5,2.4
22103,2025-12-06 20:00,10.1,247,0.7,0.5,2.4
22103,2025-12-06 21:00,9.9,281,1.2,0.7,2.7
22103,2025-12-06 22:00,9,281,1.4,0.9,3.2
22103,2025-12-06 23:00,9,273,1.2,0.9,4.3
22103,2025-12-07 0:00,9.4,277,1.5,0.9,4.2
22103,2025-12-07 1:00,9.5,281,1.5,0.9,4
22103,2025-12-07 2:00,9.4,293,1.3,0.9,4.8
22103,2025-12-07 3:00,7.9,306,1.2,0.9,4.5
22103,2025-12-07 4:00,7.2,315,1.1,0.8,5.3
22103,2025-12-07 5:00,6.9,321,1.1,0.8,5
22103,2025-12-07 6:00,6.9,290,1.4,0.8,5
22103,2025-12-07 7:00,7.3,300,1.3,0.8,5
22103,2025-12-07 8:00,7,309,1.2,0.8,5
22103,2025-12-07 9:00,6.1,299,1.4,0.8,5.9
22103,2025-12-07 10:00,5.5,298,1.2,0.8,5
22103,2025-12-07 11:00,4.3,287,1.1,0.7,4.3
22103,2025-12-07 12:00,5.5,295,1,0.7,4.5
22103,2025-12-07 13:00,5,299,1,0.6,4.5
22103,2025-12-07 14:00,4.7,274,0.8,0.6,4.8
22103,2025-12-07 15:00,4.4,287,0.8,0.6,3.7
22103,2025-12-07 16:00,6.4,285,0.9,0.5,3.8
22103,2025-12-07 17:00,6.9,280,0.8,0.6,5.9
22103,2025-12-07 18:00,6.7,286,1.2,0.7,6.3
22103,2025-12-07 19:00,6,288,1.1,0.7,5.3
22103,2025-12-07 20:00,6.8,291,1.3,0.9,4.2
22103,2025-12-07 21:00,6.6,290,1.3,0.8,4.8
22103,2025-12-07 22:00,6.9,295,1.3,0.9,4.3
22103,2025-12-07 23:00,7.3,296,1.5,1,4.5
22103,2025-12-08 0:00,8.7,305,1.2,1,4.5
22103,2025-12-08 1:00,9,311,1.5,1,4.3
22103,2025-12-08 2:00,8.5,310,1.3,1,4.2
22103,2025-12-08 3:00,7.9,314,1.2,0.8,4.2
22103,2025-12-08 4:00,8.9,331,1,0.8,4.3
22103,2025-12-08 5:00,9,326,1.2,0.8,4.3
22103,2025-12-08 6:00,9.3,324,1.1,0.8,3.4
22103,2025-12-08 7:00,7.8,337,1.4,0.9,3.6
22103,2025-12-08 8:00,10.8,340,1.6,0.9,3.6
22103,2025-12-08 9:00,10.1,346,1.8,1.1,4
22103,2025-12-08 10:00,9.6,343,1.9,1.1,4.2
22103,2025-12-08 11:00,9.8,339,1.9,1.2,4.3
22103,2025-12-08 12:00,10.1,345,1.8,1.2,4.5
22103,2025-12-08 13:00,8.5,334,1.6,1.2,4.8
22103,2025-12-08 14:00,6.4,341,1.5,1,4.5
22103,2025-12-08 15:00,6.6,333,1.4,0.9,4.5
22103,2025-12-08 16:00,7.9,334,1.1,0.8,3.6
22103,2025-12-08 17:00,7.8,333,1.2,0.8,3.6
22103,2025-12-08 18:00,7.8,334,1.2,0.8,3.4
22103,2025-12-08 19:00,7.1,348,1.3,0.8,3.4
22103,2025-12-08 20:00,7.8,352,1.2,0.8,3.6
22103,2025-12-08 21:00,7.8,350,1.3,0.9,3.6
22103,2025-12-08 22:00,7.3,331,1.2,0.9,3.8
22103,2025-12-08 23:00,7.6,342,1.3,0.8,4
22103,2025-12-09 0:00,7.4,342,1.1,0.8,3.6
22103,2025-12-09 1:00,6.4,355,1.2,0.8,3.8
22103,2025-12-09 2:00,7.6,349,1.1,0.8,3.8
22103,2025-12-09 3:00,9.5,343,1.3,0.9,3.7
22103,2025-12-09 4:00,9.4,344,1.6,1,3.7
22103,2025-12-09 6:00,9.4,343,1.5,1,4.2
22103,2025-12-09 7:00,9,343,1.9,1.1,4.2
22103,2025-12-09 8:00,8.1,341,1.6,1,4.2
22103,2025-12-09 9:00,8.4,339,1.3,1,3.8
22103,2025-12-09 10:00,9.3,341,1.4,0.9,4
22103,2025-12-09 11:00,8.6,343,1.4,1,4.2
22103,2025-12-09 12:00,6.7,343,1.3,1,4.2
22103,2025-12-09 13:00,6.6,342,1.1,0.8,4
22103,2025-12-09 14:00,7,338,1.2,0.7,4
22103,2025-12-09 15:00,7,332,1.1,0.7,3.8
22103,2025-12-09 16:00,7.3,311,1.1,0.8,3.6
22103,2025-12-09 17:00,5.5,319,0.8,0.7,3.3
22103,2025-12-09 18:00,7.3,339,0.9,0.6,3.3
22103,2025-12-09 19:00,5.8,350,0.9,0.6,3.3
22103,2025-12-09 20:00,7.1,354,0.8,0.6,2.9
22103,2025-12-09 21:00,6.7,0,1,0.6,3.1
22103,2025-12-09 22:00,7.9,342,1,0.7,3.1
22103,2025-12-09 23:00,7.8,349,1.1,0.7,3.2
22103,2025-12-10 0:00,5.9,5,1.1,0.7,3.2
22103,2025-12-10 1:00,5.3,1,0.9,0.7,3.6
22103,2025-12-10 2:00,5.7,16,0.8,0.6,3.3
22103,2025-12-10 3:00,5.9,23,0.9,0.5,3.3
22103,2025-12-10 4:00,5.9,30,0.7,0.5,3.1
22103,2025-12-10 5:00,5.5,28,0.7,0.5,3.1
22103,2025-12-10 6:00,4.9,41,0.7,0.5,3.1
22103,2025-12-10 7:00,5.2,25,0.7,0.4,2.9
22103,2025-12-10 8:00,4.9,40,0.6,0.5,3.3
22103,2025-12-10 9:00,4.2,38,0.7,0.4,3.2
22103,2025-12-10 10:00,3.5,46,0.7,0.4,2.7
22103,2025-12-10 11:00,4.1,72,0.5,0.4,2.9
22103,2025-12-10 12:00,3.5,80,0.5,0.3,10
22103,2025-12-10 13:00,4,65,0.6,0.4,9.1
22103,2025-12-10 14:00,4.6,56,0.6,0.4,4.5
22103,2025-12-10 15:00,5,56,0.8,0.5,4.2
22103,2025-12-10 16:00,3.8,87,0.7,0.5,4.2
22103,2025-12-10 17:00,2.7,143,0.8,0.5,4.8
22103,2025-12-10 18:00,2.4,161,0.7,0.5,4.8
22103,2025-12-10 19:00,2.9,151,0.7,0.4,4.5
22103,2025-12-10 20:00,2.9,145,0.6,0.4,5
22103,2025-12-10 21:00,3.3,153,0.6,0.4,5
22103,2025-12-10 22:00,3.7,175,0.7,0.4,5
22103,2025-12-10 23:00,3.7,153,0.6,0.4,4.8
22103,2025-12-11 0:00,3,185,0.6,0.4,4.8
22103,2025-12-11 1:00,3.7,189,0.6,0.4,8.3
22103,2025-12-11 2:00,3.9,179,0.6,0.4,8.3
22103,2025-12-11 3:00,4.3,185,0.7,0.4,9.1
22103,2025-12-11 4:00,5.4,217,0.8,0.4,8.3
22103,2025-12-11 5:00,6.9,212,0.7,0.5,2.9
22103,2025-12-11 6:00,5.5,206,0.8,0.6,3
22103,2025-12-11 7:00,6.1,209,1.1,0.6,3.4
22103,2025-12-11 8:00,10.8,235,1.6,0.7,3.6
22103,2025-12-11 9:00,8.7,251,2.1,1.1,4.2
22103,2025-12-11 10:00,3.7,308,1.6,1.1,4.8
22103,2025-12-11 11:00,5.8,331,1.2,0.9,4.5
22103,2025-12-11 12:00,6.4,314,1.2,0.7,4.8
22103,2025-12-11 13:00,8.5,310,1.1,0.7,4.5
22103,2025-12-11 14:00,9.5,309,1.3,0.8,3.3
22103,2025-12-11 15:00,11.8,329,1.8,1,5.6
22103,2025-12-11 16:00,10.6,336,1.6,1.2,3.8
22103,2025-12-11 17:00,8.1,330,2,1.2,4.3
22103,2025-12-11 18:00,9.4,327,1.8,1.3,4.3
22103,2025-12-11 19:00,11.6,338,2,1.2,4.3
22103,2025-12-11 20:00,10.2,341,2.3,1.3,4.3
22103,2025-12-11 21:00,12.2,342,2.1,1.3,4.3
22103,2025-12-11 22:00,11.1,344,1.9,1.2,4.2
22103,2025-12-12 0:00,10.4,337,2,1.2,4.3
22103,2025-12-12 1:00,9.2,356,2,1.2,4.2
22103,2025-12-12 2:00,7.6,350,1.8,1.2,4.5
22103,2025-12-12 3:00,6.2,7,1.6,1.1,4.5
22103,2025-12-12 4:00,8.2,20,1.4,1,4.2
22103,2025-12-12 5:00,7.7,27,1.7,0.9,4.2
22103,2025-12-12 6:00,7.8,30,1.6,0.9,4
22103,2025-12-12 7:00,9.1,44,1.7,1,4
22103,2025-12-12 8:00,8.3,48,1.9,1.1,4.5
22103,2025-12-12 9:00,8.7,45,1.9,1.2,5
22103,2025-12-12 10:00,8.2,52,2,1.1,5
22103,2025-12-12 11:00,9.1,48,2,1.3,5.3
22103,2025-12-12 12:00,9.2,55,2.2,1.4,6.7
22103,2025-12-12 13:00,10.1,49,2.5,1.4,6.7
22103,2025-12-12 14:00,11.9,51,2.7,1.6,6.7
22103,2025-12-12 15:00,12.1,58,2.7,1.9,5.6
22103,2025-12-12 16:00,12.5,62,3.1,2,6.3
22103,2025-12-12 17:00,13.7,65,3.2,2.1,6.7
22103,2025-12-12 18:00,13.8,66,3.4,2.2,6.7
22103,2025-12-12 19:00,12.3,70,3,2.2,6.7
22103,2025-12-12 20:00,11.1,76,3.3,2.3,5.9
22103,2025-12-12 21:00,10.8,77,3.3,2.3,7.7
22103,2025-12-12 22:00,9.6,82,4.2,2.2,6.7
22103,2025-12-12 23:00,10.5,90,2.9,2,7.7
22103,2025-12-13 0:00,10.4,96,3.6,2.1,7.7
22103,2025-12-13 1:00,10.3,94,2.8,2.1,7.1
22103,2025-12-13 2:00,9.8,86,3.3,1.9,7.1
22103,2025-12-13 3:00,8.1,83,2.8,1.9,7.1
22103,2025-12-13 4:00,8.5,69,2.6,1.9,6.7
22103,2025-12-13 5:00,11.1,45,2.9,1.8,6.7
22103,2025-12-13 6:00,12.7,56,3.6,2,5.9
22103,2025-12-13 7:00,13.4,69,3,2,5.9
22103,2025-12-13 8:00,12.4,75,3.2,2.2,7.1
22103,2025-12-13 9:00,11.1,79,3.2,2.1,6.7
22103,2025-12-13 10:00,9.7,92,3.4,2.1,7.1
22103,2025-12-13 11:00,9.8,95,2.8,1.9,7.1
22103,2025-12-13 12:00,10.1,88,2.7,1.9,7.1
22103,2025-12-13 13:00,8,93,2.3,1.7,6.7
22103,2025-12-13 14:00,7.3,101,2.3,1.7,6.7
22103,2025-12-13 15:00,7.4,111,2.2,1.5,6.3
22103,2025-12-13 16:00,6.7,126,2.2,1.5,6.7
22103,2025-12-13 17:00,7.9,139,1.9,1.4,6.3
22103,2025-12-13 18:00,4.9,177,1.8,1.2,6.7
22103,2025-12-13 19:00,12,329,2,1.1,5.9
22103,2025-12-13 20:00,12.3,329,2.6,1.5,4.3
22103,2025-12-13 21:00,14.2,329,2.4,1.6,4.8
22103,2025-12-13 22:00,8.5,343,2.6,1.5,4.8
22103,2025-12-13 23:00,11,317,2.3,1.4,5
22103,2025-12-14 3:00,11.1,318,2.3,1.5,4.8
22103,2025-12-14 4:00,12.7,314,2.5,1.4,5
22103,2025-12-14 5:00,14.2,321,2.8,1.5,5.3
22103,2025-12-14 6:00,11.8,324,3,1.6,5
22103,2025-12-14 7:00,10.7,324,2.6,1.8,6.3
22103,2025-12-14 8:00,11.4,323,2.6,1.9,6.7
22103,2025-12-14 9:00,11.7,328,3,1.8,5.9
22103,2025-12-14 10:00,14,314,2.8,1.6,4.2
22103,2025-12-14 11:00,11.8,317,2.9,1.9,4.5
22103,2025-12-14 12:00,11.2,317,3.2,1.9,5.3
22103,2025-12-14 13:00,12.7,317,3,1.8,4.5
22103,2025-12-14 14:00,11.7,316,3,2,9.1
22103,2025-12-14 15:00,11.3,319,3,1.8,7.7
22103,2025-12-14 16:00,12,328,2.4,1.8,4.8
22103,2025-12-14 17:00,12.3,328,3.1,1.7,4.5
22103,2025-12-14 18:00,10.9,329,2.9,1.7,4.8
22103,2025-12-14 19:00,10.1,327,2.2,1.6,4.5
22103,2025-12-14 20:00,9.6,330,2.3,1.5,4.8
22103,2025-12-14 21:00,9.4,329,1.9,1.4,4.5
22103,2025-12-14 22:00,7.9,329,1.7,1.3,4.2
22103,2025-12-14 23:00,7.9,330,1.7,1.1,8.3
22103,2025-12-15 0:00,6.3,330,1.7,1,3.4
22103,2025-12-15 1:00,7.1,327,1.3,1,3.4
22103,2025-12-15 2:00,8.8,325,1.5,1,3.4
22103,2025-12-15 3:00,6.9,333,1.3,1,3.6
22103,2025-12-15 4:00,7.8,319,1.5,1,7.7
22103,2025-12-15 6:00,6.9,325,1.4,1,3.7
22103,2025-12-15 7:00,6.3,335,1.3,0.9,7.1
22103,2025-12-15 8:00,7.8,331,1.5,0.9,7.1
22103,2025-12-15 9:00,8.1,322,1.2,0.9,7.7
22103,2025-12-15 10:00,7.5,319,1.6,0.9,7.1
22103,2025-12-15 11:00,5.7,332,1.8,1,7.1
22103,2025-12-15 12:00,5.5,334,1.4,0.9,7.1
22103,2025-12-15 13:00,4.7,338,1.3,0.9,6.7
22103,2025-12-15 14:00,4.3,337,1.5,0.9,10
22103,2025-12-15 15:00,2.9,310,1.1,0.9,11.8
22103,2025-12-15 16:00,2.1,288,1.1,0.7,11.8
22103,2025-12-15 17:00,3.4,291,1.1,0.8,10.5
22103,2025-12-15 18:00,3,264,1.3,0.7,11.1
22103,2025-12-15 19:00,2.3,291,1,0.7,11.1
22103,2025-12-15 20:00,3,276,1.1,0.7,10.5
22103,2025-12-15 21:00,4.1,272,1,0.6,10.5
22103,2025-12-15 22:00,3.9,301,0.9,0.6,6.7
22103,2025-12-15 23:00,3.7,320,0.9,0.6,8.3
22103,2025-12-16 0:00,4.1,328,0.9,0.6,10
22103,2025-12-16 1:00,4.3,318,0.8,0.6,11.1
22103,2025-12-16 2:00,4.8,327,1.1,0.6,11.1
22103,2025-12-16 3:00,4.5,334,0.9,0.6,11.1
22103,2025-12-16 4:00,3.8,353,1.1,0.6,10.5
22103,2025-12-16 5:00,3.1,8,1,0.6,11.1
22103,2025-12-16 6:00,2.1,42,1,0.7,11.8
22103,2025-12-16 7:00,2.5,62,0.9,0.6,10.5
22103,2025-12-16 8:00,2.6,38,1,0.6,10.5
22103,2025-12-16 9:00,3.7,47,1.1,0.6,10
22103,2025-12-16 10:00,4.2,50,0.9,0.7,10.5
22103,2025-12-16 11:00,4.8,50,0.8,0.6,11.8
22103,2025-12-16 12:00,5.2,47,0.6,0.5,12.5
22103,2025-12-16 13:00,4.6,62,0.7,0.5,11.8
22103,2025-12-16 14:00,3.9,85,0.8,0.5,12.5
22103,2025-12-16 15:00,3.9,95,0.7,0.5,11.8
22103,2025-12-16 16:00,3.8,88,0.8,0.5,11.8
22103,2025-12-16 17:00,4.1,101,0.8,0.5,11.1
22103,2025-12-16 18:00,4.8,114,0.6,0.5,11.1
22103,2025-12-16 19:00,4.2,123,0.6,0.5,10.5
22103,2025-12-16 20:00,4.8,120,0.8,0.5,9.1
22103,2025-12-16 21:00,5.1,113,0.7,0.5,10.5
22103,2025-12-16 22:00,2.4,167,0.7,0.5,9.1
22103,2025-12-16 23:00,5.2,261,0.8,0.6,10.5
22103,2025-12-17 0:00,4.8,257,0.9,0.6,11.1
22103,2025-12-17 2:00,4.2,344,0.9,0.6,10.5
22103,2025-12-17 3:00,6.2,300,0.8,0.6,11.1
22103,2025-12-17 4:00,5.9,308,0.9,0.6,10.5
22103,2025-12-17 5:00,6.1,304,0.9,0.6,10
22103,2025-12-17 6:00,7.8,323,0.9,0.6,10
22103,2025-12-17 7:00,8.2,322,0.9,0.6,9.1
22103,2025-12-17 8:00,8.4,331,1,0.7,3.2
22103,2025-12-17 9:00,10.3,328,1.2,0.8,3.3
22103,2025-12-17 10:00,9.8,329,1.3,0.9,4.2
22103,2025-12-17 11:00,10,328,1.4,1,3.8
22103,2025-12-17 12:00,9.8,322,1.6,1,4
22103,2025-12-17 13:00,10.6,316,1.5,1.1,4
22103,2025-12-17 14:00,10.4,326,1.7,1.2,3.7
22103,2025-12-17 15:00,9.3,324,1.4,1.1,4.2
22103,2025-12-17 16:00,9.8,328,1.7,1.1,4.2
22103,2025-12-17 17:00,10.4,331,1.6,1.1,3.8
22103,2025-12-17 18:00,9.6,329,1.8,1.2,4.8
22103,2025-12-17 19:00,9.7,339,1.7,1.2,4
22103,2025-12-17 20:00,9.7,327,1.8,1.1,4
22103,2025-12-17 21:00,8.3,341,1.8,1.2,4.2
22103,2025-12-17 22:00,9.8,336,1.8,1.2,4.3
22103,2025-12-17 23:00,8.2,348,1.4,1.1,3.8
22103,2025-12-18 0:00,9,343,1.4,1,3.7
22103,2025-12-18 1:00,8.4,345,1.4,1,3.8
22103,2025-12-18 2:00,7.6,347,1.3,0.9,3.8
22103,2025-12-18 3:00,8,347,1.2,0.9,3.7
22103,2025-12-18 4:00,8.4,351,1.3,0.8,3.7
22103,2025-12-18 5:00,7.9,349,1.5,0.8,3.8
22103,2025-12-18 6:00,7.8,349,1.7,0.8,3.7
22103,2025-12-18 7:00,5.5,352,1.4,0.9,4
22103,2025-12-18 8:00,6,350,0.9,0.8,3.8
22103,2025-12-18 9:00,3.9,21,1,0.7,3.7
22103,2025-12-18 10:00,2.6,20,0.8,0.6,3.8
22103,2025-12-18 11:00,2.7,21,0.8,0.6,3.6
22103,2025-12-18 12:00,1.1,348,0.8,0.5,10
22103,2025-12-18 13:00,1.2,351,0.8,0.5,8.3
22103,2025-12-18 14:00,0.8,359,0.7,0.5,6.7
22103,2025-12-18 15:00,0.6,52,0.8,0.5,5.6
22103,2025-12-18 16:00,0.6,78,0.8,0.5,6.7
22103,2025-12-18 17:00,0.9,140,0.8,0.5,10
22103,2025-12-18 18:00,1,68,0.8,0.5,9.1
22103,2025-12-18 19:00,0.3,330,0.8,0.5,9.1
22103,2025-12-18 20:00,0.8,55,0.7,0.5,9.1
22103,2025-12-18 21:00,0.7,81,0.7,0.4,9.1
22103,2025-12-18 22:00,2.1,70,0.8,0.5,9.1
22103,2025-12-18 23:00,2.2,43,0.9,0.5,9.1
22103,2025-12-19 0:00,2.3,34,0.7,0.5,9.1
22103,2025-12-19 1:00,1.9,61,0.7,0.5,9.1
22103,2025-12-19 2:00,3.2,192,0.7,0.4,7.7
22103,2025-12-19 3:00,2.3,90,0.7,0.5,8.3
22103,2025-12-19 4:00,3.9,183,0.7,0.5,7.7
22103,2025-12-19 5:00,4.1,208,0.9,0.5,8.3
22103,2025-12-19 6:00,1.4,172,0.9,0.6,3.2
22103,2025-12-19 7:00,6.6,189,0.9,0.6,3.1
22103,2025-12-19 8:00,6.5,193,1,0.7,3.3
22103,2025-12-19 9:00,6.5,181,1.1,0.8,3.8
22103,2025-12-19 10:00,6.8,170,1.7,0.9,4.2
22103,2025-12-19 11:00,4.6,165,1.4,0.9,4.2
22103,2025-12-19 12:00,5.3,184,1.3,0.9,4
22103,2025-12-19 13:00,5.9,209,1.4,0.9,4.2
22103,2025-12-19 14:00,4.8,7,1.2,0.8,4
22103,2025-12-19 15:00,5.4,38,1.1,0.8,3.8
22103,2025-12-19 16:00,4.3,49,1.1,0.8,4.5
22103,2025-12-19 17:00,4,50,1.2,0.7,4.5
22103,2025-12-19 18:00,3.9,34,1.2,0.7,4.3
22103,2025-12-19 19:00,3.9,67,1.1,0.7,4.5
22103,2025-12-19 20:00,3.2,70,1,0.7,4.8
22103,2025-12-19 21:00,3.6,73,1.2,0.7,4.5
22103,2025-12-19 22:00,2.9,57,1.4,0.8,5.3
22103,2025-12-19 23:00,3,61,1.4,0.9,5.3
22103,2025-12-20 0:00,1.9,77,1.4,1,5.6
22103,2025-12-20 1:00,1.8,38,1.4,0.9,5.6
22103,2025-12-20 2:00,2.8,47,1.3,0.9,5.6
22103,2025-12-20 3:00,2.2,44,2,0.8,5.6
22103,2025-12-20 4:00,2.7,80,1.4,0.9,5.9
22103,2025-12-20 5:00,2.5,58,1.7,0.9,5.6
22103,2025-12-20 6:00,2.7,75,1.5,0.9,6.3
22103,2025-12-20 7:00,2.8,72,1.5,0.8,5.6
22103,2025-12-20 8:00,4,107,1.3,0.8,5.9
22103,2025-12-20 9:00,3.2,107,1.3,0.7,5.6
22103,2025-12-20 10:00,1,5,1,0.7,5.3
22103,2025-12-20 11:00,0.7,274,1.1,0.8,5
22103,2025-12-20 12:00,1.9,339,1.2,0.7,4.8
22103,2025-12-20 13:00,1,267,1.1,0.8,5.3
22103,2025-12-20 14:00,1,351,1,0.7,5.3
22103,2025-12-20 15:00,2.6,348,1.2,0.7,5.9
22103,2025-12-20 16:00,3.8,294,1,0.7,5.6
22103,2025-12-20 17:00,3.6,274,0.9,0.7,5
22103,2025-12-20 18:00,4.1,341,0.9,0.6,6.3
22103,2025-12-20 19:00,3.4,305,1,0.6,6.3
22103,2025-12-20 20:00,6.4,319,1,0.6,6.3
22103,2025-12-20 21:00,8.1,324,1.1,0.7,5.6
22103,2025-12-20 22:00,9.2,317,1.3,0.9,3.2
22103,2025-12-20 23:00,10.9,318,1.7,1,4
22103,2025-12-21 0:00,11.9,326,2.1,1.1,4
22103,2025-12-21 3:00,12.3,331,2,1.3,4.3
22103,2025-12-21 4:00,11,342,2.1,1.4,4.8
22103,2025-12-21 5:00,13,345,3.7,1.6,4.8
22103,2025-12-21 6:00,14,338,2.5,1.8,5
22103,2025-12-21 7:00,12.1,345,2.6,1.8,4.8
22103,2025-12-21 8:00,9.5,328,2.3,1.5,5.3
22103,2025-12-21 9:00,9.1,328,2.4,1.5,5
22103,2025-12-21 10:00,10,325,2.2,1.4,4.8
22103,2025-12-21 11:00,10.6,323,2.4,1.3,4.5
22103,2025-12-21 12:00,10.7,332,1.8,1.3,4.5
22103,2025-12-21 13:00,10.9,336,2.2,1.3,4.8
22103,2025-12-21 14:00,11.2,335,2.1,1.3,4
22103,2025-12-21 15:00,10.5,346,2,1.2,4.5
22103,2025-12-21 16:00,9.1,347,1.9,1.3,4.2
22103,2025-12-21 17:00,8,349,1.9,1.2,4.2
22103,2025-12-21 18:00,7.2,350,1.6,1.1,3.8
22103,2025-12-21 19:00,7.8,347,1.6,1,4.2
22103,2025-12-21 20:00,7.5,356,1.6,1.1,4.2
22103,2025-12-21 21:00,7.1,357,1.4,1.1,3.8
22103,2025-12-21 22:00,6.8,0,1.6,1,4.2
22103,2025-12-21 23:00,6,352,1.5,0.9,4.2
22103,2025-12-22 0:00,5.3,353,1.3,0.9,3.8
22103,2025-12-22 1:00,5.3,358,1.4,0.9,3.7
22103,2025-12-22 2:00,6,10,1.5,0.9,6.3
22103,2025-12-22 3:00,6.3,32,1.4,0.9,4.8
22103,2025-12-22 4:00,7.9,27,1.3,0.9,5.9
22103,2025-12-22 5:00,6.8,29,1.4,0.9,4.2
22103,2025-12-22 6:00,7.7,29,1.6,0.9,4.3
22103,2025-12-22 7:00,7.9,34,1.7,1,4
22103,2025-12-22 8:00,7.2,43,1.7,1,4.3
22103,2025-12-22 9:00,6.6,49,1.4,1.1,5
22103,2025-12-22 10:00,6.5,56,1.2,0.9,4.3
22103,2025-12-22 11:00,6.8,44,1.1,0.9,4.3
22103,2025-12-22 12:00,5.1,53,1.1,0.7,3.8
22103,2025-12-22 13:00,5.4,44,1.4,0.7,4.2
22103,2025-12-22 14:00,5.8,49,1.1,0.8,4.3
22103,2025-12-22 15:00,5.7,48,1.3,0.8,5.9
22103,2025-12-22 16:00,7.4,54,1.1,0.7,7.1
22103,2025-12-22 17:00,8.4,54,1.4,0.8,6.3
22103,2025-12-22 18:00,7.9,61,1.6,0.9,5.9
22103,2025-12-22 19:00,8.4,58,1.7,1.1,5.6
22103,2025-12-22 20:00,8.4,46,1.7,1.1,5.6
22103,2025-12-22 21:00,8.6,91,1.7,1.2,5.6
22103,2025-12-22 22:00,7.4,88,2,1.2,5.6
22103,2025-12-22 23:00,7.7,82,1.9,1.2,5.6
22103,2025-12-23 0:00,7.8,83,1.8,1.1,5.9
22103,2025-12-23 1:00,6.6,68,1.9,1.2,5.9
22103,2025-12-23 2:00,6.8,54,1.8,1.1,6.3
22103,2025-12-23 3:00,9.1,54,1.5,1.1,5.6
22103,2025-12-23 4:00,9.3,72,1.9,1.1,6.7
22103,2025-12-23 5:00,8.8,78,2.1,1.2,5
22103,2025-12-23 6:00,7.4,76,2.2,1.2,4.8
22103,2025-12-23 7:00,8.9,82,2.2,1.3,5
22103,2025-12-23 8:00,6.5,82,1.7,1.2,5
22103,2025-12-23 9:00,5.4,115,1.7,1.1,4.8
22103,2025-12-23 10:00,4.2,90,1.5,1,5.6
22103,2025-12-23 11:00,6,119,1.3,1,4.3
22103,2025-12-23 12:00,7.8,146,1.5,1,4.8
22103,2025-12-23 13:00,6,159,1.4,1,10.5
22103,2025-12-23 14:00,4.3,195,1.3,0.9,5.3
22103,2025-12-23 15:00,2.5,222,1.4,0.9,9.1
22103,2025-12-23 16:00,2.7,235,1.3,0.9,5.6
22103,2025-12-23 17:00,5.2,51,1.3,0.9,5.6
22103,2025-12-23 18:00,5.5,85,1.1,0.8,4.3
22103,2025-12-23 19:00,4.9,81,1.1,0.7,10.5
22103,2025-12-23 20:00,4.1,75,1,0.7,10
22103,2025-12-23 21:00,3.7,103,1,0.7,10
22103,2025-12-23 22:00,2.7,102,0.9,0.6,10
22103,2025-12-23 23:00,2.4,177,1,0.6,10
22103,2025-12-24 0:00,3.2,11,0.9,0.6,8.3
22103,2025-12-24 1:00,5.2,30,0.9,0.6,4.2
22103,2025-12-24 2:00,4.4,30,1,0.7,4.5
22103,2025-12-24 3:00,4.2,10,1,0.7,4.5
22103,2025-12-24 4:00,4.5,356,1,0.7,5.6
22103,2025-12-24 5:00,3.3,18,1.3,0.7,5
22103,2025-12-24 6:00,6,324,1.2,0.7,5.3
22103,2025-12-24 7:00,2.7,321,1.4,0.7,5.9
22103,2025-12-24 8:00,4.3,311,1.3,0.8,5.9
22103,2025-12-24 9:00,6.2,327,1.4,0.8,6.3
22103,2025-12-24 10:00,6.1,326,1.5,0.9,7.1
22103,2025-12-24 11:00,8.3,322,1.5,1,7.1
22103,2025-12-24 12:00,8.8,328,2,1.1,7.1
22103,2025-12-24 13:00,8.8,327,2,1.2,5
22103,2025-12-24 14:00,9.7,327,2,1.2,4
22103,2025-12-24 15:00,9.2,321,1.7,1.2,5.6
22103,2025-12-24 16:00,9.1,324,1.8,1.2,4.2
22103,2025-12-24 17:00,8.3,335,1.6,1.1,3.6
22103,2025-12-24 18:00,8.9,330,1.5,1.1,3.8
22103,2025-12-24 19:00,9.1,334,1.6,1,3.7
22103,2025-12-24 20:00,8.4,339,1.7,1.1,4
22103,2025-12-24 21:00,8.6,345,1.6,1.1,3.8
22103,2025-12-24 22:00,10,335,1.5,1.1,3.8
22103,2025-12-24 23:00,10.2,341,1.6,1.1,4
22103,2025-12-25 0:00,10.4,333,1.9,1.2,4
22103,2025-12-25 1:00,10.1,331,1.9,1.2,4.3
22103,2025-12-25 2:00,11.6,329,2.4,1.4,4.5
22103,2025-12-25 3:00,11,327,2.3,1.4,4.8
22103,2025-12-25 4:00,12.9,326,2.3,1.5,4.3
22103,2025-12-25 5:00,11.2,330,2.8,1.5,4.8
22103,2025-12-25 6:00,12.5,330,2.8,1.6,5
22103,2025-12-25 7:00,13.2,324,3,1.7,4.8
22103,2025-12-25 8:00,13.1,329,3,1.8,4.8
22103,2025-12-25 9:00,13.2,327,2.8,1.7,5
22103,2025-12-25 10:00,13.3,342,3.3,1.8,5.3
22103,2025-12-25 11:00,12.9,328,2.9,1.8,5.6
22103,2025-12-25 12:00,15.1,326,3.4,2,5.6
22103,2025-12-25 13:00,13.9,332,3.8,1.9,5.3
22103,2025-12-25 14:00,14.2,323,3.8,1.9,5.3
22103,2025-12-25 15:00,13.1,337,2.9,1.8,5.6
22103,2025-12-25 16:00,13.9,327,3,1.8,5
22103,2025-12-25 17:00,13.3,324,3.2,1.8,5
22103,2025-12-25 18:00,13.7,327,3.1,1.8,5.3
22103,2025-12-25 19:00,15.8,330,3.3,2,5
22103,2025-12-25 20:00,15.7,332,3.2,2.1,5.3
22103,2025-12-25 21:00,15.7,325,3.5,2.1,5.3
22103,2025-12-25 22:00,16.2,323,3.6,2,5.6
22103,2025-12-25 23:00,16,324,3.3,2.4,5.3
22103,2025-12-26 0:00,15.3,327,3.2,2.3,5.6
22103,2025-12-26 1:00,13.8,336,4,2.3,5.9
22103,2025-12-26 2:00,14.7,324,3.2,2.2,5.6
22103,2025-12-26 3:00,14.5,324,3.3,2.1,5.6
22103,2025-12-26 4:00,14.9,329,3,2,5.6
22103,2025-12-26 5:00,12.1,352,2.8,2,5
22103,2025-12-26 6:00,11.8,346,2.7,1.9,5
22103,2025-12-26 7:00,10.8,340,2.7,1.7,4.8
22103,2025-12-26 8:00,12.2,341,2.7,1.8,5
22103,2025-12-26 9:00,13.1,341,2.4,1.8,5
22103,2025-12-26 10:00,12.7,341,2.9,1.7,4.8
22103,2025-12-26 11:00,11.7,339,2.3,1.6,4.8
22103,2025-12-26 12:00,10.9,330,2.2,1.6,4.5
22103,2025-12-26 13:00,10.2,337,1.9,1.3,4.5
22103,2025-12-26 14:00,9.3,328,2,1.4,4.3
22103,2025-12-26 15:00,10.8,334,1.9,1.3,4.5
22103,2025-12-26 16:00,9.9,331,2.1,1.3,4.3
22103,2025-12-26 17:00,11,330,1.8,1.2,4.5
22103,2025-12-26 18:00,11.2,341,1.8,1.2,4.3
22103,2025-12-26 19:00,12.4,333,1.8,1.2,4.2
22103,2025-12-26 20:00,12,334,1.8,1.3,4.2
22103,2025-12-26 21:00,12.5,340,2.2,1.5,4.3
22103,2025-12-26 22:00,13,349,2.7,1.5,4.5
22103,2025-12-26 23:00,12.1,340,2.9,1.5,4.3
22103,2025-12-27 0:00,11.1,349,2.7,1.7,4.5
22103,2025-12-27 1:00,11.3,352,2.4,1.7,4.8
22103,2025-12-27 2:00,9.7,345,2.5,1.6,4.8
22103,2025-12-27 3:00,10.2,342,2,1.5,5.3
22103,2025-12-27 4:00,10.1,336,2.5,1.4,5
22103,2025-12-27 5:00,9.2,341,2.1,1.3,4.5
22103,2025-12-27 6:00,10.5,344,1.7,1.2,4.5
22103,2025-12-27 7:00,9.5,345,1.6,1.2,4
22103,2025-12-27 8:00,7.9,350,1.7,1,3.8
22103,2025-12-27 9:00,6.5,358,1.6,1,4.2
22103,2025-12-27 10:00,7.3,356,1.2,0.9,3.7
22103,2025-12-27 11:00,6.5,351,1.4,0.8,3.6
22103,2025-12-27 12:00,6.4,352,1,0.8,10.5
22103,2025-12-27 13:00,5.7,334,1.1,0.8,10
22103,2025-12-27 14:00,4.6,332,0.9,0.7,9.1
22103,2025-12-27 15:00,5.3,334,0.9,0.6,11.1
22103,2025-12-27 16:00,5,330,0.8,0.5,10
22103,2025-12-27 17:00,5.4,335,0.9,0.5,10.5
22103,2025-12-27 18:00,4.2,318,0.7,0.5,11.1
22103,2025-12-27 19:00,4.5,323,0.7,0.4,10.5
22103,2025-12-27 20:00,4.2,344,0.8,0.5,10.5
22103,2025-12-27 21:00,3.9,346,0.6,0.4,10.5
22103,2025-12-27 22:00,4.4,345,0.5,0.4,10.5
22103,2025-12-27 23:00,4.2,324,0.6,0.4,10.5
22103,2025-12-28 0:00,4.7,310,0.7,0.4,11.1
22103,2025-12-28 1:00,4.5,295,0.7,0.4,10.5
22103,2025-12-28 2:00,3.1,296,0.6,0.5,9.1
22103,2025-12-28 3:00,1.7,281,0.6,0.4,9.1
22103,2025-12-28 4:00,2.3,277,0.6,0.4,10.5
22103,2025-12-28 5:00,2.5,288,0.6,0.4,9.1
22103,2025-12-28 6:00,2,305,0.5,0.4,9.1
22103,2025-12-28 7:00,2.4,324,0.6,0.4,10
22103,2025-12-28 8:00,2,354,0.5,0.4,7.1
22103,2025-12-28 9:00,2.7,289,0.5,0.4,6.7
22103,2025-12-28 10:00,3.4,305,0.5,0.3,5.9
22103,2025-12-28 11:00,2.7,327,0.5,0.3,10
22103,2025-12-28 12:00,2.3,329,0.7,0.3,5.3
22103,2025-12-28 13:00,0.5,353,0.6,0.3,6.7
22103,2025-12-28 14:00,0.8,343,0.5,0.3,5.9
22103,2025-12-28 15:00,1.6,249,0.5,0.3,7.1
22103,2025-12-28 16:00,1.1,287,0.5,0.3,10.5
22103,2025-12-28 17:00,1.3,261,0.5,0.3,6.3
22103,2025-12-28 18:00,0.6,196,0.6,0.3,9.1
22103,2025-12-28 19:00,1.7,139,0.5,0.3,10.5
22103,2025-12-28 20:00,2.5,176,0.4,0.3,10.5
22103,2025-12-28 21:00,4.4,206,0.4,0.3,9.1
22103,2025-12-28 22:00,7.3,204,0.6,0.3,9.1
22103,2025-12-28 23:00,7,225,0.8,0.5,2.8
22103,2025-12-29 0:00,6.3,245,1,0.7,3.6
22103,2025-12-29 1:00,8.6,253,1.2,0.6,3.3
22103,2025-12-29 2:00,9.2,273,1.4,0.9,3.8
22103,2025-12-29 3:00,9.4,274,1.4,1,4
22103,2025-12-29 4:00,5.4,312,2,1,4.3
22103,2025-12-29 5:00,5.5,295,2,1,4.3
22103,2025-12-29 6:00,8.6,283,1.8,1,4.8
22103,2025-12-29 7:00,8.3,285,1.8,1.2,5
22103,2025-12-29 8:00,5.1,350,1.4,1.1,5
22103,2025-12-29 9:00,4.1,333,1.4,1.1,4.5
22103,2025-12-29 10:00,5.6,318,1.4,1,4.8
22103,2025-12-29 11:00,5.3,310,1.4,1,5.3
22103,2025-12-29 12:00,7.4,269,1.3,1,5
22103,2025-12-29 13:00,7.5,273,1.4,1,4.8
22103,2025-12-29 14:00,7.1,286,1.7,0.9,5.3
22103,2025-12-29 15:00,6.6,298,1.4,0.9,5.3
22103,2025-12-29 16:00,6.7,303,1.3,0.9,5.3
22103,2025-12-29 17:00,5.5,307,1.2,0.8,4.8
22103,2025-12-29 18:00,8.3,293,1.6,0.9,4.8
22103,2025-12-29 19:00,7.8,308,1.4,0.9,4.5
22103,2025-12-29 20:00,7.6,305,1.3,0.9,4.3
22103,2025-12-29 21:00,6.9,316,1.3,0.9,4.5
22103,2025-12-29 22:00,7.1,327,1.2,0.8,4
22103,2025-12-29 23:00,6.6,325,1,0.8,4.8
22103,2025-12-30 0:00,7.9,326,1.2,0.7,4.2
22103,2025-12-30 1:00,6.4,337,0.9,0.7,5
22103,2025-12-30 2:00,7.4,333,1.1,0.6,4.8
22103,2025-12-30 3:00,6.5,346,1.3,0.8,3.4
22103,2025-12-30 4:00,7,346,1.3,0.7,3.7
22103,2025-12-30 5:00,7.8,353,1.5,0.8,3.6
22103,2025-12-30 6:00,8.2,349,1.3,0.9,4.2
22103,2025-12-30 7:00,8.1,344,1.4,0.9,4.2
22103,2025-12-30 8:00,8.6,341,1.2,0.9,4.3
22103,2025-12-30 9:00,7.6,356,1.2,0.8,4
22103,2025-12-30 10:00,8.1,350,1.1,0.8,3.7
22103,2025-12-30 11:00,6.8,350,1.2,0.8,3.8
22103,2025-12-30 12:00,7.1,351,1,0.7,3.4
22103,2025-12-30 13:00,7.1,344,1.1,0.7,3.2
22103,2025-12-30 14:00,6.2,351,1,0.7,3.3
22103,2025-12-30 15:00,5.3,355,0.9,0.6,3.3
22103,2025-12-30 16:00,6.1,6,1,0.6,2.8
22103,2025-12-30 17:00,6,357,0.9,0.6,3.4
22103,2025-12-30 18:00,7.5,15,0.9,0.6,2.9
22103,2025-12-30 19:00,6.8,11,0.9,0.6,3.7
22103,2025-12-30 20:00,6.3,13,0.9,0.6,3.2
22103,2025-12-30 21:00,7.3,356,0.9,0.6,2.8
22103,2025-12-30 22:00,7.3,5,0.9,0.7,2.9
22103,2025-12-30 23:00,6.5,11,1.3,0.7,3.3
22103,2025-12-31 0:00,5.9,10,1.2,0.8,3.3
22103,2025-12-31 1:00,5.8,4,1,0.7,3.6
22103,2025-12-31 2:00,7.5,1,1,0.6,3.4
22103,2025-12-31 3:00,10.3,347,1.6,0.7,3.6
22103,2025-12-31 4:00,10.3,2,1.9,1,3.7
22103,2025-12-31 5:00,9.7,2,1.8,1.2,4.2
22103,2025-12-31 6:00,9.7,347,1.7,1.1,4
22103,2025-12-31 7:00,8.4,349,1.4,1,4
22103,2025-12-31 8:00,9.1,339,1.3,1,3.7
22103,2025-12-31 9:00,10,351,1.4,0.9,3.7
22103,2025-12-31 10:00,11.4,346,2,1.1,4
22103,2025-12-31 11:00,10.4,340,1.9,1.2,4.3
22103,2025-12-31 12:00,10,337,2.2,1.2,4.5
22103,2025-12-31 13:00,10.5,336,1.8,1.3,4.5
22103,2025-12-31 14:00,9.6,342,1.6,1.1,4.2
22103,2025-12-31 15:00,10.1,330,1.4,1,4
22103,2025-12-31 16:00,10.1,340,1.5,1.1,4
22103,2025-12-31 17:00,8,341,1.5,1,4
22103,2025-12-31 18:00,9.7,329,1.6,1.1,4.2
22103,2025-12-31 19:00,10.6,336,1.9,1.1,4.2
22103,2025-12-31 20:00,10.3,337,2.4,1.3,4.3
22103,2025-12-31 21:00,11.6,348,2.2,1.4,4.3
22103,2025-12-31 22:00,12.7,341,2.6,1.6,4.5
22103,2025-12-31 23:00,13.3,339,2.8,1.5,4.8
22103,2026-01-01 0:00,12.9,339,2.5,1.6,5
22103,2026-01-01 1:00,12.2,343,2.7,1.6,4.8
22103,2026-01-01 2:00,13.3,346,2.6,1.8,5
22103,2026-01-01 3:00,10.4,348,2.8,2,5
22103,2026-01-01 4:00,10.3,352,2.3,1.8,5
22103,2026-01-01 5:00,10,344,2.2,1.5,4.8
22103,2026-01-01 6:00,10.5,355,2.3,1.5,5
22103,2026-01-01 7:00,11,347,2,1.4,4.8
22103,2026-01-01 8:00,10.6,337,2.1,1.3,4.8
22103,2026-01-01 9:00,11.5,338,2.1,1.3,4.8
22103,2026-01-01 10:00,10.9,338,2.2,1.2,4.3
22103,2026-01-01 11:00,10.9,328,1.9,1.3,4
22103,2026-01-01 12:00,10.7,338,1.6,1.1,4.3
22103,2026-01-01 13:00,9.8,337,1.7,1.2,4
22103,2026-01-01 14:00,10.4,333,1.8,1.1,4
22103,2026-01-01 15:00,9.1,334,1.5,1.1,4.3
22103,2026-01-01 16:00,9.7,339,1.6,1.1,3.8
22103,2026-01-01 17:00,9.4,334,1.8,1.1,4
22103,2026-01-01 18:00,9.6,336,1.8,1.1,4
22103,2026-01-01 19:00,10.7,337,2,1.2,4
22103,2026-01-01 20:00,8.2,332,1.9,1.3,4.5
22103,2026-01-01 21:00,7.8,322,1.8,1.1,4.2
22103,2026-01-01 22:00,7.8,309,1.2,1,4
22103,2026-01-01 23:00,6.6,314,1.3,0.9,3.8
22103,2026-01-02 0:00,6.5,336,1,0.7,3.8
22103,2026-01-02 1:00,10.9,351,1.3,0.7,3
22103,2026-01-02 2:00,10.5,341,1.8,0.9,3.6
22103,2026-01-02 3:00,8.8,337,1.3,1,3.8
22103,2026-01-02 4:00,8.7,340,1.4,1,3.7
22103,2026-01-02 5:00,10.9,355,1.6,1,3.8
22103,2026-01-02 6:00,11.4,343,1.6,1.1,4
22103,2026-01-02 7:00,11,332,2,1.3,4.3
22103,2026-01-02 8:00,12.6,334,2.5,1.4,4.3
22103,2026-01-02 9:00,12.5,325,2.6,1.6,5
22103,2026-01-02 10:00,13,332,2.8,1.7,5
22103,2026-01-02 11:00,12.3,327,2.3,1.6,4.8
22103,2026-01-02 12:00,13.6,325,3.1,1.6,5
22103,2026-01-02 13:00,11.7,335,2.7,1.6,4.5
22103,2026-01-02 14:00,12.5,331,2.5,1.8,4.8
22103,2026-01-02 15:00,13.1,326,2.6,1.6,4.8
22103,2026-01-02 16:00,11.8,334,2.2,1.6,4.5
22103,2026-01-02 17:00,10.1,334,2.6,1.5,4.5
22103,2026-01-02 18:00,13.9,325,2.5,1.7,4.5
22103,2026-01-02 19:00,14.3,332,2.9,1.8,5
22103,2026-01-02 20:00,13,332,2.7,1.8,5.3
22103,2026-01-02 21:00,13.6,331,2.9,1.9,5.3
22103,2026-01-02 22:00,14.1,329,3.7,1.9,5.3
22103,2026-01-02 23:00,13.7,329,2.8,1.9,5.3
22103,2026-01-03 0:00,14.1,331,2.6,2,5.6
22103,2026-01-03 1:00,13.2,325,3,1.9,4.8
22103,2026-01-03 2:00,13.5,330,2.6,1.8,5
22103,2026-01-03 3:00,14.1,334,2.6,1.8,4.8
22103,2026-01-03 4:00,11.6,335,2.9,1.7,4.8
22103,2026-01-03 5:00,10.1,324,3.1,1.8,5
22103,2026-01-03 6:00,12,327,2.9,1.6,4.8
22103,2026-01-03 7:00,10.8,330,2.5,1.8,5
22103,2026-01-03 8:00,11.7,317,2.7,1.7,5
22103,2026-01-03 9:00,11.5,325,2.8,1.6,5.6
22103,2026-01-03 10:00,11.3,327,2.1,1.5,4.5
22103,2026-01-03 11:00,11.8,330,2.1,1.3,4.3
22103,2026-01-03 12:00,9.9,333,1.9,1.3,5.6
22103,2026-01-03 13:00,8.1,328,1.6,1.1,4
22103,2026-01-03 14:00,10.4,308,1.5,1.1,9.1
22103,2026-01-03 15:00,10.1,317,1.5,1.1,3.6
22103,2026-01-03 16:00,9.2,322,1.6,1,3.7
22103,2026-01-03 17:00,9,328,1.5,1.1,3.6
22103,2026-01-03 18:00,7.1,323,1.5,1.1,3.7
22103,2026-01-03 19:00,8.7,329,1.5,1.1,5.3
22103,2026-01-03 20:00,7.1,325,1.5,1.1,4
22103,2026-01-03 21:00,8.4,341,1.3,1.1,3.8
22103,2026-01-03 22:00,9,337,1.6,1,3.7
22103,2026-01-03 23:00,7.4,329,1.4,1,3.8
22103,2026-01-04 0:00,9,323,1.2,1,3.4
22103,2026-01-04 1:00,9.4,328,1.3,0.9,3.3
22103,2026-01-04 2:00,9,321,1.6,0.9,3.6
22103,2026-01-04 3:00,9.4,328,1.5,1,3.6
22103,2026-01-04 4:00,10.3,316,1.4,1,4
22103,2026-01-04 5:00,9.6,317,1.2,1,3.7
22103,2026-01-04 6:00,9.4,316,1.5,0.9,3.4
22103,2026-01-04 7:00,8.8,308,1.3,0.9,3.7
22103,2026-01-04 8:00,8.3,311,1.7,1,3.7
22103,2026-01-04 9:00,8.6,310,1.6,0.9,4.2
22103,2026-01-04 10:00,9.4,308,1.7,1,4.2
22103,2026-01-04 11:00,8.7,314,1.5,1,4
22103,2026-01-04 12:00,7,305,1.4,0.9,4
22103,2026-01-04 13:00,7.3,312,1.1,0.9,4
22103,2026-01-04 14:00,8.7,300,1.5,0.9,4.2
22103,2026-01-04 15:00,8.3,312,1.4,0.9,3.2
22103,2026-01-04 16:00,7.8,311,1.2,0.9,4.3
22103,2026-01-04 17:00,7.7,302,1.1,0.8,4
22103,2026-01-04 18:00,7,318,1.1,0.8,4
22103,2026-01-04 19:00,6.6,313,1.3,0.8,4.5
22103,2026-01-04 20:00,8.5,313,1,0.7,4.2
22103,2026-01-04 21:00,8.7,315,1.5,0.8,3.8
22103,2026-01-04 22:00,9.8,308,1.4,0.8,3.4
22103,2026-01-04 23:00,9.7,309,1.3,0.9,3.7
22103,2026-01-05 0:00,9.8,321,1.3,0.9,3.8
22103,2026-01-05 1:00,10.3,327,1.5,0.9,4.2
22103,2026-01-05 2:00,9.5,326,1.6,1.1,3.8
22103,2026-01-05 3:00,10.3,321,1.8,1,4
22103,2026-01-05 4:00,9.9,327,1.3,0.9,3.8
22103,2026-01-05 5:00,9.2,330,1.3,0.8,3.6
22103,2026-01-05 6:00,9.9,324,1.7,0.9,3.7
22103,2026-01-05 7:00,8.2,328,1.3,1,3.8
22103,2026-01-05 8:00,10.2,331,1.5,1,4
22103,2026-01-05 9:00,9.2,332,1.6,1.1,4
22103,2026-01-05 10:00,10.7,330,1.6,1.1,4.5
22103,2026-01-05 11:00,7.9,319,1.8,1.2,4.8
22103,2026-01-05 12:00,7.9,333,1.5,1.1,4.5
22103,2026-01-05 13:00,9.1,337,1.9,1,4.5
22103,2026-01-05 14:00,8.6,318,1.5,1,4.2
22103,2026-01-05 15:00,7.6,318,1.4,1,4.2
22103,2026-01-05 16:00,9,321,2,1,4
22103,2026-01-05 17:00,8.7,327,1.8,1.1,4
22103,2026-01-05 18:00,8.7,338,1.8,1.1,4.8
22103,2026-01-05 19:00,10.3,329,1.9,1.1,3.6
22103,2026-01-05 20:00,11.9,332,2,1.3,4.3
22103,2026-01-05 21:00,11.6,327,2.6,1.3,4.2
22103,2026-01-05 23:00,10.5,332,2.3,1.3,4.5
22103,2026-01-06 0:00,10.1,336,1.9,1.3,4.3
22103,2026-01-06 1:00,9.1,336,1.9,1.3,4.3
22103,2026-01-06 4:00,9,331,1.8,1.1,3.8
22103,2026-01-06 6:00,10.1,333,1.9,1.1,4.2
22103,2026-01-06 7:00,9.5,336,1.8,1.1,4.2
22103,2026-01-06 8:00,9.8,336,1.5,1.1,4.2
22103,2026-01-06 9:00,8,345,1.7,1.1,4.2
22103,2026-01-06 10:00,5,349,2.1,1,4.3
22103,2026-01-06 11:00,3.2,334,1.4,1,4.5
22103,2026-01-06 12:00,3.3,343,1,0.9,4.2
22103,2026-01-06 13:00,3.5,304,1.1,0.7,4.2
22103,2026-01-06 14:00,5,328,1,0.7,4
22103,2026-01-06 15:00,5.5,322,0.8,0.7,9.1
22103,2026-01-06 16:00,5.7,319,0.8,0.6,7.7
22103,2026-01-06 17:00,5.7,307,0.8,0.6,7.7
22103,2026-01-06 18:00,4.9,320,1.1,0.6,8.3
22103,2026-01-06 19:00,5.6,317,0.8,0.6,8.3
22103,2026-01-06 20:00,6.2,323,1,0.6,4.3
22103,2026-01-06 21:00,6.4,318,1,0.7,4.3
22103,2026-01-06 22:00,9.2,327,1.1,0.7,3.1
22103,2026-01-07 1:00,10.4,331,2,1.2,4.2
22103,2026-01-07 3:00,8.5,339,1.8,1,4
22103,2026-01-07 4:00,9.3,325,1.2,0.9,3.7
22103,2026-01-07 5:00,9.3,320,1.2,0.8,4
22103,2026-01-07 6:00,10.1,326,1.6,0.9,3.2
22103,2026-01-07 7:00,9.6,322,1.2,0.9,3.3
22103,2026-01-07 8:00,9.2,323,1.5,0.8,3.4
22103,2026-01-07 9:00,9.6,310,1.1,0.9,3.6
22103,2026-01-07 10:00,9.6,320,1.5,0.9,4.3
22103,2026-01-07 11:00,9.8,313,1.7,1,3.8
22103,2026-01-07 12:00,10.8,305,1.7,1.1,4.3
22103,2026-01-07 13:00,10.8,305,1.7,1.2,5.6
22103,2026-01-07 14:00,10.1,304,2.7,1.3,5.3
22103,2026-01-07 15:00,11.7,303,2.1,1.5,5.9
22103,2026-01-07 16:00,9.8,320,2.4,1.7,6.7
22103,2026-01-07 17:00,11.5,314,2.5,1.6,6.7
22103,2026-01-07 18:00,11.2,322,2.6,1.6,6.7
22103,2026-01-07 19:00,13.2,327,2.8,1.6,4
22103,2026-01-07 20:00,12,318,2.6,1.9,6.7
22103,2026-01-07 21:00,10.6,326,2.7,1.7,7.1
22103,2026-01-07 22:00,11.3,330,2.7,1.7,5
22103,2026-01-07 23:00,11.1,325,2.8,1.6,5
22103,2026-01-08 1:00,10.8,327,2.7,1.6,5.3
22103,2026-01-08 3:00,12.9,342,2.5,1.6,5
22103,2026-01-08 4:00,11.7,331,2.3,1.5,5
22103,2026-01-08 5:00,11.7,338,2.6,1.6,5
22103,2026-01-08 6:00,11.1,333,2.8,1.6,4.5
22103,2026-01-08 7:00,11,341,2.5,1.6,4.3
22103,2026-01-08 8:00,10.9,334,2.7,1.4,4.5
22103,2026-01-08 9:00,10.2,340,2.5,1.5,4.5
22103,2026-01-08 10:00,8.9,332,2.5,1.6,4.8
22103,2026-01-08 11:00,9,333,1.9,1.3,4.8
22103,2026-01-08 12:00,8.6,327,2.1,1.2,4.5
22103,2026-01-08 13:00,8.3,334,1.6,1.1,4.5
22103,2026-01-08 14:00,8.3,323,1.5,1.1,4.2
22103,2026-01-08 15:00,9.4,324,1.6,1,4.2
22103,2026-01-08 16:00,8.8,324,1.7,1,4.8
22103,2026-01-08 17:00,8.1,325,1.6,1,4
22103,2026-01-08 18:00,8.9,325,1.4,1,3.8
22103,2026-01-08 19:00,9.6,323,1.7,1,3.7
22103,2026-01-08 20:00,8.7,327,1.5,1,3.6
22103,2026-01-08 21:00,10,324,1.3,1,3.6
22103,2026-01-09 0:00,10.5,328,2.3,1.2,4.3
22103,2026-01-09 3:00,9.5,323,1.7,1.2,4.5
22103,2026-01-09 4:00,8.4,329,1.6,1.1,4
22103,2026-01-09 5:00,9.3,326,1.8,1,4
22103,2026-01-09 6:00,9,325,1.4,0.9,3.7
22103,2026-01-09 7:00,7.4,319,1.4,0.9,3.4
22103,2026-01-09 8:00,6.8,321,1.1,0.8,3.4
22103,2026-01-09 9:00,5.4,317,0.9,0.7,3.2
22103,2026-01-09 10:00,3.9,313,1,0.6,3.2
22103,2026-01-09 11:00,3,291,0.8,0.6,10
22103,2026-01-09 12:00,4.5,303,0.9,0.6,7.7
22103,2026-01-09 13:00,3.8,297,0.9,0.6,10
22103,2026-01-09 14:00,5.7,280,0.8,0.5,10
22103,2026-01-09 15:00,6.9,281,0.7,0.5,10.5
22103,2026-01-09 16:00,6.1,260,0.9,0.6,10.5
22103,2026-01-09 17:00,5.3,243,0.8,0.6,9.1
22103,2026-01-09 18:00,5.6,227,0.9,0.6,3.3
22103,2026-01-09 19:00,7.9,233,0.9,0.6,10
22103,2026-01-09 20:00,7.2,237,0.9,0.6,3.2
22103,2026-01-09 21:00,8.6,246,1,0.7,3.1
22103,2026-01-09 22:00,9.9,269,1.4,0.9,3.7
22103,2026-01-09 23:00,9.5,242,1.5,1,4
22103,2026-01-10 0:00,11.2,242,1.8,1.2,4.2
22103,2026-01-10 1:00,11.8,250,2.5,1.3,5
22103,2026-01-10 2:00,10.3,260,2.9,1.7,5.3
22103,2026-01-10 3:00,10.8,256,3,1.8,5.6
22103,2026-01-10 4:00,13.7,253,3,1.9,6.3
22103,2026-01-10 5:00,13.7,267,4.1,2.3,6.3
22103,2026-01-10 6:00,13.1,268,3.8,2.3,7.1
22103,2026-01-10 7:00,14.1,272,3.8,2.2,7.1
22103,2026-01-10 8:00,13.7,271,4.5,2.7,7.7
22103,2026-01-10 9:00,13.9,278,4.6,2.8,7.7
22103,2026-01-10 10:00,13.7,277,4.1,2.9,7.7
22103,2026-01-10 11:00,13.4,285,4.7,2.7,8.3
22103,2026-01-10 12:00,12.8,293,4,2.6,6.7
22103,2026-01-10 13:00,14,298,4.2,2.5,8.3
22103,2026-01-10 14:00,14.9,297,3.7,2.6,6.7
22103,2026-01-10 15:00,14.3,298,4.4,2.6,5.6
22103,2026-01-10 16:00,15.1,292,4,2.7,6.3
22103,2026-01-10 17:00,13.1,298,4,2.6,6.7
22103,2026-01-10 18:00,13.3,297,3.6,2.5,7.1
22103,2026-01-10 19:00,13.9,308,3.4,2.5,7.1
22103,2026-01-10 20:00,15.2,305,3.6,2.5,7.7
22103,2026-01-10 21:00,14.9,308,3.1,2.3,7.7
22103,2026-01-10 22:00,14.9,316,3.3,2.1,4.8
22103,2026-01-10 23:00,13.6,323,3.3,2.1,5.6
22103,2026-01-11 0:00,14.3,319,3.7,2.3,5
22103,2026-01-11 1:00,14,316,3.5,2.2,5.3
22103,2026-01-11 2:00,14.3,317,3.6,2.1,5.3
22103,2026-01-11 3:00,14.5,322,2.6,2,5.6
22103,2026-01-11 4:00,11,326,3,2,5.6
22103,2026-01-11 5:00,12.2,330,2.4,1.8,4.8
22103,2026-01-11 6:00,12.3,313,2.6,1.9,4.8
22103,2026-01-11 7:00,12.6,311,2.5,1.9,4.5
22103,2026-01-11 8:00,13.1,326,2.8,1.8,5.9
22103,2026-01-11 9:00,9.9,352,3,1.9,4.3
22103,2026-01-11 10:00,8.1,342,2.3,1.7,10
22103,2026-01-11 11:00,7.5,347,2.5,1.6,7.1
22103,2026-01-11 12:00,7.4,349,2.3,1.6,6.7
22103,2026-01-11 13:00,8.5,322,1.9,1.4,10
22103,2026-01-11 14:00,8,318,2.2,1.4,6.3
22103,2026-01-11 15:00,8.9,327,1.9,1.3,6.7
22103,2026-01-11 16:00,9.3,320,1.8,1.3,7.7
22103,2026-01-11 17:00,9.7,321,2.2,1.3,4
22103,2026-01-11 18:00,10.9,336,2.2,1.4,3.8
22103,2026-01-11 19:00,9.8,330,2.5,1.6,4.2
22103,2026-01-11 20:00,8.1,341,2,1.5,4.3
22103,2026-01-11 21:00,9,323,2.2,1.5,9.1
22103,2026-01-11 22:00,6.9,330,1.9,1.4,8.3
22103,2026-01-11 23:00,6.9,334,1.8,1.3,9.1
22103,2026-01-12 0:00,6.1,347,2,1.3,9.1
22103,2026-01-12 1:00,5.2,340,1.8,1.1,9.1
22103,2026-01-12 2:00,4.5,347,1.7,1,7.1
22103,2026-01-12 3:00,4.4,342,1.5,1,9.1
22103,2026-01-12 4:00,3.8,333,1.2,0.9,7.7
22103,2026-01-12 5:00,4.4,329,1.4,0.9,8.3
22103,2026-01-12 6:00,5.5,325,1.2,0.8,9.1
22103,2026-01-12 7:00,3.7,330,1.2,0.8,9.1
22103,2026-01-12 8:00,3.7,356,1.2,0.8,9.1
22103,2026-01-12 9:00,3.6,351,1.3,0.7,8.3
22103,2026-01-12 10:00,3.2,4,1.3,0.7,8.3
22103,2026-01-12 11:00,1.3,328,1.3,0.8,7.1
22103,2026-01-12 12:00,1.1,221,1.1,0.7,6.7
22103,2026-01-12 13:00,2.4,238,1.1,0.7,6.7
22103,2026-01-12 14:00,7.1,259,1,0.7,6.7
22103,2026-01-12 15:00,7.1,268,1.2,0.8,7.1
22103,2026-01-12 16:00,3.9,319,1.3,0.8,10
22103,2026-01-12 17:00,7,284,1.5,0.9,3.6
22103,2026-01-12 18:00,7.1,256,1.6,1,3.7
22103,2026-01-12 19:00,7.7,231,1.5,0.9,4.8
22103,2026-01-12 20:00,9.3,243,1.4,1,5.3
22103,2026-01-12 21:00,11.9,242,2.2,1.2,4.5
22103,2026-01-12 22:00,10.2,252,3,1.7,5.6
22103,2026-01-12 23:00,11.1,261,2.9,1.8,5.9
22103,2026-01-13 0:00,11.1,250,3.3,1.8,5.9
22103,2026-01-13 1:00,13.8,259,3.6,1.8,5.9
22103,2026-01-13 2:00,13.8,293,4.8,2.3,6.7
22103,2026-01-13 3:00,13.2,292,4.1,2.7,7.1
22103,2026-01-13 4:00,11.8,300,3.8,2.8,7.7
22103,2026-01-13 5:00,12.9,308,3.4,2.5,7.7
22103,2026-01-13 6:00,11.7,311,3.6,2.2,7.7
22103,2026-01-13 7:00,9.6,316,2.6,2.2,8.3
22103,2026-01-13 8:00,10.4,315,3.5,2.1,8.3
22103,2026-01-13 9:00,9.3,308,3.9,2.1,8.3
22103,2026-01-13 10:00,10.6,309,3.2,2.1,8.3
22103,2026-01-13 11:00,9.6,309,3.1,2.2,7.7
22103,2026-01-13 12:00,10.5,308,3.4,2,7.1
22103,2026-01-13 13:00,10.2,311,3.2,1.9,7.7
22103,2026-01-13 14:00,10.7,309,3,1.8,7.7
22103,2026-01-13 15:00,12.6,314,2.6,1.6,7.1
22103,2026-01-13 16:00,12,317,2.2,1.6,7.7
22103,2026-01-13 17:00,10.3,323,2.3,1.5,7.1
22103,2026-01-13 18:00,9.4,318,2.3,1.5,4.3
22103,2026-01-13 19:00,9.7,320,2.5,1.4,4.3
22103,2026-01-13 20:00,10.3,324,1.8,1.3,7.1
22103,2026-01-13 21:00,9,338,1.9,1.2,4
22103,2026-01-13 22:00,8.9,338,1.6,1.1,3.8
22103,2026-01-13 23:00,7.7,330,1.7,1.1,3.8
22103,2026-01-14 0:00,7,325,1.5,1,4
22103,2026-01-14 1:00,6.1,325,1.1,0.9,3.7
22103,2026-01-14 2:00,5.2,319,1.1,0.8,7.1
22103,2026-01-14 3:00,5.8,335,1.1,0.7,7.1
22103,2026-01-14 4:00,4.3,321,0.9,0.7,6.7
22103,2026-01-14 5:00,3.4,321,0.8,0.6,7.1
22103,2026-01-14 6:00,3.7,317,0.8,0.6,6.7
22103,2026-01-14 7:00,3.8,325,0.9,0.6,6.7
22103,2026-01-14 8:00,3.8,336,0.9,0.5,6.3
22103,2026-01-14 9:00,3.4,356,0.7,0.6,6.7
22103,2026-01-14 10:00,1.9,12,0.8,0.5,6.7
22103,2026-01-14 11:00,0.7,62,0.7,0.5,6.3
22103,2026-01-14 12:00,1.1,66,0.9,0.5,6.7
22103,2026-01-14 13:00,2.2,84,0.6,0.5,6.3
22103,2026-01-14 14:00,3.2,73,0.6,0.4,6.3
22103,2026-01-14 15:00,4.3,89,0.7,0.4,6.3
22103,2026-01-14 16:00,4.3,103,0.8,0.4,6.3
22103,2026-01-14 17:00,3.8,99,0.7,0.4,6.3
22103,2026-01-14 18:00,6.6,228,0.8,0.4,6.7
22103,2026-01-14 19:00,7.2,238,0.9,0.6,5.9
22103,2026-01-14 20:00,7.2,242,1.3,0.8,3.1
22103,2026-01-14 21:00,8.7,235,1.6,0.8,3.7
22103,2026-01-14 22:00,9.9,227,1.3,0.9,3.8
22103,2026-01-14 23:00,10.7,224,2,1.1,4.3
22103,2026-01-15 0:00,11.1,221,2.1,1.2,4.8
22103,2026-01-15 1:00,12.2,225,2.2,1.4,5
22103,2026-01-15 2:00,13.3,225,2.8,1.8,5.6
22103,2026-01-15 3:00,13,236,3.4,2.1,5.9
22103,2026-01-15 4:00,13.6,237,3.7,2.1,6.7
22103,2026-01-15 5:00,13.8,242,3.7,2.3,6.7
22103,2026-01-15 6:00,13,251,3.7,2.5,6.7
22103,2026-01-15 7:00,6.9,271,3.5,2.5,7.1
22103,2026-01-15 8:00,10.8,258,4,2.2,7.7
22103,2026-01-15 9:00,11.4,265,3.3,2.4,7.7
22103,2026-01-15 10:00,11.7,265,4.2,2.5,7.7
22103,2026-01-15 11:00,11.2,261,3.7,2.7,7.7
22103,2026-01-15 12:00,10.1,270,4.1,2.6,7.7
22103,2026-01-15 13:00,10.5,277,3.7,2.4,8.3
22103,2026-01-15 14:00,10.1,293,3.2,2.2,7.1
22103,2026-01-15 15:00,9.6,279,3.3,2.3,7.7
22103,2026-01-15 16:00,9.7,288,3.2,2.2,7.7
22103,2026-01-15 17:00,10.1,277,3.6,2.2,7.7
22103,2026-01-15 18:00,8.7,291,3.4,2.1,7.1
22103,2026-01-15 19:00,7.4,298,2.7,1.9,7.1
22103,2026-01-15 20:00,8.2,307,2.3,1.9,7.1
22103,2026-01-15 21:00,7.2,310,2.6,1.6,7.1
22103,2026-01-15 22:00,9.7,332,2,1.5,7.1
22103,2026-01-15 23:00,7,339,2,1.3,6.7
22103,2026-01-16 0:00,7.5,323,1.9,1.2,7.1
22103,2026-01-16 1:00,7.5,334,1.7,1.2,6.7
22103,2026-01-16 2:00,6.9,337,1.4,1.1,6.7
22103,2026-01-16 3:00,6.8,342,1.5,1.1,6.7
22103,2026-01-16 4:00,4.8,357,1.3,0.9,6.3
22103,2026-01-16 5:00,4.5,11,1.1,0.8,7.1
22103,2026-01-16 6:00,3.5,25,1.1,0.7,7.1
22103,2026-01-16 7:00,2.1,43,1,0.7,6.3
22103,2026-01-16 8:00,2.4,59,0.9,0.7,6.7
22103,2026-01-16 9:00,2.3,62,0.9,0.6,6.3
22103,2026-01-16 10:00,3.2,34,1.1,0.6,6.3
22103,2026-01-16 11:00,2.6,119,0.9,0.6,5.9
22103,2026-01-16 12:00,2.7,118,0.8,0.5,6.3
22103,2026-01-16 13:00,2.4,154,0.7,0.5,5.6
22103,2026-01-16 14:00,6.1,18,0.7,0.5,5.9
22103,2026-01-16 15:00,4,30,0.7,0.5,6.3
22103,2026-01-16 16:00,4,21,0.8,0.5,5.9
22103,2026-01-16 17:00,3.2,27,0.7,0.5,5.6
22103,2026-01-16 18:00,2.3,25,0.6,0.5,5.6
22103,2026-01-16 19:00,0.6,18,0.7,0.5,5.6
22103,2026-01-16 20:00,0.6,294,0.6,0.4,5.3
22103,2026-01-16 21:00,1.8,274,0.7,0.4,4.8
22103,2026-01-16 22:00,2.8,236,0.7,0.4,5.6
22103,2026-01-16 23:00,5.1,261,0.7,0.4,5
22103,2026-01-17 0:00,7.1,305,0.6,0.4,5.3
22103,2026-01-17 1:00,7.1,290,0.8,0.5,5.3
22103,2026-01-17 2:00,7.8,303,0.7,0.6,2.6
22103,2026-01-17 3:00,7.9,326,0.9,0.6,2.6
22103,2026-01-17 4:00,9.2,334,0.9,0.7,2.9
22103,2026-01-17 5:00,8.9,347,1,0.7,3.2
22103,2026-01-17 6:00,10,348,1.1,0.7,3.6
22103,2026-01-17 7:00,9,343,1.3,0.8,3.7
22103,2026-01-17 8:00,7.5,338,1.1,0.8,4
22103,2026-01-17 9:00,5.8,332,0.8,0.7,3.8
22103,2026-01-17 10:00,6,325,0.8,0.6,3.3
22103,2026-01-17 11:00,5.3,332,0.9,0.6,3.4
22103,2026-01-17 12:00,5.5,320,1,0.6,3.3
22103,2026-01-17 13:00,6,322,0.8,0.6,3.4
22103,2026-01-17 14:00,4.8,330,0.9,0.6,3.1
22103,2026-01-17 15:00,2.5,318,0.7,0.5,3.6
22103,2026-01-17 16:00,3.4,332,0.6,0.4,9.1
22103,2026-01-17 17:00,3.4,336,0.6,0.4,9.1
22103,2026-01-17 18:00,2.3,350,0.7,0.4,9.1
22103,2026-01-17 19:00,2.3,340,0.7,0.4,9.1
22103,2026-01-17 20:00,2.3,1,0.6,0.5,4.3
22103,2026-01-17 21:00,3.3,29,0.6,0.4,7.7
22103,2026-01-17 22:00,1.8,52,0.5,0.4,10
22103,2026-01-17 23:00,1,53,0.6,0.4,10
22103,2026-01-18 0:00,0.4,64,0.6,0.4,9.1
22103,2026-01-18 1:00,0.7,35,0.6,0.4,9.1
22103,2026-01-18 2:00,2.8,12,0.7,0.4,9.1
22103,2026-01-18 3:00,2.7,11,0.5,0.4,8.3
22103,2026-01-18 4:00,3.6,21,0.6,0.4,9.1
22103,2026-01-18 5:00,5.3,14,0.5,0.4,9.1
22103,2026-01-18 6:00,6.2,23,0.6,0.4,9.1
22103,2026-01-18 7:00,5.9,23,0.7,0.5,2.4
22103,2026-01-18 8:00,5.7,74,0.8,0.5,9.1
22103,2026-01-18 9:00,5.2,74,0.9,0.6,3.8
22103,2026-01-18 10:00,7.9,52,1,0.6,3.6
22103,2026-01-18 11:00,8,60,1.1,0.8,4
22103,2026-01-18 12:00,7.3,70,1.4,0.8,3.8
22103,2026-01-18 13:00,6.8,78,1.2,0.8,4.2
22103,2026-01-18 14:00,6.5,87,1.2,0.7,4.2
22103,2026-01-18 15:00,5.3,83,1.2,0.7,4.8
22103,2026-01-18 16:00,4.1,95,1,0.6,4.5
22103,2026-01-18 17:00,3.5,69,0.9,0.6,4.3
22103,2026-01-18 18:00,3.4,79,0.8,0.6,5
22103,2026-01-18 19:00,3.9,106,0.7,0.6,4.2
22103,2026-01-18 20:00,4,131,0.7,0.6,9.1
22103,2026-01-18 21:00,2.7,103,0.7,0.6,9.1
22103,2026-01-18 22:00,2.4,45,0.9,0.5,9.1
22103,2026-01-18 23:00,5.1,27,0.8,0.5,8.3
22103,2026-01-19 0:00,6.1,9,0.8,0.5,9.1
22103,2026-01-19 1:00,4.2,42,0.8,0.6,9.1
22103,2026-01-19 2:00,2.8,43,0.6,0.5,8.3
22103,2026-01-19 3:00,6.6,340,0.7,0.5,9.1
22103,2026-01-19 4:00,5.7,342,0.8,0.5,9.1
22103,2026-01-19 5:00,5.1,333,0.8,0.5,9.1
22103,2026-01-19 6:00,7.3,334,0.8,0.5,8.3
22103,2026-01-19 7:00,7.9,329,0.8,0.6,8.3
22103,2026-01-19 8:00,8.1,322,1.4,0.7,3.1
22103,2026-01-19 9:00,8.3,317,1,0.8,3.8
22103,2026-01-19 10:00,10.9,327,1.1,0.7,3.4
22103,2026-01-19 11:00,9.1,324,1.6,1,4.3
22103,2026-01-19 12:00,10,322,1.9,1.1,4.3
22103,2026-01-19 13:00,8.3,322,1.4,1,4.5
22103,2026-01-19 14:00,10.8,318,1.5,0.9,3.8
22103,2026-01-19 15:00,11.4,312,1.8,1,4.2
22103,2026-01-19 16:00,11.2,328,1.8,1.1,4.2
22103,2026-01-19 17:00,11.3,327,1.9,1.2,4.2
22103,2026-01-19 18:00,12,321,2,1.2,3.7
22103,2026-01-19 19:00,11.9,322,2.1,1.3,4.3
22103,2026-01-19 20:00,12,325,2.2,1.4,4.5
22103,2026-01-19 21:00,12.4,325,2.4,1.5,5
22103,2026-01-19 22:00,11.4,327,2.7,1.5,5
22103,2026-01-19 23:00,10.5,335,2.6,1.6,5
22103,2026-01-20 0:00,12.4,334,2.2,1.4,5
22103,2026-01-20 1:00,12.2,336,2.3,1.5,5
22103,2026-01-20 2:00,12.3,337,2.2,1.5,4.8
22103,2026-01-20 3:00,13.3,334,2.8,1.8,4.8
22103,2026-01-20 4:00,10.3,345,2.1,1.6,4.8
22103,2026-01-20 5:00,10.1,346,2.1,1.4,4.5
22103,2026-01-20 6:00,10.2,343,1.8,1.3,4.5
22103,2026-01-20 7:00,10.3,341,2,1.4,4.5
22103,2026-01-20 8:00,9.8,343,2,1.3,4.5
22103,2026-01-20 9:00,8.9,338,2.3,1.3,4.3
22103,2026-01-20 10:00,8.2,355,2.2,1.2,4.8
22103,2026-01-20 11:00,7.5,359,2,1.2,4.8
22103,2026-01-20 12:00,7,351,1.7,1.1,4.3
22103,2026-01-20 13:00,7,349,1.5,1,4
22103,2026-01-20 14:00,7,355,1.4,1.1,4.3
22103,2026-01-20 15:00,8.6,347,1.7,1,4
22103,2026-01-20 16:00,9.1,344,1.7,1.1,3.7
22103,2026-01-20 17:00,9.2,342,1.5,1.1,3.7
22103,2026-01-20 18:00,9.4,336,1.5,1.1,3.8
22103,2026-01-20 19:00,9.6,344,1.7,1.1,4
22103,2026-01-20 20:00,10.6,332,1.8,1.3,4.5
22103,2026-01-20 21:00,11.1,340,2.3,1.4,4.5
22103,2026-01-20 22:00,12.1,343,2.3,1.5,4.8
22103,2026-01-20 23:00,11.7,343,2.6,1.7,5
22103,2026-01-21 0:00,11.1,339,2.8,1.6,5.3
22103,2026-01-21 1:00,13.1,344,2.3,1.6,4.8
22103,2026-01-21 2:00,13.9,346,2.7,1.7,4.8
22103,2026-01-21 3:00,13.5,341,2.9,1.8,5
22103,2026-01-21 4:00,15.2,334,3.5,2,5.3
22103,2026-01-21 5:00,15.8,332,3.2,2.2,5.6
22103,2026-01-21 6:00,15.7,333,3.7,1.9,5.6
22103,2026-01-21 7:00,12.1,345,2.5,2,5.6
22103,2026-01-21 8:00,11.5,344,2.8,1.8,5.3
22103,2026-01-21 9:00,11.4,334,2.8,1.7,5.3
22103,2026-01-21 10:00,12.3,333,2.3,1.6,5.3
22103,2026-01-21 11:00,13.8,333,2.5,1.5,4.8
22103,2026-01-21 12:00,13.2,323,2.8,1.6,5.3
22103,2026-01-21 13:00,12.2,335,2.6,1.6,5.6
22103,2026-01-21 14:00,14.8,323,2.6,1.7,5.3
22103,2026-01-21 15:00,13.3,326,2.9,1.8,5.3
22103,2026-01-21 16:00,14.9,327,2.1,1.6,4.5
22103,2026-01-21 17:00,13.7,326,2.5,1.5,5
22103,2026-01-21 18:00,12.5,328,2.4,1.6,4.8
22103,2026-01-21 19:00,11.6,340,2.5,1.5,4.8
22103,2026-01-21 20:00,12.2,338,2.5,1.7,4.8
22103,2026-01-21 21:00,12.2,330,2.4,1.6,5
22103,2026-01-21 22:00,13.6,334,2.5,1.8,5
22103,2026-01-21 23:00,12.1,341,2.6,1.7,5
22103,2026-01-22 0:00,13.8,346,2.9,1.6,5
22103,2026-01-22 1:00,12.4,342,2.2,1.7,5.3
22103,2026-01-22 2:00,10.6,343,2.1,1.4,5.3
22103,2026-01-22 3:00,10.2,338,2.5,1.4,4.5
22103,2026-01-22 4:00,10.5,330,2.1,1.4,4.5
22103,2026-01-22 5:00,11.6,329,2.3,1.4,4.5
22103,2026-01-22 6:00,11.3,334,2.5,1.4,4.5
22103,2026-01-22 7:00,9.4,341,2.1,1.3,4.2
22103,2026-01-22 8:00,9.9,337,2.3,1.3,4.3
22103,2026-01-22 9:00,12.1,334,1.9,1.4,4.2
22103,2026-01-22 10:00,12.6,330,2.4,1.4,4.8
22103,2026-01-22 11:00,13.4,329,2.6,1.5,5
22103,2026-01-22 12:00,13.4,319,3.2,1.8,5.3
22103,2026-01-22 13:00,9.6,323,2.6,1.7,5.3
22103,2026-01-22 14:00,8.9,319,2.1,1.6,5
22103,2026-01-22 15:00,9.7,325,1.8,1.4,4.8
22103,2026-01-22 16:00,11.5,322,1.9,1.3,4.3
22103,2026-01-22 17:00,11.7,330,2.2,1.4,4.2
22103,2026-01-22 18:00,10.5,321,2,1.3,4.3
22103,2026-01-22 19:00,10.4,321,2.3,1.4,4.2
22103,2026-01-22 20:00,10.1,316,1.9,1.4,4.3
22103,2026-01-22 21:00,10.3,321,2.1,1.3,4
22103,2026-01-22 22:00,9.8,330,1.6,1.3,4.3
22103,2026-01-22 23:00,11.4,333,1.9,1.2,4.2
22103,2026-01-23 0:00,11.2,319,1.9,1.2,4.5
22103,2026-01-23 1:00,12.1,325,2.2,1.4,4.5
22103,2026-01-23 2:00,11.9,333,2.1,1.2,4.5
22103,2026-01-23 3:00,8.1,335,1.7,1.2,4.2
22103,2026-01-23 4:00,9.1,331,1.7,1.1,4
22103,2026-01-23 5:00,8.6,323,1.2,0.9,3.7
22103,2026-01-23 6:00,7.4,333,1.2,0.9,3.8
22103,2026-01-23 7:00,6.7,322,1.1,0.8,3.8
22103,2026-01-23 8:00,7.7,328,1.4,0.8,4.3
22103,2026-01-23 9:00,6.9,323,1.1,0.8,3.2
22103,2026-01-23 10:00,6.7,324,1.3,0.8,3.2
22103,2026-01-23 11:00,7.3,317,0.9,0.7,4.3
22103,2026-01-23 12:00,6.9,313,1,0.7,4
22103,2026-01-23 13:00,7.3,310,1.2,0.7,4.2
22103,2026-01-23 14:00,8.9,298,1.3,0.8,4
22103,2026-01-23 15:00,8.3,304,1.3,0.9,3.8
22103,2026-01-23 16:00,8.5,306,1.4,1,3.6
22103,2026-01-23 17:00,8.9,311,1.4,1,3.3
22103,2026-01-23 18:00,8.8,309,1.6,1,4.5
22103,2026-01-23 19:00,9.1,311,1.4,1,4.3
22103,2026-01-23 20:00,10.4,312,1.6,1.1,4.5
22103,2026-01-23 21:00,9.3,313,2,1.3,5
22103,2026-01-23 22:00,9.5,306,1.6,1.2,5
22103,2026-01-23 23:00,9.1,295,1.8,1.2,5
22103,2026-01-24 0:00,8.7,297,1.7,1.1,5.3
22103,2026-01-24 1:00,10.9,306,1.9,1.2,5.3
22103,2026-01-24 2:00,10.1,309,2.2,1.2,5.6
22103,2026-01-24 3:00,10.4,299,2.6,1.4,5.6
22103,2026-01-24 4:00,10.5,321,2.6,1.4,5.6
22103,2026-01-24 5:00,11,320,2.5,1.5,5.6
22103,2026-01-24 6:00,11.7,315,2.3,1.4,5.9
22103,2026-01-24 7:00,10.4,316,2.1,1.3,3.7
22103,2026-01-24 8:00,10,315,1.8,1.4,4.2
22103,2026-01-24 9:00,11.3,319,2,1.3,3.7
22103,2026-01-24 10:00,11.2,317,2.5,1.4,5
22103,2026-01-24 11:00,9.9,311,2.4,1.3,4.8
22103,2026-01-24 12:00,11,312,2,1.1,4.5
22103,2026-01-24 13:00,10.7,323,2,1.4,4.5
22103,2026-01-24 14:00,10.6,320,2.2,1.4,4.5
22103,2026-01-24 15:00,9.5,324,2.2,1.4,4.3
22103,2026-01-24 16:00,9.1,319,1.8,1.3,4.3
22103,2026-01-24 17:00,8.7,323,1.9,1.3,4.2
22103,2026-01-24 18:00,9.5,325,1.6,1.2,4
22103,2026-01-24 19:00,11.5,313,1.7,1.2,3.7
22103,2026-01-24 20:00,9.6,334,2.1,1.1,3.6
22103,2026-01-24 22:00,9.4,338,1.8,1.1,4
22103,2026-01-24 23:00,10.9,350,1.9,1.3,4.3
22103,2026-01-25 0:00,7.2,329,1.8,1.2,4.8
22103,2026-01-25 1:00,10.1,339,1.5,1,4.2
22103,2026-01-25 3:00,9.6,317,1.5,1.1,4.3
22103,2026-01-25 4:00,10.5,317,1.9,1,4.2
22103,2026-01-25 5:00,9.8,335,1.6,1.1,4
22103,2026-01-25 6:00,8.6,342,1.3,1.1,4.2
22103,2026-01-25 7:00,10.5,340,1.5,0.9,3.6
22103,2026-01-25 8:00,7.9,336,1.6,0.9,3.6
22103,2026-01-25 9:00,9.8,344,1.3,0.8,3.8
22103,2026-01-25 10:00,6.6,338,1.4,1,4
22103,2026-01-25 11:00,8.4,333,1.2,0.8,4
22103,2026-01-25 12:00,7.3,331,1.1,0.8,3.7
22103,2026-01-25 13:00,8.5,337,1.3,0.8,3.6
22103,2026-01-25 14:00,8.9,330,1.3,0.9,3.7
22103,2026-01-25 15:00,8.9,332,1.4,1,4.2
22103,2026-01-25 16:00,8.6,327,1.6,1,4
22103,2026-01-25 17:00,9.3,334,1.7,0.9,4
22103,2026-01-25 18:00,9.9,331,1.6,0.9,3.8
22103,2026-01-25 19:00,8.9,333,1.7,0.9,3.8
22103,2026-01-25 20:00,7.8,331,1.4,0.9,3.8
22103,2026-01-25 21:00,10.5,353,1.3,0.8,3.6
22103,2026-01-25 22:00,7.4,340,1.6,0.9,3.6
22103,2026-01-25 23:00,6.8,349,1.2,0.8,3.6
22103,2026-01-26 0:00,5.3,347,1.1,0.8,3.7
22103,2026-01-26 1:00,3.5,334,1.1,0.7,3.6
22103,2026-01-26 2:00,3.5,345,1,0.7,4
22103,2026-01-26 3:00,3,12,1,0.6,3.6
22103,2026-01-26 4:00,2,333,0.9,0.6,3.4
22103,2026-01-26 5:00,2.3,331,0.9,0.6,3.3
22103,2026-01-26 6:00,3,341,0.6,0.4,3.2
22103,2026-01-26 7:00,3.8,340,0.7,0.5,8.3
22103,2026-01-26 8:00,3.6,0,0.6,0.5,10
22103,2026-01-26 9:00,2.8,350,0.7,0.4,9.1
22103,2026-01-26 10:00,1.8,5,0.8,0.4,9.1
22103,2026-01-26 11:00,2.5,349,0.7,0.4,8.3
22103,2026-01-26 12:00,2.3,314,0.7,0.5,3.4
22103,2026-01-26 13:00,2.3,310,0.8,0.5,10
22103,2026-01-26 14:00,3.8,308,0.7,0.5,9.1
22103,2026-01-26 15:00,4.5,319,0.7,0.5,9.1
22103,2026-01-26 16:00,5.6,328,0.6,0.5,9.1
22103,2026-01-26 17:00,5.8,315,0.7,0.5,10
22103,2026-01-26 18:00,4.9,312,0.7,0.5,10
22103,2026-01-26 19:00,5.8,312,0.7,0.5,10.5
22103,2026-01-26 20:00,6.4,314,0.7,0.5,10.5
22103,2026-01-26 21:00,7.2,313,0.7,0.5,2.6
22103,2026-01-26 22:00,8.2,317,1,0.6,3.1
22103,2026-01-26 23:00,9.8,327,1.4,0.8,3.4
22103,2026-01-27 0:00,10.6,328,1.3,0.9,3.6
22103,2026-01-27 1:00,10.3,333,1.5,1,3.8
22103,2026-01-27 2:00,10.4,340,1.8,1.1,4.2
22103,2026-01-27 3:00,10.4,339,1.9,1.3,4.8
22103,2026-01-27 4:00,10.5,330,1.9,1.2,4.8
22103,2026-01-27 5:00,10.9,332,2,1.2,4.3
22103,2026-01-27 6:00,11.4,326,1.7,1.3,4.3
22103,2026-01-27 7:00,12.2,331,2.3,1.3,4.2
22103,2026-01-27 8:00,11.8,329,2.2,1.3,4.5
22103,2026-01-27 9:00,10.9,333,2.2,1.3,4.5
22103,2026-01-27 10:00,11.4,325,1.9,1.5,4.5
22103,2026-01-27 11:00,12.2,329,1.9,1.3,4.5
22103,2026-01-27 12:00,11,329,1.7,1.3,4.3
22103,2026-01-27 13:00,9.2,332,1.8,1.2,4
22103,2026-01-27 14:00,10.2,333,1.7,1.3,4.5
22103,2026-01-27 15:00,10.7,331,1.9,1.2,4.3
22103,2026-01-27 16:00,11,329,2.2,1.2,4.5
22103,2026-01-27 17:00,11.6,338,2.1,1.4,4.3
22103,2026-01-27 18:00,10.9,329,2.3,1.3,4.5
22103,2026-01-27 19:00,11.2,329,2.3,1.3,4.5
22103,2026-01-27 20:00,10.8,332,1.9,1.5,4.5
22103,2026-01-27 21:00,10.9,332,2.1,1.4,4.3
22103,2026-01-27 22:00,10.3,330,2.5,1.3,4.3
22103,2026-01-27 23:00,12.5,324,2.4,1.4,4.8
22103,2026-01-28 0:00,12.4,325,2.4,1.5,4.5
22103,2026-01-28 1:00,13.7,322,2.1,1.5,4.3
22103,2026-01-28 2:00,12.3,337,2.7,1.6,4.5
22103,2026-01-28 3:00,13.4,331,2.4,1.5,4.8
22103,2026-01-28 4:00,12.2,339,2.6,1.5,4.8
22103,2026-01-28 5:00,12.1,339,2.3,1.6,5
22103,2026-01-28 6:00,12.3,339,2.8,1.6,4.8
22103,2026-01-28 7:00,12.5,338,2.7,1.6,4.8
22103,2026-01-28 8:00,10.9,342,2.1,1.4,4.5
22103,2026-01-28 9:00,11,346,2,1.3,4.3
22103,2026-01-28 10:00,10.9,347,2,1.2,4.2
22103,2026-01-28 11:00,10.5,358,2.1,1.3,4.5
22103,2026-01-28 12:00,8.8,357,1.9,1.2,4.3
22103,2026-01-28 13:00,8.7,339,2,1.3,4.3
22103,2026-01-28 14:00,7.7,338,1.8,1.1,4.8
22103,2026-01-28 15:00,9.8,333,1.6,1,4.3
22103,2026-01-28 16:00,7,334,1.5,1,3.8
22103,2026-01-28 17:00,7.1,327,1.1,0.9,4.2
22103,2026-01-28 18:00,7.1,326,1.2,0.8,3.3
22103,2026-01-28 19:00,8,324,1.2,0.8,3.6
22103,2026-01-28 20:00,8.2,333,1.3,0.8,3.4
22103,2026-01-28 21:00,8.7,336,1.3,0.9,3.6
22103,2026-01-28 22:00,8.9,341,1.4,1,3.4
22103,2026-01-28 23:00,9.7,345,1.6,1.1,3.7
22103,2026-01-29 0:00,9.6,343,1.6,1.3,4
22103,2026-01-29 1:00,10.6,335,1.5,1.1,4
22103,2026-01-29 2:00,10.4,334,1.5,1.1,4.2
22103,2026-01-29 3:00,9.3,335,1.6,1.1,4.2
22103,2026-01-29 4:00,11.6,345,1.9,1,4.2
22103,2026-01-29 5:00,9.4,345,1.8,1.1,4.3
22103,2026-01-29 6:00,7.9,341,1.5,1,4.5
22103,2026-01-29 7:00,7.2,348,1.2,0.8,4
22103,2026-01-29 8:00,7.9,349,1.3,0.9,4
22103,2026-01-29 9:00,7.2,353,1.1,0.8,3.7
22103,2026-01-29 10:00,7.1,334,0.9,0.7,3.6
22103,2026-01-29 11:00,4.8,331,1,0.7,4.2
22103,2026-01-29 12:00,7.8,331,0.9,0.6,2.9
22103,2026-01-29 13:00,7.3,318,0.9,0.6,3.6
22103,2026-01-29 14:00,8.3,311,0.9,0.6,2.6
22103,2026-01-29 15:00,8.8,319,0.9,0.6,2.9
22103,2026-01-29 16:00,8.4,320,1,0.8,3.1
22103,2026-01-29 17:00,9.3,325,1.1,0.8,3.1
22103,2026-01-29 18:00,8.8,329,1.3,0.8,3.4
22103,2026-01-29 19:00,9.2,332,1.3,0.8,3.6
22103,2026-01-29 20:00,10.6,334,2.1,1,3.8
22103,2026-01-29 21:00,9.6,333,1.5,1,4.2
22103,2026-01-29 22:00,9.3,344,1.4,1.1,4
22103,2026-01-29 23:00,9,341,1.8,1.1,3.8
22103,2026-01-30 0:00,10.6,344,1.8,1.1,4.2
22103,2026-01-30 1:00,8.6,341,1.5,1.1,4.2
22103,2026-01-30 2:00,8.8,333,1.2,1,3.7
22103,2026-01-30 3:00,8.4,340,1.4,1,3.8
22103,2026-01-30 4:00,7.5,331,1.7,1,3.8
22103,2026-01-30 5:00,8.6,331,1.3,0.9,3.8
22103,2026-01-30 6:00,9.8,328,1.6,1,3.8
22103,2026-01-30 7:00,9.4,334,1.5,1.1,4.3
22103,2026-01-30 8:00,9.4,343,1.7,1.1,4.2
22103,2026-01-30 9:00,9.3,338,1.8,1.1,4.3
22103,2026-01-30 10:00,9.8,320,1.7,1.2,4.3
22103,2026-01-30 11:00,9.6,337,1.3,1.1,4.3
22103,2026-01-30 12:00,9.6,328,1.6,1.1,4
22103,2026-01-30 13:00,10.6,326,1.5,1,3.7
22103,2026-01-30 14:00,10.6,328,1.8,1,3.6
22103,2026-01-30 15:00,10.2,333,1.9,1,3.7
22103,2026-01-30 16:00,6.1,318,1.2,0.8,3.7
22103,2026-01-30 17:00,6.4,320,1.1,0.7,3.7
22103,2026-01-30 18:00,7.3,322,1,0.7,4.2
22103,2026-01-30 19:00,7.3,320,1,0.7,2.9
22103,2026-01-30 20:00,7.8,328,0.9,0.7,3.4
22103,2026-01-30 21:00,8,332,1.2,0.8,3.6
22103,2026-01-30 22:00,6.5,334,1.6,0.8,3.6
22103,2026-01-30 23:00,6.3,352,1,0.8,3.7
22103,2026-01-31 0:00,5.7,351,1.3,0.8,3.3
22103,2026-01-31 1:00,7.6,342,1.2,0.8,3.4
22103,2026-01-31 2:00,7.7,356,1.1,0.8,3.4
22103,2026-01-31 3:00,6.1,350,1.1,0.8,3.4
22103,2026-01-31 4:00,6.7,353,1.4,0.8,3.8
22103,2026-01-31 5:00,6.4,350,1.2,0.8,3.7
22103,2026-01-31 6:00,4.1,339,1.4,0.8,3.7
22103,2026-01-31 7:00,6.4,349,1,0.7,3.7
22103,2026-01-31 8:00,6.1,343,0.9,0.7,3.8
22103,2026-01-31 9:00,7.3,338,1.1,0.7,3.8
22103,2026-01-31 10:00,7,339,1,0.8,3.8
22103,2026-01-31 11:00,9.1,334,1.3,0.8,3.7
22103,2026-01-31 12:00,6.7,329,1.1,0.7,3.7
22103,2026-01-31 13:00,8,327,1,0.7,3.2
22103,2026-01-31 14:00,6.2,323,1,0.7,3.7
22103,2026-01-31 15:00,7.4,323,1,0.7,2.7
22103,2026-01-31 16:00,7.6,325,0.9,0.6,2.9
22103,2026-01-31 17:00,8.8,330,1.1,0.7,2.9
22103,2026-01-31 18:00,10,335,1.9,0.9,3.6
22103,2026-01-31 19:00,11.3,333,1.9,1.1,3.8
22103,2026-01-31 20:00,11.4,332,2,1.2,4.3
22103,2026-01-31 21:00,11.8,329,2.1,1.4,4.5
22103,2026-01-31 22:00,12,332,2.3,1.5,4.8
22103,2026-01-31 23:00,12.4,325,2.2,1.5,4.5
22103,2026-02-01 0:00,11.2,331,1.9,1.5,4.3
22103,2026-02-01 1:00,9.7,333,1.8,1.3,4.3
22103,2026-02-01 2:00,9.9,331,1.6,1.1,3.7
22103,2026-02-01 3:00,8.4,316,1.3,1,3.7
22103,2026-02-01 4:00,7.3,334,1.1,0.7,3.4
22103,2026-02-01 5:00,8.3,335,1,0.7,3.3
22103,2026-02-01 6:00,7.5,325,1.1,0.7,3.2
22103,2026-02-01 7:00,8.6,317,1.1,0.7,3.2
22103,2026-02-01 8:00,8.5,303,1.2,0.8,3.8
22103,2026-02-01 9:00,8,321,1.6,0.9,4.2
22103,2026-02-01 10:00,7.8,319,1.4,0.9,4.2
22103,2026-02-01 11:00,7.6,312,1.4,0.9,4
22103,2026-02-01 12:00,8.4,311,1.3,0.9,4
22103,2026-02-01 13:00,9.5,318,1.5,0.9,3.8
22103,2026-02-01 14:00,9.9,319,1.1,0.9,3.6
22103,2026-02-01 15:00,7.7,325,1.4,0.9,3.6
22103,2026-02-01 16:00,6.4,317,1.3,0.9,3.4
22103,2026-02-01 17:00,5.3,308,1.3,0.8,5.3
22103,2026-02-01 18:00,6.2,310,1.2,0.8,4.8
22103,2026-02-01 19:00,6.7,318,1.2,0.8,5.3
22103,2026-02-01 20:00,7.9,316,1.2,0.8,5
22103,2026-02-01 23:00,6.6,328,1.1,0.8,3.8
22103,2026-02-02 0:00,5.5,314,1.2,0.8,3.8
22103,2026-02-02 1:00,5,324,1,0.7,3.4
22103,2026-02-02 2:00,5.8,317,0.8,0.6,3.2
22103,2026-02-02 3:00,5.7,325,0.8,0.6,4.2
22103,2026-02-02 4:00,5.3,320,0.8,0.6,6.3
22103,2026-02-02 5:00,5.2,283,0.7,0.6,5.9
22103,2026-02-02 6:00,7.4,273,0.9,0.5,5.9
22103,2026-02-02 7:00,10,281,1,0.7,6.3
22103,2026-02-02 8:00,11,312,1.6,0.9,3.8
22103,2026-02-02 9:00,11.8,325,2,1.1,4
22103,2026-02-02 10:00,9.4,331,2,1.2,4.5
22103,2026-02-02 11:00,12,331,2,1.2,4.8
22103,2026-02-02 12:00,9.8,334,1.8,1.3,4.3
22103,2026-02-02 13:00,12.4,323,2.2,1.3,4.5
22103,2026-02-02 14:00,11.8,323,2,1.3,4
22103,2026-02-02 15:00,11.8,319,2.2,1.4,4.3
22103,2026-02-02 16:00,10.9,332,2.2,1.5,4.5
22103,2026-02-02 17:00,10.3,332,2.1,1.5,6.3
22103,2026-02-02 18:00,10.1,330,2.4,1.5,5.6
22103,2026-02-02 19:00,11,322,2.7,1.6,6.3
22103,2026-02-02 22:00,11.9,327,2.3,1.6,4.5
22103,2026-02-02 23:00,10.6,329,2.2,1.5,4.8
22103,2026-02-03 2:00,10,333,1.7,1.3,4.3
22103,2026-02-03 3:00,9.9,327,1.6,1.3,3.8
22103,2026-02-03 4:00,10,333,1.7,1.2,3.8
22103,2026-02-03 5:00,9.9,334,1.4,1.1,3.7
22103,2026-02-03 6:00,8.5,331,1.6,1,3.7
22103,2026-02-03 7:00,9.6,328,1.4,1,3.6
22103,2026-02-03 8:00,8.9,314,1.5,1.1,3.7
22103,2026-02-03 9:00,7.7,316,1.6,1,4.2
22103,2026-02-03 10:00,8.4,329,1.3,1,4
22103,2026-02-03 11:00,8.1,337,1.8,1,4.2
22103,2026-02-03 12:00,6.6,332,1.5,1,4.3
22103,2026-02-03 13:00,5.8,308,1.3,0.8,4
22103,2026-02-03 14:00,5.3,312,1,0.8,3.6
22103,2026-02-03 15:00,7.3,305,1.2,0.7,2.9
22103,2026-02-03 16:00,6.5,298,1,0.7,2.9
22103,2026-02-03 17:00,7.1,302,0.9,0.7,2.9
22103,2026-02-03 18:00,8.3,305,1.2,0.7,4.2
22103,2026-02-03 19:00,6.8,299,1.2,0.9,3.2
22103,2026-02-03 20:00,7.6,298,1.6,0.8,3.7
22103,2026-02-03 21:00,6.9,305,1.3,0.8,4
22103,2026-02-03 22:00,7,309,1.2,0.8,4.2
22103,2026-02-03 23:00,5.6,313,1.1,0.7,4.3
22103,2026-02-04 0:00,6.9,307,0.9,0.7,3.8
22103,2026-02-04 1:00,5.4,299,1.1,0.7,3.6
22103,2026-02-04 2:00,6.2,302,1,0.6,3.4
22103,2026-02-04 3:00,7.5,315,0.8,0.6,3.2
22103,2026-02-04 4:00,7.2,317,0.8,0.6,2.8
22103,2026-02-04 5:00,7.3,316,0.9,0.6,2.9
22103,2026-02-04 6:00,7.1,309,0.8,0.6,2.9
22103,2026-02-04 7:00,6.2,316,0.7,0.6,3
22103,2026-02-04 8:00,4.5,320,0.8,0.5,2.9
22103,2026-02-04 9:00,3.7,313,0.6,0.5,3.1
22103,2026-02-04 10:00,4,319,0.6,0.4,3.1
22103,2026-02-04 11:00,3.6,305,0.6,0.4,5.6
22103,2026-02-04 12:00,3,297,0.5,0.4,2.9
22103,2026-02-04 13:00,2.3,319,0.5,0.4,3.1
22103,2026-02-04 14:00,3,294,0.5,0.3,4.8
22103,2026-02-04 15:00,2.8,348,0.4,0.3,5.6
22103,2026-02-04 16:00,1.7,307,0.4,0.3,6.3
22103,2026-02-04 17:00,2.7,316,0.4,0.3,5.9
22103,2026-02-04 18:00,2.7,311,0.4,0.3,5.9
22103,2026-02-04 19:00,3.7,302,0.4,0.3,6.3
22103,2026-02-04 20:00,2.4,324,0.4,0.3,5.6
22103,2026-02-04 21:00,3.7,255,0.4,0.2,8.3
22103,2026-02-04 22:00,2.9,263,0.3,0.2,8.3
22103,2026-02-04 23:00,2.7,253,0.4,0.2,4.8
22103,2026-02-05 0:00,3.9,240,0.4,0.3,4.8
22103,2026-02-05 1:00,3.6,271,0.4,0.3,3.7
22103,2026-02-05 2:00,3.6,273,0.4,0.3,3.6
22103,2026-02-05 3:00,2.7,263,0.4,0.3,3.3
22103,2026-02-05 4:00,2.1,46,0.4,0.3,3
22103,2026-02-05 5:00,1.1,42,0.4,0.3,6.7
22103,2026-02-05 6:00,1,25,0.4,0.3,9.1
22103,2026-02-05 7:00,3.7,51,0.4,0.3,7.7
22103,2026-02-05 8:00,3.8,73,0.4,0.3,8.3
22103,2026-02-05 9:00,3.3,36,0.4,0.3,3.4
22103,2026-02-05 10:00,1.8,70,0.4,0.3,2.5
22103,2026-02-05 11:00,0.9,92,0.4,0.3,2.4
22103,2026-02-05 12:00,1.1,287,0.5,0.3,3.6
22103,2026-02-05 13:00,3.1,341,0.4,,8.3
22103,2026-02-05 14:00,2.3,322,0.5,,7.1
22103,2026-02-05 15:00,5,319,0.5,,9.1
22103,2026-02-05 16:00,5.4,280,0.5,0.4,5.6
22103,2026-02-05 17:00,5.5,283,0.5,0.4,9.1
22103,2026-02-05 18:00,7.4,296,0.7,0.4,5
22103,2026-02-05 19:00,8.1,307,0.8,0.5,2.3
22103,2026-02-06 2:00,10.6,334,1.5,0.9,4
22103,2026-02-06 3:00,8.7,325,1.5,1,4.3
22103,2026-02-06 4:00,9.6,332,1.3,0.9,4.2
22103,2026-02-06 5:00,9,329,1.4,0.9,3.8
22103,2026-02-06 6:00,9.2,331,1.5,1.1,3.8
22103,2026-02-06 7:00,10.8,325,1.7,1,4
22103,2026-02-06 8:00,9.9,330,1.9,1.1,4
22103,2026-02-06 9:00,9.6,332,1.7,1.1,3.8
22103,2026-02-06 10:00,9.4,326,1.5,1,4
22103,2026-02-06 11:00,9.2,315,1.8,1.1,4.3
22103,2026-02-06 12:00,10.4,324,1.9,1.1,4.5
22103,2026-02-06 13:00,8.5,336,1.6,1.1,4.3
22103,2026-02-06 14:00,9.3,337,2.2,1.2,4.5
22103,2026-02-06 15:00,9.1,332,1.7,1.2,4.3
22103,2026-02-06 16:00,9.6,329,1.8,1.1,4.2
22103,2026-02-06 17:00,8.9,328,1.5,1,4
22103,2026-02-06 18:00,8.3,337,2,1.1,3.7
22103,2026-02-06 19:00,9.1,330,1.7,1,3.8
22103,2026-02-06 21:00,10.9,335,1.7,1.1,4.3
22103,2026-02-06 22:00,9.7,327,2.2,1.3,4.5
22103,2026-02-06 23:00,9.3,335,2.1,1.3,4.8
22103,2026-02-07 1:00,9.4,325,2.1,1.3,4.8
22103,2026-02-07 3:00,9.4,330,2.1,1.3,4.2
22103,2026-02-07 4:00,11.6,324,1.8,1.4,4.5
22103,2026-02-07 5:00,11.1,329,2.1,1.5,4.2
22103,2026-02-07 6:00,12.5,325,2.2,1.4,4.5
22103,2026-02-07 7:00,10.6,328,2.3,1.5,4.5
22103,2026-02-07 8:00,11,315,1.7,1.3,4.3
22103,2026-02-07 9:00,10.6,321,2,1.3,4.2
22103,2026-02-07 10:00,12.4,318,2.4,1.4,4.8
22103,2026-02-07 11:00,13.7,310,2.3,1.4,4.8
22103,2026-02-07 12:00,13.4,312,2.3,1.7,5.3
22103,2026-02-07 13:00,13.4,318,2.8,1.6,5
22103,2026-02-07 14:00,13.5,314,3,1.6,5
22103,2026-02-07 15:00,14.2,309,3.4,1.7,5.3
22103,2026-02-07 16:00,13.9,320,2.7,1.8,5.3
22103,2026-02-07 17:00,13.7,331,3.1,1.8,5.6
22103,2026-02-07 18:00,14.6,328,2.3,1.7,4.8
22103,2026-02-07 21:00,12.3,332,3.1,1.9,5
22103,2026-02-07 22:00,10.5,340,3.2,1.7,5
22103,2026-02-07 23:00,9.5,339,2.6,1.6,5
22103,2026-02-08 2:00,13.1,326,2.1,1.3,4.8
22103,2026-02-08 3:00,13,334,2.4,1.4,4.5
22103,2026-02-08 4:00,13.6,326,2.6,1.6,5
22103,2026-02-08 5:00,12.9,334,2.6,1.7,4.8
22103,2026-02-08 6:00,13.8,334,2.4,1.6,5
22103,2026-02-08 7:00,14.6,325,2.5,1.6,4.5
22103,2026-02-08 8:00,15.3,328,2.4,1.7,4.8
22103,2026-02-08 9:00,13.9,335,3.1,1.8,4.8
22103,2026-02-08 10:00,14.4,336,3.2,1.9,5.3
22103,2026-02-08 11:00,13.1,333,3.3,2.2,5
22103,2026-02-08 12:00,13.8,327,3,2.1,5.6
22103,2026-02-08 13:00,16.1,325,3,1.9,5.3
22103,2026-02-08 14:00,14.7,329,3.1,2.2,5.6
22103,2026-02-08 15:00,14.2,327,3.3,2.1,5.6
22103,2026-02-08 16:00,12.7,331,3,2.1,5.9
22103,2026-02-08 17:00,12.6,329,2.8,1.8,5.3
22103,2026-02-08 18:00,13.1,332,2.7,1.7,4.8
22103,2026-02-08 20:00,13.5,339,2.3,1.5,4.3
22103,2026-02-08 21:00,12.8,332,2.6,1.5,4.3
22103,2026-02-08 22:00,14.5,329,3.7,1.8,5
22103,2026-02-09 0:00,13.2,324,2.5,1.9,5.6
22103,2026-02-09 1:00,11.6,331,3,1.8,5.3
22103,2026-02-09 2:00,9.8,326,2.5,1.7,5
22103,2026-02-09 3:00,11.3,330,1.9,1.5,4.8
22103,2026-02-09 4:00,10.6,326,1.8,1.2,4.5
22103,2026-02-09 5:00,9.3,325,2,1.2,4.2
22103,2026-02-09 6:00,9.6,323,1.6,1.1,4
22103,2026-02-09 7:00,8.9,321,1.8,1.2,3.8
22103,2026-02-09 8:00,9.3,329,1.5,1.1,4.5
22103,2026-02-09 9:00,8.2,335,1.7,1.2,3.6
22103,2026-02-09 10:00,8,331,1.4,1.1,10
22103,2026-02-09 11:00,7.2,322,1.2,0.9,10
22103,2026-02-09 12:00,7.1,318,1.2,0.9,10
22103,2026-02-09 13:00,5.2,324,1.2,0.8,11.8
22103,2026-02-09 14:00,3.3,337,1.1,0.8,11.1
22103,2026-02-09 15:00,3.1,321,1,0.7,11.1
22103,2026-02-09 16:00,2.1,284,1,0.7,11.8
22103,2026-02-09 17:00,3.6,280,0.9,0.6,10
22103,2026-02-09 18:00,5.6,282,0.9,0.6,10.5
22103,2026-02-09 19:00,6.2,278,0.9,0.6,11.1
22103,2026-02-09 20:00,6.7,284,1,0.6,10.5
22103,2026-02-09 21:00,6,288,0.8,0.6,10.5
22103,2026-02-09 22:00,6.6,298,0.9,0.6,11.1
22103,2026-02-09 23:00,6.1,287,1.3,0.6,10.5
22103,2026-02-10 0:00,6.2,297,1,0.6,10.5
22103,2026-02-10 1:00,6.2,309,0.9,0.7,10
22103,2026-02-10 2:00,6,314,0.9,0.6,3.3
22103,2026-02-10 3:00,4.6,327,0.9,0.6,9.1
22103,2026-02-10 4:00,3.3,333,0.9,0.6,3.7
22103,2026-02-10 5:00,3,337,0.7,0.5,10
22103,2026-02-10 6:00,3.4,335,0.7,0.5,10.5
22103,2026-02-10 7:00,2.8,352,0.8,0.5,9.1
22103,2026-02-10 8:00,5,5,0.6,0.5,10.5
22103,2026-02-10 9:00,4.1,14,0.7,0.4,10.5
22103,2026-02-10 10:00,2.8,2,0.7,0.5,10.5
22103,2026-02-10 11:00,2.7,44,0.9,0.5,11.1
22103,2026-02-10 12:00,2.4,59,0.7,0.5,4.8
22103,2026-02-10 13:00,3.4,92,0.9,0.5,4.2
22103,2026-02-10 14:00,4,73,1,0.6,4.5
22103,2026-02-10 15:00,4.1,82,0.9,0.6,5
22103,2026-02-10 16:00,4.1,26,1,0.6,5
22103,2026-02-10 17:00,4.7,39,0.9,0.6,5.3
22103,2026-02-10 18:00,3.7,32,0.7,0.6,4.8
22103,2026-02-10 19:00,5.2,4,0.8,0.6,5.3
22103,2026-02-10 20:00,2.3,353,1.5,0.7,4.3
22103,2026-02-10 21:00,4,354,1.3,0.8,5.3
22103,2026-02-10 22:00,6.2,345,1.4,0.9,5.6
22103,2026-02-10 23:00,7.1,318,1.3,0.9,5.6
22103,2026-02-11 0:00,7.5,324,1.3,0.8,5.9
22103,2026-02-11 1:00,8.2,318,1.2,0.8,6.3
22103,2026-02-11 2:00,9.3,325,1.2,0.8,6.3
22103,2026-02-11 3:00,8.3,328,1.5,0.9,3.3
22103,2026-02-11 4:00,9.2,332,1.4,0.9,3.3
22103,2026-02-11 5:00,8.9,324,1.6,1,3.7
22103,2026-02-11 6:00,9.5,335,1.4,0.9,3.7
22103,2026-02-11 7:00,9.6,339,1.6,1,3.6
22103,2026-02-11 8:00,8.9,335,1.7,1.1,4.2
22103,2026-02-11 9:00,9.3,337,1.7,1.3,3.8
22103,2026-02-11 10:00,9.1,336,1.8,1.2,4.2
22103,2026-02-11 11:00,8.1,331,1.4,1,3.8
22103,2026-02-11 12:00,7.9,327,1.4,1,3.4
22103,2026-02-11 13:00,8.2,323,1.5,0.9,5.6
22103,2026-02-11 14:00,7.3,318,1.2,0.8,5.6
22103,2026-02-11 15:00,10.9,307,1.3,0.8,3.1
22103,2026-02-11 16:00,10.2,318,1.5,1,3.2
22103,2026-02-11 17:00,9.4,318,1.5,1,3.7
22103,2026-02-11 18:00,9.2,314,1.5,1,3.8
22103,2026-02-11 19:00,8.8,319,1.9,1,4.2
22103,2026-02-11 20:00,8,314,1.5,1,4
22103,2026-02-11 21:00,9,308,1.4,1.1,4.5
22103,2026-02-11 22:00,9.3,328,1.8,1,5
22103,2026-02-11 23:00,10.4,334,1.4,1,3.3
22103,2026-02-12 0:00,10,325,1.5,1,3.2
22103,2026-02-12 1:00,10.1,316,1.5,1.1,3.3
22103,2026-02-12 2:00,8.3,324,1.6,1.1,3.8
22103,2026-02-12 3:00,8.2,325,1.6,1.1,4
22103,2026-02-12 4:00,7.9,315,1.8,1.1,3.7
22103,2026-02-12 5:00,8,332,1.4,1,4
22103,2026-02-12 6:00,8.5,323,1.4,1,3.7
22103,2026-02-12 7:00,8.5,328,1.4,1,3.7
22103,2026-02-12 8:00,6.9,333,1.5,1,4
22103,2026-02-12 9:00,7.3,319,1.5,1,3.8
22103,2026-02-12 10:00,6.7,324,1.2,0.9,4.2
22103,2026-02-12 11:00,6.5,321,1.4,0.8,4.3
22103,2026-02-12 12:00,6.4,314,1,0.7,5.6
22103,2026-02-12 13:00,6,321,0.9,0.6,3.6
22103,2026-02-12 14:00,5.7,312,0.8,0.6,5.6
22103,2026-02-12 15:00,5.8,304,0.9,0.6,5.3
22103,2026-02-12 16:00,4.9,299,0.7,0.5,5.9
22103,2026-02-12 17:00,6.3,289,0.8,0.5,5.6
22103,2026-02-12 18:00,6,285,0.9,0.5,5
22103,2026-02-12 19:00,6.8,293,0.6,0.5,2.4
22103,2026-02-12 20:00,6.8,305,0.8,0.5,2.4
22103,2026-02-12 21:00,6.3,308,0.9,0.6,2.9
22103,2026-02-12 22:00,6,304,0.9,0.6,2.9
22103,2026-02-13 1:00,5.4,317,0.7,0.5,2.4
22103,2026-02-13 2:00,4.4,320,0.6,0.4,3.2
22103,2026-02-13 3:00,5.1,311,0.5,0.4,5.6
22103,2026-02-13 4:00,5.3,305,0.6,0.4,5.6
22103,2026-02-13 5:00,5.5,320,0.6,0.4,2.6
22103,2026-02-13 6:00,5.1,324,0.7,0.4,2.7
22103,2026-02-13 7:00,3.1,333,0.5,0.4,2.9
22103,2026-02-13 8:00,2.9,329,0.5,0.4,2.7
22103,2026-02-13 9:00,2.4,322,0.5,0.4,4.5
22103,2026-02-13 10:00,1.8,304,0.5,0.3,5.3
22103,2026-02-13 11:00,2.1,281,0.5,0.3,7.1
22103,2026-02-13 12:00,3.5,262,0.4,0.3,5.6
22103,2026-02-13 13:00,3.4,263,0.4,0.3,7.1
22103,2026-02-13 14:00,4.6,266,0.5,0.3,7.7
22103,2026-02-13 15:00,4.8,272,0.4,0.3,10.5
22103,2026-02-13 16:00,4.3,282,0.4,0.3,7.7
22103,2026-02-13 17:00,4.1,278,0.4,0.3,6.7
22103,2026-02-13 18:00,3.2,292,0.4,0.3,5.6
22103,2026-02-13 19:00,2,281,0.5,0.3,7.1
22103,2026-02-13 20:00,1.8,353,0.6,0.3,5.9
22103,2026-02-13 21:00,1.4,286,0.4,0.3,7.7
22103,2026-02-13 22:00,1.7,282,0.4,0.3,6.7
22103,2026-02-13 23:00,3.1,262,0.4,,6.3
22103,2026-02-14 0:00,3.4,254,0.5,,4.2
22103,2026-02-14 1:00,3.1,263,0.4,,4.8
22103,2026-02-14 2:00,3.1,248,0.4,,3.3
22103,2026-02-14 3:00,3.8,246,0.5,,9.1
22103,2026-02-14 4:00,3.4,253,0.6,,4.5
22103,2026-02-14 5:00,1.9,298,0.5,0.3,4.3
22103,2026-02-14 6:00,1,281,0.6,0.4,3.7
22103,2026-02-14 7:00,3.3,67,0.6,0.4,3.2
22103,2026-02-14 8:00,5.2,45,0.9,0.4,3.4
22103,2026-02-14 9:00,4.5,56,0.7,0.5,3.4
22103,2026-02-14 10:00,5,45,0.6,0.5,3.6
22103,2026-02-14 11:00,5.4,57,0.7,0.5,3.3
22103,2026-02-14 12:00,5.7,42,0.7,0.5,3.3
22103,2026-02-14 13:00,5.1,64,0.9,0.5,2.9
22103,2026-02-14 14:00,4.2,70,0.7,0.4,3.1
22103,2026-02-14 15:00,5.5,48,0.7,0.4,3.3
22103,2026-02-14 16:00,6.5,47,0.7,0.4,2.8
22103,2026-02-14 17:00,4.6,64,0.7,0.5,3.1
22103,2026-02-14 18:00,4,55,0.6,0.4,3
22103,2026-02-14 19:00,4.5,42,0.6,0.4,3.4
22103,2026-02-14 20:00,4,43,0.6,0.4,4.5
22103,2026-02-14 21:00,2.9,58,0.5,0.4,3.7
22103,2026-02-14 22:00,2.9,0,0.5,0.3,3.4
22103,2026-02-14 23:00,2.7,342,0.5,0.3,3.8
22103,2026-02-15 0:00,3,327,0.5,0.3,4
22103,2026-02-15 1:00,4.5,322,0.5,0.3,4
22103,2026-02-15 2:00,5.7,306,0.5,0.3,7.7
22103,2026-02-15 3:00,5.8,313,0.8,0.5,7.1
22103,2026-02-15 4:00,6.5,322,1.3,0.7,6.3
22103,2026-02-15 5:00,5.9,328,1,0.7,6.7
22103,2026-02-15 6:00,5.4,323,1.4,0.7,6.7
22103,2026-02-15 7:00,6.9,323,1.1,0.8,6.7
22103,2026-02-15 8:00,8.3,325,1,0.8,6.7
22103,2026-02-15 9:00,7.1,326,1.2,0.9,7.1
22103,2026-02-15 10:00,5.5,323,1.1,0.8,6.7
22103,2026-02-15 11:00,4.3,312,1.1,0.8,6.7
22103,2026-02-15 12:00,6.4,304,1.1,0.7,7.1
22103,2026-02-15 13:00,5.9,302,1.1,0.8,7.1
22103,2026-02-15 14:00,6.7,292,1.1,0.7,7.1
22103,2026-02-15 15:00,7.4,297,1.1,0.7,7.1
22103,2026-02-15 16:00,7.2,292,1.3,0.8,7.7
22103,2026-02-15 17:00,8.4,305,1.4,0.9,7.1
22103,2026-02-15 18:00,10.2,302,1.6,1,7.7
22103,2026-02-15 19:00,9.1,318,2.3,1,3.7
22103,2026-02-15 20:00,9.9,323,1.7,1.1,4.3
22103,2026-02-15 21:00,11.6,333,1.6,1.2,4
22103,2026-02-15 22:00,12.6,331,2.2,1.3,4.2
22103,2026-02-15 23:00,12.9,325,1.9,1.4,4.5
22103,2026-02-16 0:00,11.3,321,2.3,1.4,4.5
22103,2026-02-16 1:00,9.8,321,1.9,1.4,4.5
22103,2026-02-16 2:00,9.4,322,2.2,1.3,4.3
22103,2026-02-16 3:00,10,317,1.5,1.1,4.2
22103,2026-02-16 4:00,9.4,321,1.6,1,4.2
22103,2026-02-16 5:00,9,328,1.5,1.1,3.7
22103,2026-02-16 6:00,7.1,333,1.5,1,4.2
22103,2026-02-16 7:00,9.9,333,1.8,1.1,4.5
22103,2026-02-16 8:00,8.8,343,1.8,1.1,4.3
22103,2026-02-16 9:00,8.2,333,1.9,1.1,4.5
22103,2026-02-16 10:00,8.2,333,1.6,1.1,4.5
22103,2026-02-16 11:00,8.3,335,1.6,1,4.5
22103,2026-02-16 12:00,8.8,340,1.4,1,4.3
22103,2026-02-16 13:00,7.6,336,1.5,1,4.2
22103,2026-02-16 14:00,7.3,334,1.3,0.9,5.9
22103,2026-02-16 15:00,7.1,341,1.4,1,6.7
22103,2026-02-16 16:00,6.4,339,1.9,1,5.9
22103,2026-02-16 17:00,6.8,335,1.5,0.9,5.6
22103,2026-02-16 18:00,7.1,329,1.1,0.8,6.3
22103,2026-02-16 19:00,7.2,336,1.2,0.8,5.6
22103,2026-02-16 21:00,7.8,327,1.4,0.8,3.4
22103,2026-02-16 22:00,7,338,1.3,0.9,3.7
22103,2026-02-16 23:00,6.5,356,1.6,0.9,4
22103,2026-02-17 0:00,6.8,348,1.3,0.9,3.7
22103,2026-02-17 1:00,8.1,340,1.4,1,7.7
22103,2026-02-17 2:00,7.4,354,1.9,1.1,6.7
22103,2026-02-17 3:00,7.6,1,2.2,1.2,6.3
22103,2026-02-17 4:00,7.9,7,1.6,1.2,6.7
22103,2026-02-17 5:00,7.4,11,1.7,1.2,7.1
22103,2026-02-17 6:00,6,11,1.8,1.2,7.7
22103,2026-02-17 7:00,6.3,5,1.7,1.2,6.7
22103,2026-02-17 8:00,5.5,359,1.7,1.2,8.3
22103,2026-02-17 9:00,5.1,354,1.5,1.1,8.3
22103,2026-02-17 10:00,4.9,348,1.7,1.1,7.7
22103,2026-02-17 11:00,5.3,335,1.9,1.1,6.3
22103,2026-02-17 12:00,6.7,325,1.5,1.1,7.1
22103,2026-02-17 13:00,6.7,326,1.4,1,7.1
22103,2026-02-17 14:00,5.8,322,1.4,1,7.7
22103,2026-02-17 15:00,5.5,302,1.5,0.9,7.1
22103,2026-02-17 16:00,7.5,307,1.4,0.8,6.7
22103,2026-02-17 17:00,7.4,301,1.5,0.8,7.7
22103,2026-02-17 18:00,10.4,304,1.3,0.9,6.7
22103,2026-02-17 19:00,10.5,313,2,1.1,3.7
22103,2026-02-17 21:00,10.1,317,1.9,1.3,5
22103,2026-02-17 22:00,9.7,307,1.7,1.3,4.3
22103,2026-02-17 23:00,10.2,303,2.1,1.2,4.8
22103,2026-02-18 0:00,9.9,307,1.8,1.2,4.5
22103,2026-02-18 1:00,11,318,1.6,1.2,4.3
22103,2026-02-18 2:00,10.4,322,1.7,1.1,4
22103,2026-02-18 3:00,12.2,320,1.7,1.1,4
22103,2026-02-18 4:00,10.8,319,1.6,1.1,3.7
22103,2026-02-18 5:00,8.5,319,1.5,1.1,4
22103,2026-02-18 6:00,8.7,321,1.3,1,3.4
22103,2026-02-18 7:00,8.5,305,1.4,1,3.7
22103,2026-02-18 8:00,8.3,306,1.2,0.9,3.7
22103,2026-02-18 9:00,7.6,309,1.2,0.8,4.5
22103,2026-02-18 10:00,4.8,308,1.3,0.8,4.8
22103,2026-02-18 11:00,7.4,307,1.3,0.8,4
22103,2026-02-18 12:00,7.2,307,1.2,0.8,3.6
22103,2026-02-18 13:00,7.8,310,1.4,0.8,3.3
22103,2026-02-18 14:00,6.6,298,1.5,0.9,5
22103,2026-02-18 15:00,9.1,291,1.6,1,4.3
22103,2026-02-18 16:00,10.4,292,2.2,1.1,5
22103,2026-02-18 17:00,10.5,296,2.2,1.3,4.5
22103,2026-02-18 18:00,11.1,303,2,1.4,4.8
22103,2026-02-18 19:00,11.1,311,2,1.4,5.3
22103,2026-02-18 20:00,10.1,314,2.2,1.4,5.6
22103,2026-02-18 23:00,10.8,328,2.3,1.1,4
22103,2026-02-19 3:00,9,332,1.7,1.1,3.8
22103,2026-02-19 4:00,8.9,329,1.5,1,4
22103,2026-02-19 5:00,8.1,346,1.3,1,4
22103,2026-02-19 6:00,7.2,335,1.4,1,3.7
22103,2026-02-19 7:00,6.9,331,1.3,0.8,3.6
22103,2026-02-19 8:00,6,318,1.2,0.8,3.3
22103,2026-02-19 9:00,6.1,320,1.5,0.8,3.7
22103,2026-02-19 10:00,5.9,320,1.3,0.8,3.8
22103,2026-02-19 11:00,7.1,306,1.4,0.8,3.7
22103,2026-02-19 12:00,6.2,316,1.6,0.9,4
22103,2026-02-19 13:00,6.2,302,1.1,0.9,3.8
22103,2026-02-19 14:00,6.5,303,1.4,0.8,4.2
22103,2026-02-19 15:00,6.8,296,1.4,0.8,3.2
22103,2026-02-19 16:00,6.5,277,1,0.7,3.8
22103,2026-02-19 17:00,7.8,292,0.8,0.7,5.6
22103,2026-02-19 18:00,7.2,300,1.1,0.7,4.3
22103,2026-02-19 19:00,6.9,296,1.1,0.7,3.3
22103,2026-02-19 20:00,6.5,297,1.3,0.8,4.2
22103,2026-02-19 21:00,6.4,298,1.3,0.8,3.8
22103,2026-02-19 22:00,7.1,299,1.1,0.8,10
22103,2026-02-19 23:00,7.2,296,1,0.7,10
22103,2026-02-20 0:00,6.5,303,1.1,0.8,3.7
22103,2026-02-20 1:00,5.3,294,1.1,0.7,3.8
22103,2026-02-20 2:00,5.7,300,0.9,0.7,3.8
22103,2026-02-20 3:00,7.1,300,1.1,0.7,3.6
22103,2026-02-20 4:00,8.1,295,0.9,0.6,3.3
22103,2026-02-20 5:00,6.7,298,0.8,0.6,3.1
22103,2026-02-20 6:00,4.8,304,0.8,0.5,2.7
22103,2026-02-20 7:00,3.4,345,0.6,0.4,9.1
22103,2026-02-20 8:00,2.8,11,0.5,0.4,3.1
22103,2026-02-20 9:00,2.7,2,0.6,0.4,10.5
22103,2026-02-20 10:00,1.7,354,0.5,0.4,10.5
22103,2026-02-20 11:00,2.4,6,0.5,0.4,10
22103,2026-02-20 12:00,2.3,335,0.5,0.3,9.1
22103,2026-02-20 13:00,0.9,347,0.5,0.4,9.1
22103,2026-02-20 14:00,0.2,154,0.5,0.4,9.1
22103,2026-02-20 15:00,1.2,258,0.6,0.4,10
22103,2026-02-20 16:00,1.7,278,0.5,0.4,10
22103,2026-02-20 17:00,2.4,280,0.5,0.3,11.1
22103,2026-02-20 18:00,2.1,320,0.5,0.4,10.5
22103,2026-02-20 19:00,2.2,311,0.5,0.4,10
22103,2026-02-20 20:00,1.5,311,0.6,0.4,11.1
22103,2026-02-20 21:00,1.8,292,0.6,0.4,10.5
22103,2026-02-20 22:00,4.5,274,0.7,0.5,4.2
22103,2026-02-20 23:00,3.7,261,0.7,0.5,4.5
22103,2026-02-21 0:00,3.8,238,0.7,0.5,10
22103,2026-02-21 1:00,4.4,224,0.7,0.5,4.2
22103,2026-02-21 2:00,5.8,228,0.8,0.5,3.7
22103,2026-02-21 3:00,6.5,234,0.9,0.6,2.7
22103,2026-02-21 4:00,6.9,236,1,0.6,3.2
22103,2026-02-21 5:00,6.5,238,1.3,0.8,3.4
22103,2026-02-21 6:00,7.4,240,1.4,0.8,3.6
22103,2026-02-21 7:00,7.3,235,1,0.8,3.8
22103,2026-02-21 8:00,6.6,234,1.2,0.7,4
22103,2026-02-21 9:00,7.1,231,1.2,0.9,4.2
22103,2026-02-21 10:00,7.3,233,1.5,0.9,4.3
22103,2026-02-21 11:00,8.1,230,1.3,1,4.2
22103,2026-02-21 12:00,9.8,229,1.8,1,4.3
22103,2026-02-21 13:00,9.1,238,1.7,1.2,4.8
22103,2026-02-21 14:00,8.2,238,2,1.2,4.8
22103,2026-02-21 15:00,8.8,228,1.9,1.1,5
22103,2026-02-21 16:00,9.7,227,1.7,1.2,5
22103,2026-02-21 17:00,8.6,219,2,1.2,5
22103,2026-02-21 18:00,7.8,220,1.7,1.1,4.5
22103,2026-02-21 19:00,8.6,216,1.5,1,5
22103,2026-02-21 20:00,9.2,213,1.8,1.1,5.6
22103,2026-02-21 21:00,9.8,216,1.7,1.2,5.6
22103,2026-02-21 22:00,9.6,214,2.1,1.2,5
22103,2026-02-21 23:00,8.7,217,2.1,1.3,5
22103,2026-02-22 0:00,9.8,226,2.6,1.4,5.3
22103,2026-02-22 1:00,9.2,224,2.4,1.5,5.6
22103,2026-02-22 2:00,10.3,217,2.7,1.8,5.9
22103,2026-02-22 3:00,9.4,215,3.4,1.7,5.9
22103,2026-02-22 4:00,8.5,219,2.8,1.8,5.9
22103,2026-02-22 5:00,7.5,232,2.7,1.7,6.7
22103,2026-02-22 6:00,3.1,271,3,1.8,6.3
22103,2026-02-22 7:00,4.5,249,2.4,1.6,5.9
22103,2026-02-22 8:00,6.4,240,2.1,1.5,5.6
22103,2026-02-22 9:00,7.1,232,2.3,1.5,5.9
22103,2026-02-22 10:00,9.9,236,2.1,1.3,5.3
22103,2026-02-22 11:00,7.5,245,2.2,1.5,5.6
22103,2026-02-22 12:00,6.2,271,2,1.4,5.6
22103,2026-02-22 13:00,6.5,275,2.2,1.5,5.9
22103,2026-02-22 14:00,5.9,274,2.3,1.3,5.9
22103,2026-02-22 15:00,7.4,277,2.1,1.5,5.9
22103,2026-02-22 16:00,10.1,279,2.5,1.5,6.3
22103,2026-02-22 17:00,9.9,297,1.9,1.4,5.6
22103,2026-02-22 18:00,12.5,308,2.2,1.4,5.3
22103,2026-02-22 19:00,10.9,310,2.1,1.4,5.6
22103,2026-02-22 20:00,12,310,2.1,1.4,5.9
22103,2026-02-22 21:00,10.7,315,2.1,1.3,5.9
22103,2026-02-22 22:00,10.3,325,2.4,1.3,4
22103,2026-02-22 23:00,10.6,325,2.2,1.4,4.5
22103,2026-02-23 1:00,13.5,331,2.5,1.6,4.8
22103,2026-02-23 2:00,13,327,2.7,1.8,5.3
22103,2026-02-23 3:00,12,329,2.7,1.6,4.8
22103,2026-02-23 4:00,7.1,351,2.3,1.6,5
22103,2026-02-23 5:00,12.1,347,2,1.4,4.5
22103,2026-02-23 6:00,6.3,358,1.9,1.2,4.5
22103,2026-02-23 7:00,4.9,356,1.5,0.9,3.8
22103,2026-02-23 8:00,8.7,349,1.1,0.8,5.3
22103,2026-02-23 9:00,7.7,359,1.3,0.8,3
22103,2026-02-23 10:00,5.4,5,1.3,0.8,5.6
22103,2026-02-23 11:00,3.1,18,1.1,0.8,4.2
22103,2026-02-23 12:00,4.4,10,0.9,0.6,7.7
22103,2026-02-23 13:00,3.1,26,0.8,0.6,7.1
22103,2026-02-23 14:00,1,6,0.8,0.5,7.7
22103,2026-02-23 15:00,0.6,356,0.7,0.5,7.1
22103,2026-02-23 16:00,1.9,315,0.7,0.5,7.1
22103,2026-02-23 17:00,1.4,249,0.7,0.5,7.7
22103,2026-02-23 18:00,2.3,292,0.7,0.4,6.7
22103,2026-02-23 19:00,1.8,287,0.6,0.4,7.7
22103,2026-02-23 20:00,2,324,0.8,0.4,6.7
22103,2026-02-23 21:00,1.8,354,0.7,0.5,6.7
22103,2026-02-23 22:00,1.9,359,0.6,0.5,7.7
22103,2026-02-23 23:00,3.6,27,0.6,0.4,6.7
22103,2026-02-24 0:00,4.8,27,0.7,0.4,8.3
22103,2026-02-24 1:00,5,33,0.6,0.4,6.7
22103,2026-02-24 2:00,5.9,52,0.7,0.4,7.7
22103,2026-02-24 3:00,6.4,56,0.8,0.5,2.7
22103,2026-02-24 4:00,8.5,54,0.9,0.6,3.2
22103,2026-02-24 5:00,9.8,59,1.3,0.8,3.6
22103,2026-02-24 6:00,9.6,67,1.8,1,4.2
22103,2026-02-24 7:00,10.2,65,1.6,1,4.5
22103,2026-02-24 8:00,8.6,39,1.6,1.2,5
22103,2026-02-24 9:00,11,49,1.8,1.1,5.3
22103,2026-02-24 10:00,10.7,58,2,1.4,5.9
22103,2026-02-24 11:00,11.4,52,2,1.5,5
22103,2026-02-24 12:00,12.7,50,2.5,1.6,5.6
22103,2026-02-24 13:00,12.5,52,2.8,1.6,5.9
22103,2026-02-24 14:00,13.5,58,2.8,1.8,6.3
22103,2026-02-24 15:00,12.6,56,3.1,2.1,6.7
22103,2026-02-24 16:00,13.3,54,3.1,2.1,7.1
22103,2026-02-24 17:00,13.6,42,4,2.1,5.9
22103,2026-02-24 18:00,15.1,39,3.7,2.3,7.1
22103,2026-02-24 19:00,14.8,39,4,2.4,7.1
22103,2026-02-24 20:00,15.7,52,3.7,2.5,7.1
22103,2026-02-24 21:00,14.6,53,4.5,2.4,7.1
22103,2026-02-24 22:00,12.5,49,3.6,2.3,7.7
22103,2026-02-24 23:00,12.4,38,3.6,2.5,7.7
22103,2026-02-25 0:00,12.3,45,3.7,2.6,8.3
22103,2026-02-25 1:00,13.2,39,3.9,2.4,8.3
22103,2026-02-25 2:00,12.3,41,3.1,2.2,8.3
22103,2026-02-25 3:00,12.2,43,3.5,2.1,7.7
22103,2026-02-25 4:00,11.5,36,3.1,2,7.7
22103,2026-02-25 5:00,12.4,41,3.1,1.8,7.7
22103,2026-02-25 6:00,11.8,36,3.1,2,7.1
22103,2026-02-25 7:00,11.4,36,3.2,2,7.7
22103,2026-02-25 8:00,11.8,37,3.4,1.9,7.7
22103,2026-02-25 9:00,10.8,35,3.2,2,7.7
22103,2026-02-25 10:00,11.7,38,2.8,2.1,9.1
22103,2026-02-25 11:00,10.2,35,2.9,1.9,8.3
22103,2026-02-25 12:00,10.1,35,3,2.2,7.7
22103,2026-02-25 13:00,9.6,34,3.3,2.1,9.1
22103,2026-02-25 14:00,9.2,37,3.4,1.9,8.3
22103,2026-02-25 15:00,9.1,35,3.2,1.9,9.1
22103,2026-02-25 16:00,8.5,30,3.1,2.2,9.1
22103,2026-02-25 17:00,8,30,2.8,2,8.3
22103,2026-02-25 18:00,6.8,39,3.2,2,9.1
22103,2026-02-25 19:00,6.9,40,2.9,2,8.3
22103,2026-02-25 20:00,10.1,70,3.2,2.1,9.1
22103,2026-02-25 21:00,10.9,71,3.7,2.4,9.1
22103,2026-02-25 22:00,11.5,67,3.9,2.2,10
22103,2026-02-25 23:00,10.9,48,3.7,2.4,9.1
22103,2026-02-26 0:00,10.8,42,3.7,2.5,8.3
22103,2026-02-26 1:00,10,37,3.4,2.4,9.1
22103,2026-02-26 2:00,9.8,28,3.1,2.1,9.1
22103,2026-02-26 3:00,9.6,38,3.7,2,7.7
22103,2026-02-26 4:00,10.3,39,2.7,2,7.7
22103,2026-02-26 5:00,10,40,2.3,1.8,7.7
22103,2026-02-26 6:00,10.6,41,2.8,1.8,7.1
22103,2026-02-26 7:00,10.2,40,2.5,1.9,6.7
22103,2026-02-26 8:00,10.3,36,3,1.7,7.1
22103,2026-02-26 9:00,10.1,34,3.1,1.8,7.1
22103,2026-02-26 10:00,10.2,40,2.7,1.8,6.7
22103,2026-02-26 11:00,10.2,34,2.6,1.8,6.3
22103,2026-02-26 12:00,8.5,16,2.8,1.7,6.3
22103,2026-02-26 13:00,8.9,28,2.4,1.6,7.1
22103,2026-02-26 14:00,9.5,36,2.6,1.6,7.1
22103,2026-02-26 15:00,10.1,44,2.4,1.6,6.7
22103,2026-02-26 16:00,11.2,43,2.6,1.5,6.7
22103,2026-02-26 17:00,9.9,43,2.8,1.6,7.1
22103,2026-02-26 18:00,10.6,42,2.8,1.7,6.7
22103,2026-02-26 19:00,10.9,52,3,1.8,7.1
22103,2026-02-26 20:00,10.1,44,2.8,1.9,7.7
22103,2026-02-26 21:00,10.4,52,2.7,1.9,7.7
22103,2026-02-26 22:00,10.5,57,2.6,1.9,7.1
22103,2026-02-26 23:00,10.6,58,2.8,1.9,7.7
22103,2026-02-27 0:00,9.7,46,2.9,2,7.1
22103,2026-02-27 1:00,9.9,47,3.3,2,7.1
22103,2026-02-27 2:00,10.9,45,2.8,2,7.1
22103,2026-02-27 3:00,11.5,46,2.8,1.9,7.1
22103,2026-02-27 4:00,10.7,51,3.2,1.9,7.1
22103,2026-02-27 5:00,10.5,52,2.4,1.7,7.1
22103,2026-02-27 6:00,10.1,50,2.6,1.7,6.7
22103,2026-02-27 7:00,9.9,48,2.5,1.8,6.7
22103,2026-02-27 8:00,9.7,49,3,1.8,6.7
22103,2026-02-27 9:00,10.3,48,3.1,1.7,7.1
22103,2026-02-27 10:00,10.5,41,2.5,1.7,6.7
22103,2026-02-27 11:00,10.7,49,3.1,1.8,6.7
22103,2026-02-27 12:00,9.6,42,2.5,1.8,7.1
22103,2026-02-27 13:00,9.8,46,2.7,1.8,6.7
22103,2026-02-27 14:00,8.9,51,3,1.9,7.1
22103,2026-02-27 15:00,7.6,27,2.4,1.6,7.7
22103,2026-02-27 16:00,6,18,2.3,1.6,7.1
22103,2026-02-27 17:00,6,22,2,1.4,7.7
22103,2026-02-27 18:00,4.1,30,2.1,1.4,7.1
22103,2026-02-27 19:00,5,40,2,1.4,7.1
22103,2026-02-27 20:00,5,50,1.8,1.4,7.1
22103,2026-02-27 21:00,4.5,44,2.1,1.2,7.7
22103,2026-02-27 22:00,4.6,56,1.6,1.2,7.7
22103,2026-02-27 23:00,6.6,36,1.6,1.1,7.7
22103,2026-02-28 0:00,6.2,38,1.8,1,7.7
22103,2026-02-28 1:00,6.4,40,1.4,1.1,7.1
22103,2026-02-28 2:00,4.5,71,2,1.1,5.9
22103,2026-02-28 3:00,5.7,44,1.9,1.2,7.1
22103,2026-02-28 4:00,6.6,53,1.9,1.2,7.1
22103,2026-02-28 5:00,6.3,57,1.6,1.1,7.1
22103,2026-02-28 6:00,6.5,59,1.7,1.1,7.1
22103,2026-02-28 7:00,7.3,49,1.7,1.1,7.1
22103,2026-02-28 8:00,6.9,57,1.7,1.1,6.7
22103,2026-02-28 9:00,8.3,62,1.6,1,7.1
22103,2026-02-28 10:00,8.3,69,1.6,1.2,6.7
22103,2026-02-28 11:00,8.3,73,1.8,1.1,4.3
22103,2026-02-28 12:00,8,64,1.6,1.2,5.3
22103,2026-02-28 13:00,8.1,69,1.8,1.2,5.3
22103,2026-02-28 14:00,8.4,63,2.2,1.2,6.7
22103,2026-02-28 15:00,9.6,67,1.8,1.2,6.3
22103,2026-02-28 16:00,10.6,70,2.2,1.4,7.1
22103,2026-02-28 17:00,11,71,2.4,1.5,6.7
22103,2026-02-28 18:00,10.8,75,2.6,1.9,7.1
22103,2026-02-28 19:00,11.9,82,2.7,1.8,7.1
22103,2026-02-28 20:00,13.3,83,3,2,7.7
22103,2026-02-28 21:00,12.7,81,3.5,2.2,7.7
22103,2026-02-28 22:00,12.5,71,3.5,2.2,7.7
22103,2026-02-28 23:00,12.9,65,3,2,7.7
22103,2026-03-01 0:00,10.9,66,3,2.2,7.7
22103,2026-03-01 1:00,12.1,55,3.4,2.1,7.7
22103,2026-03-01 2:00,11.1,57,3.4,2.2,7.7
22103,2026-03-01 3:00,10.6,60,3.2,2.1,7.7
22103,2026-03-01 4:00,11.1,47,4.3,2.1,7.1
22103,2026-03-01 5:00,11.9,70,3.5,2.4,7.1
22103,2026-03-01 6:00,11.9,47,3.6,2.2,7.1
22103,2026-03-01 7:00,11.7,81,3.6,2.4,7.1
22103,2026-03-01 8:00,12.2,87,3.2,2.2,7.1
22103,2026-03-01 9:00,11.5,83,3.7,2.4,7.1
22103,2026-03-01 10:00,12.1,85,4.2,2.3,7.1
22103,2026-03-01 11:00,11.8,75,4,2.6,7.7
22103,2026-03-01 12:00,10.5,76,3.5,2.5,7.1
22103,2026-03-01 13:00,12,67,4.4,2.4,7.1
22103,2026-03-01 14:00,12.2,68,4.3,2.7,8.3
22103,2026-03-01 15:00,12.6,70,4.4,2.5,8.3
22103,2026-03-01 16:00,13.2,69,4,2.8,8.3
22103,2026-03-01 17:00,13.4,66,4.9,2.9,7.7
22103,2026-03-01 18:00,13.5,68,4.3,2.8,7.7
22103,2026-03-01 19:00,14.1,71,3.5,2.8,7.7
22103,2026-03-01 20:00,15.2,72,3.8,2.7,7.7
22103,2026-03-01 21:00,15,72,4.2,2.9,8.3
22103,2026-03-01 22:00,15.6,71,4.9,3,7.1
22103,2026-03-01 23:00,15.4,71,5.7,3.1,7.7
22103,2026-03-02 0:00,15.4,67,4.3,3.1,8.3
22103,2026-03-02 1:00,15.6,70,5.4,3.1,8.3
22103,2026-03-02 2:00,14.2,72,5.6,3.3,8.3
22103,2026-03-02 3:00,15.1,73,4.8,2.9,8.3
22103,2026-03-02 4:00,15.4,75,5.1,3.2,7.7
22103,2026-03-02 5:00,16.5,73,4.9,3.2,8.3
22103,2026-03-02 6:00,16.3,75,4.4,3.3,7.1
22103,2026-03-02 7:00,15.6,74,3.9,3,7.7
22103,2026-03-02 8:00,17,73,4.6,3.1,7.7
22103,2026-03-02 9:00,16.2,74,5,3.5,7.7
22103,2026-03-02 10:00,18.2,74,5.1,3.1,7.7
22103,2026-03-02 11:00,16.9,73,5.2,3.1,8.3
22103,2026-03-02 12:00,18.1,69,6.3,3.5,8.3
22103,2026-03-02 13:00,18.4,70,6.1,3.8,8.3
22103,2026-03-02 14:00,18.3,73,5.5,4.2,8.3
22103,2026-03-02 15:00,17.4,73,7.1,4.1,9.1
22103,2026-03-02 16:00,19.2,72,6.1,3.9,8.3
22103,2026-03-02 17:00,17.6,70,7,4.3,10
22103,2026-03-02 18:00,18.3,68,7.4,3.9,10
22103,2026-03-02 19:00,17.5,64,6.9,4.3,8.3
22103,2026-03-02 20:00,17.6,59,6,4,9.1
22103,2026-03-02 21:00,15.7,44,5.9,4.3,9.1
22103,2026-03-02 22:00,15.5,31,5.8,3.7,8.3
22103,2026-03-02 23:00,14.8,32,5,3.3,8.3
22103,2026-03-03 0:00,14,33,5.2,3,8.3
22103,2026-03-03 1:00,12.2,29,4.9,3.1,9.1
22103,2026-03-03 2:00,10.8,14,3.9,2.9,10
22103,2026-03-03 3:00,10,8,3.6,2.5,10
22103,2026-03-03 4:00,9.7,20,3.8,2.3,10
22103,2026-03-03 5:00,9.2,30,3.4,2.2,10.5
22103,2026-03-03 6:00,8.6,29,2.9,2.1,10
22103,2026-03-03 7:00,8.3,28,3,2.1,9.1
22103,2026-03-03 8:00,8.5,4,2.9,2.1,9.1
22103,2026-03-03 9:00,8.5,11,3.1,2,9.1
22103,2026-03-03 10:00,8.6,25,2.7,1.8,9.1
22103,2026-03-03 11:00,8.1,38,2.7,1.7,9.1
22103,2026-03-03 12:00,7.1,24,2.2,1.5,9.1
22103,2026-03-03 13:00,7.1,38,2.2,1.5,10
22103,2026-03-03 14:00,7.2,34,2,1.5,10
22103,2026-03-03 15:00,7.6,21,2.2,1.4,10.5
22103,2026-03-03 16:00,6.3,51,2.1,1.3,10
22103,2026-03-03 17:00,6,47,2,1.3,8.3
22103,2026-03-03 18:00,6.6,50,1.9,1.4,8.3
22103,2026-03-03 19:00,6,58,2.2,1.4,10
22103,2026-03-03 20:00,5.5,49,1.9,1.4,9.1
22103,2026-03-03 21:00,4.5,59,2.1,1.4,10
22103,2026-03-03 22:00,3.5,44,2.2,1.3,10
22103,2026-03-03 23:00,3.8,19,1.9,1.3,9.1
22103,2026-03-04 0:00,3.7,1,1.8,1.2,10.5
22103,2026-03-04 1:00,4.3,315,1.9,1.3,10
22103,2026-03-04 2:00,3.6,339,2,1.3,10
22103,2026-03-04 3:00,3.4,346,2,1.3,10
22103,2026-03-04 4:00,2.3,4,1.9,1.2,10
22103,2026-03-04 5:00,2.4,13,1.7,1.2,10
22103,2026-03-04 6:00,2.1,8,1.9,1.1,10
22103,2026-03-04 7:00,2.5,23,2,1.2,10
22103,2026-03-04 8:00,3.8,9,1.9,1.2,9.1
22103,2026-03-04 9:00,3.2,23,1.6,1.2,9.1
22103,2026-03-04 10:00,1.7,70,2.3,1.1,9.1
22103,2026-03-04 11:00,1.3,49,1.5,1.2,9.1
22103,2026-03-04 12:00,1.2,23,1.5,1,6.7
22103,2026-03-04 13:00,1.2,128,1.4,1,10.5
22103,2026-03-04 14:00,2.3,55,1.4,1,10
22103,2026-03-04 15:00,2.6,34,1.4,0.9,9.1
22103,2026-03-04 16:00,1.2,75,1.3,0.9,10
22103,2026-03-04 17:00,1.3,170,1.3,0.8,10.5
22103,2026-03-04 18:00,1.6,118,1.3,0.8,10
22103,2026-03-04 19:00,0.5,76,1.3,0.8,10
22103,2026-03-04 20:00,0.6,129,1.1,0.8,10
22103,2026-03-04 21:00,1.7,132,1.1,0.7,9.1
22103,2026-03-04 22:00,0.9,176,1.1,0.7,10
22103,2026-03-04 23:00,0,267,1,0.7,9.1
22103,2026-03-05 0:00,1.1,55,1.2,0.7,9.1
22103,2026-03-05 1:00,2.9,79,0.9,0.7,10
22103,2026-03-05 2:00,3.2,81,1,0.6,10.5
22103,2026-03-05 3:00,2.2,128,1,0.6,9.1
22103,2026-03-05 4:00,2.5,86,0.8,0.6,10.5
22103,2026-03-05 5:00,2.9,107,0.7,0.5,10.5
22103,2026-03-05 6:00,3.1,120,0.8,0.6,10
22103,2026-03-05 7:00,5.9,91,0.9,0.5,8.3
22103,2026-03-05 8:00,4.7,135,1,0.6,10
22103,2026-03-05 9:00,5,103,1,0.7,9.1
22103,2026-03-05 10:00,6.4,105,0.8,0.6,4.2
22103,2026-03-05 11:00,7.1,96,1.1,0.8,9.1
22103,2026-03-05 12:00,6.2,113,1.1,0.8,4.2
22103,2026-03-05 13:00,6.4,95,1.3,0.8,3.8
22103,2026-03-05 14:00,5.8,92,1.3,1,4.5
22103,2026-03-05 15:00,4.5,101,1.4,0.9,5
22103,2026-03-05 16:00,5.9,90,1.4,0.9,5
22103,2026-03-05 17:00,6.4,105,1.4,0.9,5.6
22103,2026-03-05 18:00,7.1,104,1.3,1,5.6
22103,2026-03-05 19:00,5.4,109,1.6,1,5.6
22103,2026-03-05 20:00,5.4,123,1.5,1,5.6
22103,2026-03-05 21:00,5.4,138,1.6,0.9,5.3
22103,2026-03-05 22:00,5.3,146,1.4,1,5.3
22103,2026-03-05 23:00,3.6,153,1.7,1,5
22103,2026-03-06 0:00,4,155,1.6,0.9,5.6
22103,2026-03-06 1:00,4.3,220,1.4,0.9,5.6
22103,2026-03-06 2:00,6.2,262,1.4,0.9,5.6
22103,2026-03-06 3:00,9.5,333,1.1,0.8,5.6
22103,2026-03-06 4:00,9.9,333,1.3,0.8,2.6
22103,2026-03-06 5:00,9.6,326,1.4,1,3.6
22103,2026-03-06 6:00,10.2,323,1.6,1,3.7
22103,2026-03-06 7:00,8.8,324,1.4,1,3.8
22103,2026-03-06 8:00,9.5,329,1.4,0.9,3.8
22103,2026-03-06 9:00,8.8,334,2,1.1,4.2
22103,2026-03-06 10:00,9.4,331,1.6,1.1,4.5
22103,2026-03-06 11:00,8.6,328,1.8,1.2,4.8
22103,2026-03-06 12:00,7.3,328,1.5,1,4.3
22103,2026-03-06 13:00,9.6,330,1.7,1.1,4.3
22103,2026-03-06 14:00,10.1,315,1.7,1.1,4.5
22103,2026-03-06 15:00,10.1,321,1.9,1.2,4.2
22103,2026-03-06 16:00,9.8,325,1.9,1.2,4.3
22103,2026-03-06 17:00,9.5,305,1.4,1.1,3.8
22103,2026-03-06 19:00,11.5,319,1.6,1,3.6
22103,2026-03-06 20:00,12.9,329,2,1.2,3.8
22103,2026-03-07 0:00,11.4,316,2,1.2,4.8
22103,2026-03-07 1:00,9.6,331,2.5,1.3,4.5
22103,2026-03-07 2:00,10.1,327,2.3,1.4,4.5
22103,2026-03-07 3:00,8.6,330,2,1.4,4.3
22103,2026-03-07 4:00,7.8,331,2,1.2,4.5
22103,2026-03-07 5:00,8.2,340,1.5,1.1,4.3
22103,2026-03-07 6:00,10.1,319,1.5,1,4
22103,2026-03-07 7:00,10.1,316,1.4,1,3.8
22103,2026-03-07 8:00,11.8,326,1.3,1,3.4
22103,2026-03-07 9:00,12.5,331,1.9,1.2,3.8
22103,2026-03-07 10:00,11.4,332,2.1,1.2,4.3
22103,2026-03-07 11:00,10.6,329,2,1.2,4.8
22103,2026-03-07 12:00,10,321,2.2,1.2,4.3
22103,2026-03-07 13:00,10.1,325,2,1.2,4.5
22103,2026-03-07 14:00,9.7,317,1.6,1.2,4.3
22103,2026-03-07 15:00,8.3,314,1.5,1.1,4.2
22103,2026-03-07 16:00,7.5,320,1.4,0.9,3.6
22103,2026-03-07 17:00,8.5,327,1.2,0.9,3.6
22103,2026-03-07 18:00,8.8,317,1.3,0.8,3.7
22103,2026-03-07 19:00,9.8,323,1.7,0.9,3.7
22103,2026-03-07 21:00,9.5,332,1.5,1,4
22103,2026-03-07 22:00,7.7,334,1.5,1,4
22103,2026-03-07 23:00,9.5,354,1.4,1,4.3
22103,2026-03-08 0:00,6.8,335,1.4,1,4
22103,2026-03-08 1:00,4.5,336,1.2,0.9,4
22103,2026-03-08 2:00,3.8,350,1,0.8,4
22103,2026-03-08 3:00,3.8,355,1.1,0.7,3.7
22103,2026-03-08 4:00,3.8,348,0.8,0.7,4
22103,2026-03-08 5:00,4.3,8,0.9,0.6,5
22103,2026-03-08 6:00,5.7,25,0.8,0.6,11.8
22103,2026-03-08 7:00,5.3,23,1,0.6,7.7
22103,2026-03-08 8:00,3.9,11,0.8,0.6,4.2
22103,2026-03-08 9:00,3.5,28,0.9,0.6,7.1
22103,2026-03-08 10:00,2.2,70,0.8,0.6,5.9
22103,2026-03-08 11:00,2.8,27,0.9,0.6,10.5
22103,2026-03-08 12:00,2.5,346,0.8,0.6,10.5
22103,2026-03-08 13:00,1.7,315,0.8,0.6,4.2
22103,2026-03-08 14:00,1.5,313,0.7,0.5,10.5
22103,2026-03-08 15:00,1.6,332,0.7,0.5,10
22103,2026-03-08 16:00,2.5,305,0.8,0.5,10.5
22103,2026-03-08 17:00,2.6,299,0.9,0.5,10.5
22103,2026-03-08 18:00,3.6,281,0.7,0.5,11.1
22103,2026-03-08 19:00,3.6,269,0.8,0.5,10
22103,2026-03-08 20:00,4.9,287,0.7,0.5,10.5
22103,2026-03-08 21:00,5.8,290,0.9,0.5,10.5
22103,2026-03-08 22:00,5.9,301,1,0.6,11.1
22103,2026-03-08 23:00,6.3,320,1,0.6,10
22103,2026-03-09 0:00,5,322,1,0.7,10.5
22103,2026-03-09 1:00,6.9,321,1.1,0.8,10
22103,2026-03-09 2:00,8.5,330,1.4,0.8,10
22103,2026-03-09 3:00,8,339,1.4,0.8,3.6
22103,2026-03-09 4:00,10.1,340,1.5,0.9,3.7
22103,2026-03-09 5:00,9,342,1.3,1,4
22103,2026-03-09 6:00,8,342,1.4,0.9,3.8
22103,2026-03-09 7:00,9.8,331,1.4,1,4.2
22103,2026-03-09 8:00,9.9,339,1.4,1,3.8
22103,2026-03-09 9:00,10.2,350,1.8,1,3.7
22103,2026-03-09 10:00,10.3,334,1.7,1.2,4.3
22103,2026-03-09 11:00,8.5,331,1.6,1.2,4.2
22103,2026-03-09 12:00,7.9,323,1.4,1,4.2
22103,2026-03-09 13:00,7.4,320,1.4,0.9,4
22103,2026-03-09 14:00,8.4,332,1.4,0.9,3.7
22103,2026-03-09 15:00,10.4,325,1.5,1,4
22103,2026-03-09 16:00,8,325,1.7,1.1,4.2
22103,2026-03-09 17:00,10.8,328,1.7,1.1,4.3
22103,2026-03-09 18:00,10.5,323,1.8,1.2,4.2
22103,2026-03-09 19:00,11,327,1.9,1.4,4.5
22103,2026-03-09 20:00,11.3,324,2,1.4,5
22103,2026-03-09 21:00,11.3,335,2.3,1.3,4.2
22103,2026-03-09 22:00,9.8,337,2.3,1.4,4.3
22103,2026-03-09 23:00,9.7,341,1.8,1.3,4.2
22103,2026-03-10 0:00,9.5,339,1.8,1.2,4.2
22103,2026-03-10 1:00,8.5,346,1.8,1.2,4.3
22103,2026-03-10 2:00,7.8,351,1.3,1.1,4.2
22103,2026-03-10 3:00,5.8,351,1.4,1.1,4.2
22103,2026-03-10 4:00,4.6,357,1.3,0.8,4
22103,2026-03-10 5:00,4.2,6,1,0.7,3.6
22103,2026-03-10 6:00,3.9,6,0.9,0.7,6.7
22103,2026-03-10 7:00,3.1,2,0.9,0.6,6.7
22103,2026-03-10 8:00,3.3,354,0.9,0.7,5.3
22103,2026-03-10 9:00,2.5,350,0.9,0.7,5.6
22103,2026-03-10 10:00,2.1,339,0.8,0.6,5
22103,2026-03-10 11:00,1.5,355,0.9,0.7,7.7
22103,2026-03-10 12:00,1.7,307,1,0.7,7.1
22103,2026-03-10 13:00,1.7,337,1.1,0.7,8.3
22103,2026-03-10 14:00,2.9,303,1.2,0.7,7.7
22103,2026-03-10 15:00,1.7,331,1,0.6,4.8
22103,2026-03-10 16:00,1.7,310,0.8,0.6,6.3
22103,2026-03-10 17:00,1.8,269,1.1,0.6,6.7
22103,2026-03-10 18:00,1.8,256,0.8,0.5,6.7
22103,2026-03-10 19:00,2.2,240,0.8,0.5,7.7
22103,2026-03-10 20:00,3.3,269,0.6,0.5,6.7
22103,2026-03-10 21:00,3.3,264,0.7,0.5,6.7
22103,2026-03-10 22:00,3.3,277,0.7,0.5,7.7
22103,2026-03-10 23:00,3.1,251,0.7,0.5,7.7
22103,2026-03-11 0:00,4,276,0.6,0.5,7.7
22103,2026-03-11 1:00,3.3,281,0.9,0.5,7.1
22103,2026-03-11 2:00,3.5,276,0.7,0.5,7.1
22103,2026-03-11 3:00,4.2,307,0.7,0.5,7.1
22103,2026-03-11 4:00,4,305,0.7,0.5,7.1
22103,2026-03-11 5:00,4.6,341,0.6,0.5,6.3
22103,2026-03-11 6:00,5.3,342,0.8,0.5,7.7
22103,2026-03-11 7:00,4.2,346,0.6,,6.3
22103,2026-03-11 8:00,2.6,358,0.7,,7.1
22103,2026-03-11 9:00,2,352,0.6,0.4,7.7
22103,2026-03-11 10:00,2.6,12,0.6,0.4,8.3
22103,2026-03-11 11:00,1.6,344,0.6,0.4,5.9
22103,2026-03-11 12:00,1.4,348,0.6,0.4,6.7
22103,2026-03-11 13:00,1.8,332,0.5,0.3,9.1
22103,2026-03-11 14:00,1.8,325,0.5,0.3,7.7
22103,2026-03-11 15:00,1.8,344,0.5,0.4,8.3
22103,2026-03-11 16:00,1.5,317,0.7,0.4,9.1
22103,2026-03-11 17:00,1.8,320,0.5,0.3,9.1
22103,2026-03-11 18:00,2.5,216,0.5,0.4,10
22103,2026-03-11 19:00,2.4,267,0.5,0.3,7.1
22103,2026-03-11 20:00,2.7,290,0.5,0.3,8.3
22103,2026-03-11 21:00,2.5,304,0.5,0.3,6.7
22103,2026-03-11 22:00,1.1,287,0.5,0.3,7.7
22103,2026-03-11 23:00,0.7,243,0.5,0.3,6.7
22103,2026-03-12 0:00,4,348,0.5,0.3,7.1
22103,2026-03-12 1:00,4.6,350,0.6,0.3,7.1
22103,2026-03-12 2:00,4.7,5,0.7,0.4,7.1
22103,2026-03-12 3:00,4.5,23,0.6,0.4,8.3
22103,2026-03-12 4:00,5.2,25,0.6,0.4,6.7
22103,2026-03-12 5:00,6,13,0.8,0.5,7.1
22103,2026-03-12 6:00,6.3,11,0.8,0.5,2.9
22103,2026-03-12 7:00,5.8,15,0.8,0.5,3
22103,2026-03-12 8:00,5.7,10,0.7,0.5,3.1
22103,2026-03-12 9:00,6.3,9,0.7,0.5,3.3
22103,2026-03-12 10:00,5.2,16,0.9,0.6,2.9
22103,2026-03-12 11:00,6.4,359,0.8,0.5,3.2
22103,2026-03-12 12:00,6,6,0.8,0.5,3.3
22103,2026-03-12 13:00,5.3,2,0.7,0.5,3.7
22103,2026-03-12 14:00,5,22,0.7,0.5,3
22103,2026-03-12 15:00,5.1,27,0.9,0.5,4
22103,2026-03-12 16:00,4.2,56,0.9,0.6,4
22103,2026-03-12 17:00,4,59,1.1,0.7,4
22103,2026-03-12 18:00,3.7,60,1.8,0.8,5.3
22103,2026-03-12 19:00,4.5,53,1.4,0.8,5
22103,2026-03-12 20:00,5.8,61,1.4,0.8,5.3
22103,2026-03-12 21:00,11.8,45,2.1,1.2,6.7
22103,2026-03-12 22:00,2.8,353,2.3,1.5,6.7
22103,2026-03-12 23:00,5.5,13,1.7,1.2,6.7
22103,2026-03-13 0:00,6.5,9,1.8,1.1,6.3
22103,2026-03-13 1:00,8.1,29,1.7,1.2,6.7
22103,2026-03-13 2:00,9.4,43,2,1.3,7.1
22103,2026-03-13 3:00,9.2,47,2.1,1.4,7.1
22103,2026-03-13 4:00,9.6,44,1.9,1.4,7.1
22103,2026-03-13 5:00,9.4,45,2.1,1.4,7.1
22103,2026-03-13 6:00,9.5,43,2.3,1.5,7.7
22103,2026-03-13 7:00,9.4,46,2.4,1.5,7.1
22103,2026-03-13 8:00,9,44,2.4,1.5,6.3
22103,2026-03-13 9:00,9.3,37,2.1,1.5,6.7
22103,2026-03-13 10:00,9.2,46,2.3,1.6,7.1
22103,2026-03-13 11:00,9.1,51,2.4,1.7,5
22103,2026-03-13 12:00,9.3,46,2.2,1.6,8.3
22103,2026-03-13 13:00,8.8,47,2,1.5,7.7
22103,2026-03-13 14:00,7.1,46,2.1,1.5,8.3
22103,2026-03-13 15:00,7.4,56,2.2,1.4,7.7
22103,2026-03-13 16:00,6.9,54,1.8,1.4,7.7
22103,2026-03-13 17:00,7.3,66,1.9,1.4,7.7
22103,2026-03-13 18:00,7.4,77,1.9,1.4,7.7
22103,2026-03-13 19:00,7.5,73,2,1.3,7.7
22103,2026-03-13 20:00,7.4,68,1.9,1.4,6.7
22103,2026-03-13 21:00,7.5,58,2.6,1.5,7.7
22103,2026-03-13 22:00,7.2,62,2.2,1.5,7.7
22103,2026-03-13 23:00,7.7,65,2.4,1.4,7.7
22103,2026-03-14 0:00,7.8,59,2.2,1.5,8.3
22103,2026-03-14 1:00,7.9,61,2.3,1.5,8.3
22103,2026-03-14 2:00,7.4,56,2.2,1.6,7.7
22103,2026-03-14 3:00,7.1,55,2.3,1.5,6.7
22103,2026-03-14 4:00,7.1,55,2.6,1.6,8.3
22103,2026-03-14 5:00,6.3,56,2.4,1.4,8.3
22103,2026-03-14 6:00,6.7,50,2.4,1.4,8.3
22103,2026-03-14 7:00,6.6,48,1.9,1.2,8.3
22103,2026-03-14 8:00,6.6,42,1.7,1.2,8.3
22103,2026-03-14 9:00,6.5,41,2,1.1,8.3
22103,2026-03-14 10:00,5.2,47,1.6,1.1,8.3
22103,2026-03-14 11:00,4.1,38,1.5,1.1,8.3
22103,2026-03-14 12:00,3.7,48,1.7,1.1,8.3
22103,2026-03-14 13:00,2.5,40,1.5,1,9.1
22103,2026-03-14 14:00,1.7,356,1.3,0.9,8.3
22103,2026-03-14 15:00,0.7,356,1.5,0.8,8.3
22103,2026-03-14 16:00,0.6,13,1.2,0.7,7.7
22103,2026-03-14 17:00,3,300,1.2,0.8,9.1
22103,2026-03-14 18:00,2.8,308,1.1,0.8,10
22103,2026-03-14 19:00,3.8,288,1.3,0.7,10
22103,2026-03-14 20:00,6.1,296,1,0.6,9.1
22103,2026-03-14 21:00,6.4,304,1.3,0.7,9.1
22103,2026-03-14 22:00,6.9,323,1.1,0.8,10
22103,2026-03-15 0:00,5.8,330,1.3,0.9,10
22103,2026-03-15 1:00,4.4,333,1.1,0.8,10.5
22103,2026-03-15 2:00,4.8,335,1.2,0.8,10
22103,2026-03-15 3:00,4.7,331,1.1,0.7,10
22103,2026-03-15 4:00,4.7,319,1.5,0.7,9.1
22103,2026-03-15 5:00,4.9,326,1.1,0.7,10
22103,2026-03-15 6:00,4.8,338,1.1,0.7,9.1
22103,2026-03-15 7:00,5.8,345,0.9,0.7,10
22103,2026-03-15 8:00,4.1,357,0.9,0.7,10.5
22103,2026-03-15 9:00,3.4,350,0.9,0.6,10
22103,2026-03-15 10:00,2.9,351,0.8,0.6,10
22103,2026-03-15 11:00,3.1,350,1,0.5,10.5
22103,2026-03-15 12:00,3.1,334,1,0.6,10
22103,2026-03-15 13:00,3,327,1,0.6,10
22103,2026-03-15 14:00,4.4,314,0.7,0.6,10
22103,2026-03-15 15:00,5.7,304,0.7,0.5,10
22103,2026-03-15 16:00,4.8,300,0.9,0.5,10.5
22103,2026-03-15 17:00,5.8,294,0.8,0.5,10
22103,2026-03-15 18:00,6.4,292,0.9,0.6,9.1
22103,2026-03-15 19:00,8.5,303,1,0.7,3.3
22103,2026-03-15 20:00,8.9,325,1.3,0.8,3.6
22103,2026-03-15 21:00,8.9,326,1.6,0.9,3.6
22103,2026-03-15 22:00,8.5,329,1.3,0.9,4
22103,2026-03-15 23:00,8.7,329,1.4,1,3.7
22103,2026-03-16 0:00,7.6,330,1.2,0.9,3.8
22103,2026-03-16 1:00,7,329,1.2,0.9,3.8
22103,2026-03-16 2:00,8.8,332,1.2,0.8,3.4
22103,2026-03-16 3:00,6.7,346,1.2,0.8,3.4
22103,2026-03-16 4:00,5.4,349,0.9,0.7,3.4
22103,2026-03-16 5:00,3.7,3,1,0.6,3.3
22103,2026-03-16 6:00,3.4,1,1,0.6,3.7
22103,2026-03-16 7:00,4.8,18,0.9,0.6,3.2
22103,2026-03-16 8:00,5.4,22,0.9,0.6,14.3
22103,2026-03-16 9:00,6.3,6,1,0.6,13.3
22103,2026-03-16 10:00,5.8,34,0.9,0.6,12.5
22103,2026-03-16 11:00,5.6,42,1.1,0.6,14.3
22103,2026-03-16 12:00,5.5,35,0.8,0.7,13.3
22103,2026-03-16 13:00,4.6,26,0.9,0.7,12.5
22103,2026-03-16 14:00,4.6,27,1,0.6,4.3
22103,2026-03-16 15:00,3.8,19,0.8,0.6,12.5
22103,2026-03-16 16:00,3.8,13,0.8,0.6,11.8
22103,2026-03-16 17:00,2.9,0,0.8,0.5,12.5
22103,2026-03-16 18:00,3.3,351,0.9,0.5,11.8
22103,2026-03-16 19:00,3,336,1,0.5,10.5
22103,2026-03-16 20:00,2.8,344,0.7,0.5,11.8
22103,2026-03-16 21:00,3.1,321,0.7,0.5,13.3
22103,2026-03-16 22:00,3.7,334,0.7,0.5,12.5
22103,2026-03-16 23:00,4,334,0.8,0.5,12.5
22103,2026-03-17 0:00,5.2,338,0.7,0.5,11.8
22103,2026-03-17 1:00,4.6,353,0.7,0.5,12.5
22103,2026-03-17 2:00,5.1,356,0.7,0.5,13.3
22103,2026-03-17 3:00,5.5,357,0.7,0.5,11.1
22103,2026-03-17 4:00,5.2,9,0.7,0.5,12.5
22103,2026-03-17 5:00,4.8,16,0.8,0.5,12.5
22103,2026-03-17 6:00,5.9,15,0.8,0.6,13.3
22103,2026-03-17 7:00,5.8,28,0.8,0.6,13.3
22103,2026-03-17 8:00,5.6,40,0.8,0.6,11.8
22103,2026-03-17 9:00,5.3,82,0.9,0.6,13.3
22103,2026-03-17 10:00,5.1,77,0.8,0.5,12.5
22103,2026-03-17 11:00,4.8,96,0.8,0.5,11.8
22103,2026-03-17 12:00,4.2,96,0.9,0.5,11.8
22103,2026-03-17 13:00,4.5,96,0.8,0.6,10.5
22103,2026-03-17 14:00,4.8,92,0.9,0.5,12.5
22103,2026-03-17 15:00,4.3,90,0.7,0.6,13.3
22103,2026-03-17 16:00,4.1,147,0.8,0.5,13.3
22103,2026-03-17 17:00,4.8,137,0.8,0.5,13.3
22103,2026-03-17 18:00,4.9,127,0.8,0.5,12.5
22103,2026-03-17 19:00,5,123,0.8,0.5,3.8
22103,2026-03-17 20:00,5.4,147,1,0.6,14.3
22103,2026-03-17 21:00,5.3,125,0.8,0.6,3.7
22103,2026-03-17 22:00,5.5,133,0.8,0.6,4
22103,2026-03-17 23:00,5.3,126,0.9,0.6,11.8
22103,2026-03-18 0:00,5.3,124,0.9,0.6,13.3
22103,2026-03-18 1:00,5.6,145,0.8,0.6,13.3
22103,2026-03-18 2:00,6,158,1,0.6,3.8
22103,2026-03-18 3:00,6.4,154,1,0.7,4
22103,2026-03-18 4:00,6.9,136,1,0.7,4.2
22103,2026-03-18 5:00,7.8,137,1.1,0.7,4
22103,2026-03-18 6:00,8.1,114,1.3,0.9,4.2
22103,2026-03-18 7:00,9.5,117,1.4,1,4.3
22103,2026-03-18 8:00,8.7,119,1.8,1,4.2
22103,2026-03-18 9:00,7.4,113,1.6,1.1,4.2
22103,2026-03-18 10:00,4.4,185,1.4,1,4.5
22103,2026-03-18 11:00,2.7,204,1.4,1.1,4.3
22103,2026-03-18 12:00,6.7,254,1.6,1,4.8
22103,2026-03-18 13:00,6.3,281,1.9,1,4.5
22103,2026-03-18 14:00,2.3,20,2.1,1.2,5
22103,2026-03-18 15:00,7.5,330,1.9,1.3,5.6
22103,2026-03-18 16:00,6.5,309,1.8,1.3,5.9
22103,2026-03-18 17:00,9.8,314,2,1.3,6.3
22103,2026-03-18 18:00,7.5,308,2,1.3,7.1
22103,2026-03-18 19:00,8.2,311,2.1,1.3,7.1
22103,2026-03-18 20:00,9,306,1.9,1.3,7.1
22103,2026-03-18 21:00,9.4,307,2.1,1.4,6.7
22103,2026-03-19 0:00,10.1,322,1.9,1.3,6.7
22103,2026-03-19 1:00,12.6,323,2,1.3,4.2
22103,2026-03-19 2:00,11.3,321,1.7,1.3,4
22103,2026-03-19 3:00,10.6,328,1.8,1.2,4
22103,2026-03-19 4:00,10.3,330,1.9,1.2,4.2
22103,2026-03-19 5:00,8.5,331,1.6,1.2,3.8
22103,2026-03-19 6:00,9,327,2,1.1,4
22103,2026-03-19 7:00,8.9,329,1.9,1.1,4
22103,2026-03-19 8:00,8.6,339,1.6,1,4
22103,2026-03-19 9:00,8.2,344,1.4,1,4
22103,2026-03-19 10:00,7,348,1.4,1.1,4.3
22103,2026-03-19 11:00,5.1,353,1.7,0.9,4.2
22103,2026-03-19 12:00,3.1,356,1.1,0.8,3.7
22103,2026-03-19 13:00,3,329,1,0.7,3.2
22103,2026-03-19 14:00,4.8,312,0.8,0.7,5.3
22103,2026-03-19 15:00,4.5,308,0.9,0.6,5.3
22103,2026-03-19 16:00,4.5,311,0.9,0.5,6.7
22103,2026-03-19 17:00,3.6,295,0.9,0.6,7.7
22103,2026-03-19 18:00,4.6,283,0.8,0.6,6.7
22103,2026-03-19 19:00,4.7,286,0.9,0.6,5
22103,2026-03-19 20:00,5.5,295,1,0.6,4.3
22103,2026-03-19 21:00,6.6,304,1,0.6,3.8
22103,2026-03-19 22:00,6.9,320,0.9,0.6,4.3
22103,2026-03-19 23:00,8.1,330,1,0.7,3.8
22103,2026-03-20 0:00,7.5,332,1.2,0.8,3.4
22103,2026-03-20 1:00,8.3,334,1.1,0.8,3.4
22103,2026-03-20 2:00,8.9,343,1.3,0.8,3.2
22103,2026-03-20 3:00,7.8,347,1.5,0.8,3.4
22103,2026-03-20 4:00,7,1,1.2,0.8,3.6
22103,2026-03-20 5:00,7.2,356,1.2,0.9,3.6
22103,2026-03-20 6:00,7.3,337,1.2,0.8,3.3
22103,2026-03-20 7:00,7,336,1.2,0.9,3.6
22103,2026-03-20 8:00,7.2,340,1.2,0.9,3.7
22103,2026-03-20 9:00,6.9,338,1.3,0.8,3.7
22103,2026-03-20 10:00,6.8,344,1.3,0.8,3.7
22103,2026-03-20 11:00,4.4,348,1.1,0.8,4
22103,2026-03-20 12:00,3.2,330,1,0.6,3.6
22103,2026-03-20 13:00,2.9,287,0.9,0.6,3.3
22103,2026-03-20 14:00,5,304,0.7,0.5,3.3
22103,2026-03-20 15:00,6.6,280,0.7,0.5,10
22103,2026-03-20 16:00,7.9,284,0.8,0.5,8.3
22103,2026-03-20 17:00,8.7,287,0.7,0.5,14.3
22103,2026-03-20 18:00,8.9,289,0.7,0.6,2.6
22103,2026-03-20 19:00,9.3,291,1,0.7,3.2
22103,2026-03-20 20:00,7.8,301,1.2,0.8,4.2
22103,2026-03-20 21:00,7.9,319,1.1,0.7,4.3
22103,2026-03-20 22:00,8,331,1.2,0.8,3.7
22103,2026-03-20 23:00,7.4,336,1.1,0.7,3.6
22103,2026-03-21 0:00,6.7,341,0.9,0.7,3.7
22103,2026-03-21 1:00,6.9,346,0.9,0.6,3.6
22103,2026-03-21 2:00,6.8,349,0.8,0.6,3.4
22103,2026-03-21 3:00,6.1,355,0.7,0.6,3.1
22103,2026-03-21 4:00,5.5,355,0.8,0.6,3.2
22103,2026-03-21 5:00,4.5,12,0.8,0.5,2.9
22103,2026-03-21 6:00,3.7,20,0.6,0.4,2.9
22103,2026-03-21 7:00,4.5,28,0.7,0.4,3.3
22103,2026-03-21 8:00,5,29,0.6,0.4,3.7
22103,2026-03-21 9:00,5.2,29,0.7,0.5,3
22103,2026-03-21 10:00,5.3,29,0.6,0.4,3.4
22103,2026-03-21 11:00,5.2,30,0.8,0.6,3.1
22103,2026-03-21 12:00,4.6,18,0.8,0.6,4.8
22103,2026-03-21 13:00,4,22,0.8,0.5,3.6
22103,2026-03-21 14:00,3.5,21,0.8,0.5,4.8
22103,2026-03-21 15:00,3.3,14,0.7,0.5,5
22103,2026-03-21 16:00,2.9,6,0.7,0.4,5.6
22103,2026-03-21 17:00,2.1,16,0.6,0.4,4.3
22103,2026-03-21 18:00,1.9,55,0.6,0.4,4.8
22103,2026-03-21 19:00,1,122,0.7,0.4,14.3
22103,2026-03-21 20:00,0.2,311,0.5,0.4,3.8
22103,2026-03-21 21:00,1,268,0.6,0.4,3.4
22103,2026-03-21 22:00,1.1,261,0.5,0.4,3.4
22103,2026-03-21 23:00,1.8,316,0.5,0.4,3.6
22103,2026-03-22 0:00,1.7,341,0.5,0.4,9.1
22103,2026-03-22 1:00,2.9,338,0.6,0.4,13.3
22103,2026-03-22 2:00,2.1,351,0.7,0.4,8.3
22103,2026-03-22 3:00,3.4,4,0.5,0.3,8.3
22103,2026-03-22 4:00,3.7,8,0.5,0.3,4
22103,2026-03-22 5:00,2.1,36,0.5,0.3,9.1
22103,2026-03-22 6:00,3.1,61,0.4,0.3,14.3
22103,2026-03-22 7:00,3.1,73,0.6,0.4,5
22103,2026-03-22 8:00,2.2,62,0.5,0.4,10
22103,2026-03-22 9:00,2.6,48,0.4,0.3,13.3
22103,2026-03-22 10:00,3,41,0.4,0.3,14.3
22103,2026-03-22 11:00,5.4,12,0.5,0.3,7.1
22103,2026-03-22 12:00,5.7,15,0.5,0.4,7.7
22103,2026-03-22 13:00,4.2,47,0.5,0.4,13.3
22103,2026-03-22 14:00,2.8,68,0.5,0.4,12.5
22103,2026-03-22 15:00,4.3,40,0.5,0.3,13.3
22103,2026-03-22 16:00,5,16,0.5,0.4,13.3
22103,2026-03-22 17:00,3.7,40,0.6,0.4,6.3
22103,2026-03-22 18:00,3.1,53,0.5,0.3,6.3
22103,2026-03-22 19:00,2.1,75,0.5,0.3,6.3
22103,2026-03-22 20:00,1.6,78,0.5,0.4,12.5
22103,2026-03-22 21:00,1,349,0.5,0.4,5.6
22103,2026-03-22 22:00,1.7,291,0.6,0.4,5.3
22103,2026-03-22 23:00,2,301,0.5,0.4,3.2
22103,2026-03-23 0:00,3.2,283,0.6,0.4,3.4
22103,2026-03-23 1:00,3.5,299,0.7,0.4,3.3
22103,2026-03-23 2:00,4.2,320,0.7,0.4,5.6
22103,2026-03-23 3:00,5.5,336,0.6,0.4,6.3
22103,2026-03-23 4:00,5.2,327,0.7,0.4,6.3
22103,2026-03-23 5:00,5.2,336,0.9,0.6,7.1
22103,2026-03-23 6:00,4.8,336,1.2,0.6,7.1
22103,2026-03-23 7:00,5.4,349,0.9,0.6,7.1
22103,2026-03-23 8:00,5.6,348,1.2,0.7,7.1
22103,2026-03-23 9:00,4.3,5,1.1,0.7,7.1
22103,2026-03-23 10:00,4.2,10,1.2,0.6,7.1
22103,2026-03-23 11:00,4.8,26,0.8,0.6,7.1
22103,2026-03-23 12:00,3.5,13,0.8,0.6,6.7
22103,2026-03-23 13:00,2.3,8,0.7,0.5,6.7
22103,2026-03-23 14:00,2.3,8,0.9,0.5,6.7
22103,2026-03-23 15:00,2.6,45,0.7,0.5,6.7
22103,2026-03-23 16:00,3.1,53,0.7,0.4,6.7
22103,2026-03-23 17:00,6.4,86,0.7,0.5,7.7
22103,2026-03-23 18:00,7.5,90,0.9,0.5,7.7
22103,2026-03-23 19:00,6.9,98,1.1,0.6,3.8
22103,2026-03-23 20:00,7.9,91,1.7,1.1,5
22103,2026-03-23 21:00,9.3,87,2.4,1.3,6.3
22103,2026-03-23 22:00,10,81,2.3,1.5,6.7
22103,2026-03-23 23:00,9.7,85,2.7,1.7,6.3
22103,2026-03-24 0:00,10.1,85,2.6,1.7,6.3
22103,2026-03-24 1:00,10.6,79,2.2,1.6,6.3
22103,2026-03-24 2:00,9.7,77,3,1.6,6.3
22103,2026-03-24 3:00,9.5,76,2,1.4,6.3
22103,2026-03-24 4:00,10.1,77,2.2,1.5,6.3
22103,2026-03-24 5:00,10.2,80,2.5,1.6,6.3
22103,2026-03-24 6:00,9.9,81,2.7,1.7,5.9
22103,2026-03-24 7:00,9.6,77,2.3,1.5,6.3
22103,2026-03-24 8:00,8.3,77,1.9,1.4,6.7
22103,2026-03-24 9:00,10,80,2.4,1.4,5.9
22103,2026-03-24 10:00,9,80,2.5,1.5,6.3
22103,2026-03-24 11:00,8.4,77,2.6,1.6,5.6
22103,2026-03-24 12:00,7.8,78,2.2,1.4,5.9
22103,2026-03-24 13:00,8,78,2.1,1.4,6.3
22103,2026-03-24 14:00,7.5,75,2.4,1.4,6.7
22103,2026-03-24 15:00,7.3,79,2.2,1.4,6.7
22103,2026-03-24 16:00,6.8,78,2,1.3,6.3
22103,2026-03-24 17:00,7.2,74,1.7,1.2,6.7
22103,2026-03-24 18:00,8.1,73,2.1,1.3,6.3
22103,2026-03-24 19:00,8,78,1.9,1.2,6.3
22103,2026-03-24 20:00,7.4,77,2.1,1.3,6.3
22103,2026-03-24 21:00,7.7,76,2.4,1.2,5.9
22103,2026-03-24 22:00,7,66,2.6,1.3,5.9
22103,2026-03-24 23:00,6.9,71,1.9,1.3,5.9
22103,2026-03-25 0:00,6.8,66,1.5,1.1,5.6
22103,2026-03-25 1:00,7.7,43,1.7,1.1,5.6
22103,2026-03-25 2:00,8.6,41,1.9,1.2,5.6
22103,2026-03-25 3:00,9.6,39,1.6,1.2,5.6
22103,2026-03-25 4:00,10.3,41,2.3,1.3,5.6
22103,2026-03-25 5:00,10.3,48,1.9,1.4,5.6
22103,2026-03-25 6:00,9.1,32,1.8,1.4,5.6
22103,2026-03-25 7:00,8.4,41,1.7,1.1,5.3
22103,2026-03-25 8:00,7.8,37,2.1,1.2,5.9
22103,2026-03-25 9:00,7.8,42,1.6,1.1,5.6
22103,2026-03-25 10:00,7.4,12,1.7,1.1,6.3
22103,2026-03-25 11:00,7,3,1.6,1.1,6.3
22103,2026-03-25 12:00,7.2,344,2.1,1.1,5.9
22103,2026-03-25 13:00,7.4,340,1.4,1.1,6.3
22103,2026-03-25 14:00,9.1,342,1.4,1,6.3
22103,2026-03-25 15:00,6.6,342,1.4,1,6.7
22103,2026-03-25 16:00,5,349,1.5,1,6.3
22103,2026-03-25 17:00,3.6,329,1.6,0.9,7.1
22103,2026-03-25 18:00,2.4,307,1.6,1.1,8.3
22103,2026-03-25 19:00,3.8,280,1.8,1,6.7
22103,2026-03-25 20:00,5.6,278,1.5,1,8.3
22103,2026-03-25 21:00,7.3,317,1.8,1,7.7
22103,2026-03-25 22:00,5.6,318,2.2,1.2,7.7
22103,2026-03-25 23:00,7.9,327,2.2,1.2,7.7
22103,2026-03-26 0:00,7.6,324,2.1,1.1,7.1
22103,2026-03-26 1:00,7.9,320,1.7,1.1,6.7
22103,2026-03-26 2:00,7.4,322,1.5,1,3.7
22103,2026-03-26 3:00,5.9,321,1.4,1,3.6
22103,2026-03-26 4:00,5.2,297,1.3,1,7.7
22103,2026-03-26 5:00,5.1,317,1.3,0.8,7.1
22103,2026-03-26 6:00,6.3,327,1.2,0.8,5
22103,2026-03-26 7:00,6.3,336,1.3,0.8,4.5
22103,2026-03-26 8:00,4.7,340,1,0.7,6.7
22103,2026-03-26 9:00,5.4,327,0.9,0.7,6.3
22103,2026-03-26 10:00,4.6,334,1,0.6,4.2
22103,2026-03-26 11:00,2.7,330,1,0.6,4.2
22103,2026-03-26 12:00,2.7,312,0.8,0.6,4
22103,2026-03-26 13:00,2.6,284,0.7,0.5,3.7
22103,2026-03-26 14:00,3.5,298,0.7,0.5,5.6
22103,2026-03-26 15:00,4.8,278,0.8,0.5,3.6
22103,2026-03-26 16:00,4.9,265,0.7,0.4,5.6
22103,2026-03-26 17:00,4.8,270,0.6,0.4,6.7
22103,2026-03-26 18:00,4.1,259,0.7,0.5,5.9
22103,2026-03-26 19:00,5.5,259,0.7,0.5,5.9
22103,2026-03-26 20:00,7,267,0.9,0.5,3
22103,2026-03-26 21:00,6,277,0.8,0.6,3.2
22103,2026-03-26 22:00,4.7,290,0.8,0.5,3.3
22103,2026-03-26 23:00,5.4,305,0.9,0.5,5.9
22103,2026-03-27 0:00,4.7,297,0.9,0.6,3.8
22103,2026-03-27 1:00,4.2,288,1,0.6,3.7
22103,2026-03-27 2:00,4.9,296,0.9,0.5,3.7
22103,2026-03-27 3:00,5.7,301,0.9,0.6,3.8
22103,2026-03-27 4:00,4.8,302,0.9,0.6,4
22103,2026-03-27 5:00,6.4,300,0.9,0.5,3.7
22103,2026-03-27 6:00,5,314,0.8,0.6,3.8
22103,2026-03-27 7:00,5.2,306,0.8,0.6,3.8
22103,2026-03-27 8:00,4.2,300,0.8,0.5,3.8
22103,2026-03-27 9:00,4.4,303,0.6,0.5,3.7
22103,2026-03-27 10:00,4,302,0.6,0.4,3.6
22103,2026-03-27 11:00,4.3,296,0.6,0.4,3.3
22103,2026-03-27 12:00,1.6,287,0.4,0.3,12.5
22103,2026-03-27 13:00,5.4,286,0.4,0.3,9.1
22103,2026-03-27 14:00,5.1,273,0.4,0.3,10.5
22103,2026-03-27 15:00,5.9,275,0.4,0.3,9.1
22103,2026-03-27 16:00,7.2,280,0.5,0.3,11.1
22103,2026-03-27 17:00,7.7,283,0.7,0.5,2.6
22103,2026-03-27 18:00,8.3,277,1.1,0.7,3.3
22103,2026-03-27 19:00,8.2,285,1.5,0.8,3.7
22103,2026-03-27 20:00,8.5,290,1.2,0.9,3.8
22103,2026-03-27 21:00,6.2,281,1.2,0.8,4
22103,2026-03-27 22:00,5.6,287,1,0.7,4.2
22103,2026-03-27 23:00,5.9,287,0.9,0.6,4
22103,2026-03-28 0:00,6.8,285,0.8,0.5,4
22103,2026-03-28 1:00,5.9,293,0.9,0.7,3.3
22103,2026-03-28 2:00,7.3,292,1,0.7,4.2
22103,2026-03-28 3:00,6.5,307,1.1,0.7,4.3
22103,2026-03-28 4:00,6.6,295,1.2,0.8,4.3
22103,2026-03-28 5:00,6,303,1.1,0.7,4.8
22103,2026-03-28 6:00,6.7,300,1.1,0.7,4.8
22103,2026-03-28 7:00,5.3,301,1.1,0.7,4.8
22103,2026-03-28 8:00,4.3,284,0.9,0.6,4.5
22103,2026-03-28 9:00,2.7,278,0.9,0.6,4.5
22103,2026-03-28 10:00,3.9,302,0.8,0.6,4.3
22103,2026-03-28 11:00,3.9,297,0.9,0.6,4.3
22103,2026-03-28 12:00,6,271,1,0.6,4
22103,2026-03-28 13:00,5.9,270,0.8,0.6,3.8
22103,2026-03-28 14:00,6.3,269,0.8,0.6,3.8
22103,2026-03-28 15:00,6.8,269,1.1,0.6,3.8
22103,2026-03-28 16:00,7.9,276,1.1,0.7,3.8
22103,2026-03-28 17:00,6.6,277,1.2,0.8,4
22103,2026-03-28 18:00,5.3,284,1.3,0.9,4.2
22103,2026-03-28 19:00,5.5,281,1.2,0.9,4.2
22103,2026-03-28 20:00,6.2,272,1.3,0.9,4.3
22103,2026-03-28 21:00,6,273,1.1,0.8,4
22103,2026-03-28 22:00,3.6,286,1.3,0.8,4.2
22103,2026-03-28 23:00,0.7,294,0.9,0.7,4.2
22103,2026-03-29 0:00,1.8,88,0.7,0.6,4
22103,2026-03-29 1:00,0.5,89,0.8,0.5,4
22103,2026-03-29 2:00,1.5,76,0.6,0.4,4
22103,2026-03-29 3:00,1.2,64,0.6,0.5,3.6
22103,2026-03-29 4:00,2.2,102,0.6,0.4,10.5
22103,2026-03-29 5:00,1.5,74,0.7,0.4,10
22103,2026-03-29 6:00,2.4,54,0.7,0.5,3.8
22103,2026-03-29 7:00,3.5,113,0.8,0.5,4
22103,2026-03-29 8:00,3.1,136,0.7,0.5,4.2
22103,2026-03-29 9:00,3.1,120,0.8,0.5,3.8
22103,2026-03-29 10:00,3.2,107,0.7,0.5,9.1
22103,2026-03-29 11:00,3.1,115,0.8,0.5,9.1
22103,2026-03-29 12:00,1.9,108,0.9,0.5,8.3
22103,2026-03-29 13:00,3.2,94,0.7,0.5,3.7
22103,2026-03-29 14:00,4.1,84,0.8,0.5,4
22103,2026-03-29 15:00,2.6,83,0.7,0.5,4.2
22103,2026-03-29 16:00,2.5,67,0.8,0.5,4.2
22103,2026-03-29 17:00,3.2,63,0.7,0.5,3.7
22103,2026-03-29 18:00,3.9,66,0.8,0.5,3.7
22103,2026-03-29 19:00,3.3,82,0.7,,4
22103,2026-03-29 20:00,2.7,102,0.6,,4.3
22103,2026-03-29 21:00,2.9,71,0.7,0.4,4
22103,2026-03-29 22:00,2.2,102,0.6,0.4,10
22103,2026-03-29 23:00,2.4,145,0.5,0.4,4
22103,2026-03-30 0:00,2.1,155,0.6,0.4,3.8
22103,2026-03-30 1:00,2.3,131,0.5,0.3,9.1
22103,2026-03-30 2:00,2.5,65,0.5,0.3,10
22103,2026-03-30 3:00,3.4,68,0.4,0.3,10
22103,2026-03-30 4:00,4.3,67,0.5,0.3,10
22103,2026-03-30 5:00,3.4,68,0.5,0.3,9.1
22103,2026-03-30 6:00,4,72,0.5,0.4,10
22103,2026-03-30 7:00,4.2,71,0.5,0.4,9.1
22103,2026-03-30 8:00,5.3,62,0.5,0.3,9.1
22103,2026-03-30 9:00,4.7,76,0.5,0.3,8.3
22103,2026-03-30 10:00,5.3,78,0.5,0.4,3
22103,2026-03-30 11:00,5.1,78,0.7,0.4,3.2
22103,2026-03-30 12:00,5.9,84,0.7,0.4,2.9
22103,2026-03-30 13:00,5.4,66,0.9,0.5,3.6
22103,2026-03-30 14:00,6.8,77,1,0.6,3.8
22103,2026-03-30 15:00,7.2,74,1.4,0.8,4.3
22103,2026-03-30 16:00,6.6,68,1.7,0.9,5.3
22103,2026-03-30 17:00,8.7,72,2,1.1,5.6
22103,2026-03-30 18:00,9.3,80,2.1,1.4,5.6
22103,2026-03-30 19:00,11.3,81,2.2,1.5,4.8
22103,2026-03-30 20:00,8.2,91,2.8,1.8,5.3
22103,2026-03-30 21:00,8.7,83,3.4,1.8,6.3
22103,2026-03-30 22:00,8,82,3.2,2,6.3
22103,2026-03-30 23:00,7.7,71,3.8,2.3,6.7
22103,2026-03-31 0:00,3.3,215,3.6,2.4,7.1
22103,2026-03-31 1:00,10.7,269,3.6,2.3,7.7
22103,2026-03-31 2:00,8.5,272,3.7,2.5,7.7
22103,2026-03-31 3:00,7.8,298,3.9,2.4,7.7
22103,2026-03-31 4:00,7.2,342,3.4,2.3,8.3
22103,2026-03-31 5:00,9.6,309,3.3,2.3,8.3
22103,2026-03-31 6:00,11.5,311,3.4,2,7.1
22103,2026-03-31 7:00,10.7,312,3.3,2.1,8.3
22103,2026-03-31 8:00,8.6,322,3.2,1.9,8.3
22103,2026-03-31 9:00,7.8,314,2.9,1.9,7.7
22103,2026-03-31 10:00,7.6,319,2.5,1.6,8.3
22103,2026-03-31 11:00,5,315,2.5,1.7,8.3
22103,2026-03-31 12:00,4.2,299,2.2,1.4,7.7
22103,2026-03-31 13:00,4,294,2.2,1.5,7.7
22103,2026-03-31 14:00,2.3,296,2.1,1.3,7.7
22103,2026-03-31 15:00,1.1,258,2.1,1.3,8.3
22103,2026-03-31 16:00,1.6,188,1.7,1.2,7.7
22103,2026-03-31 17:00,1.7,171,1.7,1.2,7.7
22103,2026-03-31 18:00,3.1,168,1.5,1.1,7.7
22103,2026-03-31 19:00,3.3,186,1.4,1.1,7.7
22103,2026-03-31 20:00,1.4,129,1.6,1,7.7
22103,2026-03-31 21:00,2.2,21,1.7,1.1,8.3
22103,2026-03-31 22:00,4.8,99,1.7,1.1,7.7
22103,2026-03-31 23:00,5.4,109,2,1.2,7.7
22103,2026-04-01 0:00,5.4,113,1.9,1.2,6.7
22103,2026-04-01 1:00,4.9,110,2,1.1,8.3
22103,2026-04-01 2:00,4.9,106,1.7,1.1,5.9
22103,2026-04-01 3:00,5.3,100,1.6,1.1,8.3
22103,2026-04-01 4:00,4,84,1.8,1,5.9
22103,2026-04-01 5:00,3.2,95,1.8,1,7.1
22103,2026-04-01 6:00,3,83,1.6,1.1,8.3
22103,2026-04-01 7:00,5.2,73,1.6,1.1,8.3
22103,2026-04-01 8:00,5.3,61,1.4,1,7.7
22103,2026-04-01 9:00,5.8,67,1.6,1,7.7
22103,2026-04-01 10:00,5.6,64,1.5,0.9,7.7
22103,2026-04-01 11:00,5.1,56,1.3,0.9,7.7
22103,2026-04-01 12:00,3.9,38,1.5,1,6.3
22103,2026-04-01 13:00,3.1,32,1.4,0.9,5.9
22103,2026-04-01 14:00,3.6,18,1.2,0.8,7.1
22103,2026-04-01 15:00,2.9,16,0.9,0.8,7.7
22103,2026-04-01 16:00,3.1,26,1.2,0.7,5
22103,2026-04-01 17:00,2.9,351,0.9,0.6,9.1
22103,2026-04-01 18:00,3.7,307,1,0.7,8.3
22103,2026-04-01 19:00,3.2,311,1,0.6,8.3
22103,2026-04-01 20:00,5,296,0.9,0.7,8.3
22103,2026-04-01 21:00,5.8,307,1,0.6,8.3
22103,2026-04-01 22:00,4.5,281,0.9,0.6,7.7
22103,2026-04-01 23:00,6,303,0.9,0.6,8.3
22103,2026-04-02 0:00,7.5,305,1.3,0.7,9.1
22103,2026-04-02 1:00,7.2,310,1.1,0.7,9.1
22103,2026-04-02 2:00,7.4,310,1,0.7,7.7
22103,2026-04-02 3:00,8.3,300,1.1,0.7,2.9
22103,2026-04-02 4:00,7,307,1,0.7,2.5
22103,2026-04-02 5:00,8.4,304,1,0.7,3.2
22103,2026-04-02 6:00,7.7,305,1.1,0.7,3.8
22103,2026-04-02 7:00,7.5,303,1.3,0.8,3.7
22103,2026-04-02 8:00,7.1,309,1.2,0.7,3.7
22103,2026-04-02 9:00,7.5,305,0.9,0.7,3.4
22103,2026-04-02 10:00,6.4,306,0.9,0.7,4.2
22103,2026-04-02 11:00,5.6,297,1,0.6,3
22103,2026-04-02 12:00,7,295,1,0.7,3
22103,2026-04-02 13:00,6.3,275,0.9,0.6,4
22103,2026-04-02 14:00,6.9,276,0.9,0.6,3.8
22103,2026-04-02 15:00,7.5,271,1.1,0.7,3.2
22103,2026-04-02 16:00,8.4,272,1.2,0.7,3.7
22103,2026-04-02 17:00,8.7,278,1.3,0.8,3.8
22103,2026-04-02 18:00,9.9,279,1.3,0.9,4.2
22103,2026-04-02 19:00,9.6,279,1.9,1,4.3
22103,2026-04-02 20:00,9.4,281,1.4,1,4.3
22103,2026-04-02 21:00,6.9,286,1.4,1,4.5
22103,2026-04-02 22:00,6.6,292,1.2,0.8,4.5
22103,2026-04-02 23:00,5,286,1.3,0.7,4.3
22103,2026-04-03 0:00,5,287,0.9,0.6,4
22103,2026-04-03 1:00,4.1,309,0.7,0.6,4.2
22103,2026-04-03 2:00,5.1,297,0.8,0.5,3.8
22103,2026-04-03 3:00,3,301,0.7,0.5,3.6
22103,2026-04-03 4:00,2.7,346,0.6,0.5,3.2
22103,2026-04-03 5:00,2.3,317,0.6,0.4,4
22103,2026-04-03 6:00,2.5,327,0.5,0.3,6.3
22103,2026-04-03 7:00,1.7,317,0.4,0.3,7.1
22103,2026-04-03 8:00,1.3,267,0.4,0.3,4.8
22103,2026-04-03 9:00,0.3,96,0.5,0.3,4.5
22103,2026-04-03 10:00,0.3,179,0.4,0.3,5.9
22103,2026-04-03 11:00,2.7,70,0.5,0.3,6.7
22103,2026-04-03 12:00,2,129,0.5,0.3,7.1
22103,2026-04-03 13:00,2,156,0.4,0.3,7.7
22103,2026-04-03 14:00,4.2,170,0.4,0.3,6.7
22103,2026-04-03 15:00,4.1,170,0.5,0.3,6.3
22103,2026-04-03 16:00,3.6,179,0.6,0.4,2.7
22103,2026-04-03 17:00,4.2,176,0.8,0.5,3.2
22103,2026-04-03 18:00,4.7,170,1,0.6,4
22103,2026-04-03 19:00,6.9,172,1.2,0.7,4
22103,2026-04-03 20:00,6.9,173,1.4,0.9,4.3
22103,2026-04-03 21:00,6.7,160,2,1.1,4.3
22103,2026-04-03 22:00,8,152,2.3,1.3,5
22103,2026-04-03 23:00,6.4,121,2.3,1.4,5
22103,2026-04-04 0:00,7.9,128,2.2,1.4,5.6
22103,2026-04-04 1:00,9.6,115,2.2,1.4,5.6
22103,2026-04-04 2:00,11.1,110,2.5,1.6,5.6
22103,2026-04-04 3:00,13.9,142,3.1,1.9,5.3
22103,2026-04-04 4:00,14.9,140,4.3,2.3,5.9
22103,2026-04-04 5:00,17,158,6,3.2,7.1
22103,2026-04-04 6:00,10.5,209,5.6,3.9,7.7
22103,2026-04-04 7:00,9.1,231,6.3,3.9,9.1
22103,2026-04-04 8:00,8.7,248,6.5,3.8,9.1
22103,2026-04-04 9:00,12.4,252,6.6,3.4,9.1
22103,2026-04-04 10:00,8.9,269,8.1,4.1,10
22103,2026-04-04 11:00,8.5,295,7,4.2,10
22103,2026-04-04 12:00,8.5,303,7.1,3.8,10.5
22103,2026-04-04 13:00,9.1,285,5.3,3.5,10
22103,2026-04-04 14:00,11.1,296,4.6,3,10
22103,2026-04-04 15:00,12,296,4.5,3.2,11.1
22103,2026-04-04 16:00,13,301,5,3,10.5
22103,2026-04-04 17:00,9.5,309,4.2,2.8,10.5
22103,2026-04-04 18:00,9.8,305,3.5,2.6,10.5
22103,2026-04-04 19:00,6.7,291,4.1,2.3,10.5
22103,2026-04-04 20:00,6.8,281,3.7,2.1,10.5
22103,2026-04-04 21:00,8.6,291,4,2.3,10.5
22103,2026-04-04 22:00,8.3,296,3.1,2.2,10
22103,2026-04-04 23:00,10.9,292,3.6,2.1,10
22103,2026-04-05 0:00,9.4,299,4.1,2.3,10
22103,2026-04-05 1:00,10.8,307,3.7,2.2,10
22103,2026-04-05 2:00,10.3,304,3.1,2.1,9.1
22103,2026-04-05 3:00,7.5,301,2.4,1.8,10
22103,2026-04-05 4:00,6.5,296,2.4,1.7,10
22103,2026-04-05 5:00,6.8,301,2.7,1.7,9.1
22103,2026-04-05 6:00,5.1,304,2.8,1.6,9.1
22103,2026-04-05 7:00,4.6,294,2.4,1.4,9.1
22103,2026-04-05 8:00,4.8,289,2.5,1.5,10
22103,2026-04-05 9:00,5.4,286,2.1,1.4,9.1
22103,2026-04-05 10:00,7.1,271,2.5,1.4,9.1
22103,2026-04-05 11:00,7.3,272,2.1,1.3,9.1
22103,2026-04-05 12:00,8.4,279,1.9,1.3,9.1
22103,2026-04-05 13:00,7.8,287,2,1.3,9.1
22103,2026-04-05 14:00,9.1,276,1.9,1.3,9.1
22103,2026-04-05 15:00,6.8,284,1.8,1.2,9.1
22103,2026-04-05 16:00,7.4,281,1.8,1.1,9.1
22103,2026-04-05 17:00,6.2,264,1.5,1,8.3
22103,2026-04-05 18:00,5.9,264,1.7,1,9.1
22103,2026-04-05 19:00,4.7,251,1.3,1,9.1
22103,2026-04-05 20:00,2.6,228,1.3,0.9,9.1
22103,2026-04-05 21:00,4.1,217,1.5,0.9,8.3
22103,2026-04-05 22:00,3.8,205,1.3,0.8,8.3
22103,2026-04-05 23:00,3.2,207,1.4,0.8,8.3
22103,2026-04-06 0:00,5.1,220,1.3,0.9,8.3
22103,2026-04-06 1:00,5.8,221,1.8,1,7.7
22103,2026-04-06 2:00,5.6,210,1.7,1.1,8.3
22103,2026-04-06 3:00,6.7,210,1.5,1.1,7.7
22103,2026-04-06 4:00,4.1,203,1.9,1.1,4.5
22103,2026-04-06 5:00,4.5,198,1.7,1.1,4.5
22103,2026-04-06 6:00,4.3,202,1.5,1.1,4.8
22103,2026-04-06 7:00,5.8,198,1.5,1.1,7.7
22103,2026-04-06 8:00,5.9,212,1.9,1.2,5
22103,2026-04-06 9:00,4.5,213,2.4,1.2,7.7
22103,2026-04-06 10:00,5.4,215,1.7,1.3,4.8
22103,2026-04-06 11:00,5.9,210,1.7,1.2,5
22103,2026-04-06 12:00,5.1,231,1.8,1.2,4.8
22103,2026-04-06 13:00,4.3,232,1.9,1.3,5.3
22103,2026-04-06 14:00,6.8,222,1.9,1.4,5.3
22103,2026-04-06 15:00,8,230,1.8,1.3,4.8
22103,2026-04-06 16:00,4.6,253,1.7,1.3,4.8
22103,2026-04-06 17:00,4.1,217,2,1.4,5.6
22103,2026-04-06 18:00,4.2,288,2.2,1.3,6.7
22103,2026-04-06 19:00,4.7,298,2.1,1.4,6.7
22103,2026-04-06 20:00,3.7,279,2.1,1.4,5.9
22103,2026-04-06 21:00,4.1,294,1.9,1.2,5.9
22103,2026-04-06 22:00,3.7,312,2.1,1.2,5.9
22103,2026-04-06 23:00,6.6,318,1.7,1.2,5.6
22103,2026-04-07 0:00,7.6,323,2,1.1,6.3
22103,2026-04-07 1:00,9.5,335,1.9,1.1,5.9
22103,2026-04-07 2:00,8.5,335,1.8,1.2,6.3
22103,2026-04-07 3:00,7.8,337,1.6,1.1,3.7
22103,2026-04-07 4:00,3.6,342,1.6,1.1,4.2
22103,2026-04-07 5:00,6.1,331,1.4,1,5.6
22103,2026-04-07 6:00,7.9,330,1.2,0.8,4.2
22103,2026-04-07 7:00,9,345,1.2,0.8,3.6
22103,2026-04-07 8:00,8.5,354,1.9,0.9,3.6
22103,2026-04-07 9:00,8,353,1.4,0.9,4
22103,2026-04-07 10:00,7.3,344,1.4,0.9,4
22103,2026-04-07 11:00,6.2,340,1.3,0.8,3.7
22103,2026-04-07 12:00,6.3,327,1.2,0.8,3.4
22103,2026-04-07 13:00,6.4,325,1.1,0.7,4
22103,2026-04-07 14:00,5.9,297,1,0.7,4.2
22103,2026-04-07 15:00,5.2,297,0.9,0.7,4
22103,2026-04-07 16:00,4.9,274,0.9,0.7,4
22103,2026-04-07 17:00,4.9,278,0.9,0.6,5
22103,2026-04-07 18:00,5.2,285,0.7,0.6,5
22103,2026-04-07 19:00,8.9,305,1.1,0.6,2.5
22103,2026-04-07 20:00,9.6,318,1.5,1.1,4.5
22103,2026-04-07 21:00,9.8,331,1.4,1,3.4
22103,2026-04-07 22:00,9,330,1.5,1.1,3.7
22103,2026-04-07 23:00,7.5,337,1.7,1.1,4.3
22103,2026-04-08 0:00,6.2,332,1.7,1,4.3
22103,2026-04-08 1:00,6.7,317,1.4,0.9,4.2
22103,2026-04-08 2:00,4.7,317,1.2,0.8,4.3
22103,2026-04-08 3:00,3.8,330,1.2,0.7,3.8
22103,2026-04-08 4:00,4.7,319,1,0.7,3.7
22103,2026-04-08 5:00,4.4,326,1,0.6,4.2
22103,2026-04-08 6:00,3.1,340,1.2,0.7,4.8
22103,2026-04-08 7:00,1.6,337,1,0.6,8.3
22103,2026-04-08 8:00,2.9,351,0.9,0.6,4.5
22103,2026-04-08 9:00,2,34,0.7,0.5,8.3
22103,2026-04-08 10:00,1.6,75,0.7,0.5,8.3
22103,2026-04-08 11:00,0.6,111,0.6,0.4,8.3
22103,2026-04-08 12:00,0.6,87,0.7,0.4,8.3
22103,2026-04-08 13:00,0.2,288,0.6,0.4,8.3
22103,2026-04-08 14:00,0.9,158,0.6,0.4,7.7
22103,2026-04-08 15:00,2.3,170,0.5,0.4,8.3
22103,2026-04-08 16:00,2.8,216,0.5,0.4,7.1
22103,2026-04-08 17:00,3.5,208,0.5,0.3,7.7
22103,2026-04-08 18:00,3.1,214,0.5,0.3,7.1
22103,2026-04-08 19:00,4.2,218,0.5,0.3,7.7
22103,2026-04-08 20:00,4.4,214,0.5,0.4,7.7
22103,2026-04-08 21:00,4.3,199,0.6,0.4,7.1
22103,2026-04-08 22:00,5.1,196,0.6,0.4,2.9
22103,2026-04-08 23:00,6.2,193,0.9,0.5,3.1
22103,2026-04-09 0:00,5.5,198,1,0.7,3.6
22103,2026-04-09 1:00,3.9,181,1,0.7,4
22103,2026-04-09 2:00,3.5,159,1.4,0.7,4
22103,2026-04-09 3:00,1.2,132,1.1,0.7,4.3
22103,2026-04-09 4:00,5.3,182,1.1,0.7,4.2
22103,2026-04-09 5:00,7.7,265,1,0.7,4.2
22103,2026-04-09 6:00,1.6,336,1.4,0.9,4.5
22103,2026-04-09 7:00,4.7,95,1.6,1,5
22103,2026-04-09 8:00,9.9,166,2.1,0.9,5.6
22103,2026-04-09 9:00,12.2,164,2.8,1.7,5.6
22103,2026-04-09 10:00,12.4,151,3.8,2.3,6.3
22103,2026-04-09 11:00,11.9,160,3.7,2.4,6.7
22103,2026-04-09 12:00,13.3,169,5,2.8,7.1
22103,2026-04-09 13:00,15.4,170,6.2,3.3,7.1
22103,2026-04-09 14:00,15.4,170,5.5,3.7,7.7
22103,2026-04-09 15:00,15.4,168,6.3,3.8,8.3
22103,2026-04-09 16:00,14.4,175,6.7,4.2,9.1
22103,2026-04-09 17:00,12.5,206,7.2,4.3,9.1
22103,2026-04-09 18:00,12.6,231,6.7,4,9.1
22103,2026-04-09 19:00,9.2,231,6.8,4,9.1
22103,2026-04-09 20:00,8.9,241,4.8,3.4,9.1
22103,2026-04-09 21:00,8.5,231,4.6,3.4,10
22103,2026-04-09 22:00,8.4,230,5,2.9,9.1
22103,2026-04-09 23:00,9.5,232,5.8,3,9.1
22103,2026-04-10 0:00,8.1,232,4.3,2.9,9.1
22103,2026-04-10 1:00,6.8,226,4.6,3,9.1
22103,2026-04-10 2:00,6,234,4.2,2.8,9.1
22103,2026-04-10 3:00,5.9,220,4.4,2.4,9.1
22103,2026-04-10 4:00,3.4,286,4,2.4,8.3
22103,2026-04-10 5:00,6.3,281,2.9,2.3,8.3
22103,2026-04-10 6:00,6.5,292,3.4,2.1,9.1
22103,2026-04-10 7:00,9.6,277,2.9,2,8.3
22103,2026-04-10 8:00,9,278,3,1.9,9.1
22103,2026-04-10 9:00,9.8,289,3.1,2,8.3
22103,2026-04-10 10:00,10.1,300,2.8,2,8.3
22103,2026-04-10 11:00,11.2,288,2.6,1.9,8.3
22103,2026-04-10 12:00,11.2,285,2.9,1.7,7.7
22103,2026-04-10 13:00,10.2,288,2.7,1.9,8.3
22103,2026-04-10 14:00,9.7,289,2.8,1.8,7.7
22103,2026-04-10 15:00,9.2,282,3.3,1.8,7.7
22103,2026-04-10 16:00,9.7,276,2.7,1.6,7.7
22103,2026-04-10 17:00,10.4,289,2.7,1.7,7.7
22103,2026-04-10 18:00,10.8,292,2.6,1.8,7.7
22103,2026-04-10 19:00,9.2,295,2.5,1.8,7.7
22103,2026-04-10 20:00,10.3,299,2.4,1.5,7.7
22103,2026-04-10 21:00,8.8,305,2.2,1.5,7.7
22103,2026-04-10 22:00,8.7,311,1.9,1.3,7.7
22103,2026-04-10 23:00,9,312,1.7,1.3,7.7
22103,2026-04-11 0:00,8.1,304,1.9,1.2,7.7
22103,2026-04-11 1:00,11.2,307,1.7,1.2,7.7
22103,2026-04-11 2:00,7.8,308,1.7,1.2,7.7
22103,2026-04-11 3:00,8.1,310,1.7,1.1,7.1
22103,2026-04-11 4:00,9.1,313,1.6,1.1,7.1
22103,2026-04-11 5:00,8.2,306,1.5,1.1,7.1
22103,2026-04-11 6:00,7,303,1.6,1,7.1
22103,2026-04-11 7:00,6.4,306,1.3,0.9,6.7
22103,2026-04-11 8:00,5.5,299,1.3,1,7.1
22103,2026-04-11 9:00,4.4,300,1.2,0.9,7.1
22103,2026-04-11 10:00,4.6,311,1.4,0.8,6.7
22103,2026-04-11 11:00,3.8,301,1.3,0.9,7.1
22103,2026-04-11 12:00,5.5,291,1.2,0.8,6.7
22103,2026-04-11 13:00,7.7,277,1.2,0.8,7.1
22103,2026-04-11 14:00,7.2,288,1.2,0.8,7.1
22103,2026-04-11 15:00,5.3,276,1.2,0.8,7.7
22103,2026-04-11 16:00,6.3,272,1.2,0.9,7.7
22103,2026-04-11 17:00,6.1,260,1.4,0.7,7.1
22103,2026-04-11 18:00,7.8,279,1.4,0.8,7.7
22103,2026-04-11 19:00,6.8,280,1.2,0.8,7.1
22103,2026-04-11 20:00,6,282,1.3,0.8,7.7
22103,2026-04-11 21:00,5.4,281,1.2,0.8,8.3
22103,2026-04-11 22:00,5.2,292,1.2,0.8,9.1
22103,2026-04-11 23:00,5.1,277,1.2,0.7,9.1
22103,2026-04-12 0:00,4,304,1.4,0.7,9.1
22103,2026-04-12 1:00,4.7,279,1.1,0.8,8.3
22103,2026-04-12 2:00,3.4,305,1.2,0.8,9.1
22103,2026-04-12 3:00,3.4,303,1.3,0.7,9.1
22103,2026-04-12 4:00,4.3,314,1.1,0.8,9.1
22103,2026-04-12 5:00,4.4,321,1.1,0.7,9.1
22103,2026-04-12 6:00,3.2,323,1,0.6,7.7
22103,2026-04-12 7:00,2.4,340,1,0.6,8.3
22103,2026-04-12 8:00,4.2,49,0.8,0.6,7.7
22103,2026-04-12 9:00,5.5,85,0.9,0.5,8.3
22103,2026-04-12 10:00,6.3,80,0.9,0.6,8.3
22103,2026-04-12 11:00,5.2,71,0.8,0.6,8.3
22103,2026-04-12 12:00,6.6,67,0.8,0.6,8.3
22103,2026-04-12 13:00,6,66,1.1,0.7,8.3
22103,2026-04-12 14:00,5.7,67,1.2,0.7,8.3
22103,2026-04-12 15:00,6.3,64,0.9,0.7,10
22103,2026-04-12 16:00,5.6,59,1,0.7,7.7
22103,2026-04-12 17:00,4.3,58,1,0.7,7.7
22103,2026-04-12 18:00,3.5,79,0.9,0.7,7.1
22103,2026-04-12 19:00,3.3,116,0.9,0.6,7.7
22103,2026-04-12 20:00,2.6,111,1,0.7,7.7
22103,2026-04-12 21:00,3.2,74,0.9,0.6,7.7
22103,2026-04-12 22:00,1.5,354,0.8,0.6,7.7
22103,2026-04-12 23:00,2.8,51,0.8,0.6,7.1
22103,2026-04-13 0:00,4.3,35,0.7,0.5,7.7
22103,2026-04-13 1:00,3.7,54,0.8,0.5,7.7
22103,2026-04-13 2:00,3.4,47,0.7,0.5,7.7
22103,2026-04-13 3:00,5.9,43,0.8,0.5,7.7
22103,2026-04-13 4:00,4.6,53,0.9,0.5,10.5
22103,2026-04-13 5:00,4.8,41,0.7,0.5,10
22103,2026-04-13 6:00,5.1,33,0.6,0.4,10
22103,2026-04-13 7:00,4.1,66,0.6,0.4,7.1
22103,2026-04-13 8:00,2.2,43,0.5,0.4,10.5
22103,2026-04-13 9:00,2.1,43,0.5,0.4,10.5
22103,2026-04-13 10:00,2.9,61,0.6,0.4,11.1
22103,2026-04-13 11:00,1.5,25,0.6,0.4,10
22103,2026-04-13 12:00,2.3,27,0.6,0.4,10
22103,2026-04-13 13:00,3,56,0.7,0.4,10.5
22103,2026-04-13 14:00,3,59,0.9,0.5,10
22103,2026-04-13 15:00,2.3,13,0.7,0.5,10.5
22103,2026-04-13 16:00,3.3,49,0.8,0.5,10.5
22103,2026-04-13 17:00,5.9,79,0.9,0.6,10
22103,2026-04-13 18:00,4.4,77,1,0.6,5
22103,2026-04-13 19:00,4.6,82,1.2,0.7,5.3
22103,2026-04-13 20:00,6.9,76,1.2,0.8,5.3
22103,2026-04-13 21:00,8.8,81,1.5,1,5.9
22103,2026-04-13 22:00,8.9,84,1.8,1.1,4.5
22103,2026-04-13 23:00,6.6,82,1.9,1.2,5.3
22103,2026-04-14 0:00,7.6,81,1.9,1.2,5.9
22103,2026-04-14 1:00,7.9,79,2.2,1.2,6.3
22103,2026-04-14 2:00,5.7,72,1.8,1.2,5.9
22103,2026-04-14 3:00,6.2,68,2.1,1.2,6.3
22103,2026-04-14 4:00,8.3,66,1.8,1.2,5.9
22103,2026-04-14 5:00,7.8,68,1.9,1.2,5.9
22103,2026-04-14 6:00,7.1,69,2.1,1.2,5.9
22103,2026-04-14 7:00,6.8,70,1.6,1.2,5.9
22103,2026-04-14 8:00,7.9,65,1.7,1.2,5.3
22103,2026-04-14 9:00,8.2,64,2,1.1,6.3
22103,2026-04-14 10:00,8.6,62,1.6,1.2,5.6
22103,2026-04-14 11:00,8.2,67,1.6,1.2,5.6
22103,2026-04-14 12:00,8.7,63,2.1,1.2,5.3
22103,2026-04-14 13:00,9.1,64,2.1,1.3,5.6
22103,2026-04-14 14:00,8.7,63,1.7,1.3,5.3
22103,2026-04-14 15:00,9.6,66,2.1,1.3,6.3
22103,2026-04-14 16:00,10.5,67,2.3,1.4,5.6
22103,2026-04-14 17:00,11.3,66,2.2,1.5,5.6
22103,2026-04-14 18:00,9.7,69,3.3,1.6,6.3
22103,2026-04-14 19:00,9.3,63,2.4,1.6,5.9
22103,2026-04-14 20:00,9.3,77,2.1,1.6,6.7
22103,2026-04-14 21:00,9.7,77,2.1,1.5,7.1
22103,2026-04-14 22:00,9.3,66,2.6,1.5,5.6
22103,2026-04-14 23:00,8.8,64,2.3,1.5,6.3
22103,2026-04-15 0:00,8.1,61,2.3,1.6,7.1
22103,2026-04-15 1:00,8,58,2.3,1.4,7.1
22103,2026-04-15 2:00,8.1,63,2.1,1.4,5.9
22103,2026-04-15 3:00,6.4,60,2.1,1.3,5.9
22103,2026-04-15 4:00,5.2,28,2,1.2,6.7
22103,2026-04-15 5:00,4,339,1.6,1.1,5.9
22103,2026-04-15 6:00,4.1,311,1.9,1.1,5.9
22103,2026-04-15 7:00,3.5,317,1.5,0.9,6.3
22103,2026-04-15 8:00,3.3,330,1.3,0.9,6.7
22103,2026-04-15 9:00,4.4,314,1.1,0.7,5.6
22103,2026-04-15 10:00,1.9,335,0.9,0.7,5.6
22103,2026-04-15 11:00,1.6,314,1.2,0.7,6.3
22103,2026-04-15 12:00,1.5,304,1.1,0.7,6.3
22103,2026-04-15 13:00,0.2,258,0.9,0.7,6.3
22103,2026-04-15 14:00,0.5,264,1,0.6,6.7
22103,2026-04-15 15:00,3.1,244,1.2,0.6,6.7
22103,2026-04-15 16:00,3.8,260,1,0.6,6.7
22103,2026-04-15 17:00,3.7,261,1.1,0.6,6.7
22103,2026-04-15 18:00,3.6,267,1,0.6,6.7
22103,2026-04-15 19:00,4.7,268,1,0.6,10.5
22103,2026-04-15 20:00,5.4,277,0.9,0.6,10
22103,2026-04-15 21:00,3.3,54,1,0.7,6.3
22103,2026-04-15 22:00,6.7,100,1.1,0.7,6.7
22103,2026-04-15 23:00,6.1,95,1.1,0.7,6.3
22103,2026-04-16 0:00,9.5,91,1.3,0.8,6.3
22103,2026-04-16 1:00,9.4,104,1.6,1,4
22103,2026-04-16 2:00,11.3,99,1.7,1,4.3
22103,2026-04-16 7:00,9.5,71,3.2,1.8,7.1
22103,2026-04-16 8:00,9.8,75,3.4,1.9,7.1
22103,2026-04-16 9:00,10.4,74,3,1.8,7.1
22103,2026-04-16 10:00,12.8,75,3.1,1.7,6.7
22103,2026-04-16 11:00,9.6,79,2.7,1.8,7.1
22103,2026-04-16 12:00,12.2,74,2.6,1.9,7.1
22103,2026-04-16 13:00,10.9,78,3.5,2.2,6.7
22103,2026-04-16 14:00,12,74,3.5,2.3,7.1
22103,2026-04-16 15:00,11.8,80,3.7,2.2,6.7
22103,2026-04-16 16:00,10.5,80,3.8,2.3,7.1
22103,2026-04-16 18:00,12.2,83,4.2,2.3,7.7
22103,2026-04-16 19:00,11,83,3.6,2.3,7.7
22103,2026-04-16 20:00,11.2,79,4,2.3,6.7
22103,2026-04-16 21:00,11.8,83,3.4,2.4,7.1
22103,2026-04-16 23:00,12.2,86,4,2.3,7.1
22103,2026-04-17 0:00,11,86,3.9,2.2,7.7
22103,2026-04-17 1:00,9.4,78,3.4,2,7.7
22103,2026-04-17 2:00,8.2,79,2.8,2,8.3
22103,2026-04-17 3:00,7.6,84,2.3,1.8,7.7
22103,2026-04-17 4:00,7.6,83,2.8,1.8,6.3
22103,2026-04-17 5:00,6.3,75,2.4,1.7,7.7
22103,2026-04-17 6:00,6.9,74,2.5,1.8,6.7
22103,2026-04-17 7:00,8.1,85,2.2,1.6,7.1
22103,2026-04-17 8:00,6.5,87,2.3,1.6,15.4
22103,2026-04-17 9:00,6.2,83,2.2,1.4,14.3
22103,2026-04-17 10:00,4.8,67,1.7,1.3,15.4
22103,2026-04-17 11:00,5.2,56,1.4,1.1,14.3
22103,2026-04-17 12:00,7.7,51,1.5,1.1,14.3
22103,2026-04-17 13:00,6.6,68,1.5,1.1,14.3
22103,2026-04-17 14:00,6.7,59,1.5,1.1,14.3
22103,2026-04-17 15:00,5.3,72,1.4,1,13.3
22103,2026-04-17 16:00,5.7,64,1.5,0.9,12.5
22103,2026-04-17 17:00,7.1,65,2,1.2,4.8
22103,2026-04-17 18:00,8.1,79,3,1.6,6.7
22103,2026-04-17 19:00,7.2,93,3,1.6,6.7
22103,2026-04-17 20:00,7.9,101,2.7,1.8,6.3
22103,2026-04-17 21:00,7.3,114,3.3,2,6.7
22103,2026-04-17 22:00,6.6,101,3.5,2.1,6.7
22103,2026-04-17 23:00,7.4,79,3.5,2.3,7.1
22103,2026-04-18 0:00,8.2,84,3.6,2.2,7.7
22103,2026-04-18 1:00,8.4,81,3.7,2.3,7.7
22103,2026-04-18 2:00,8.8,77,3.6,2.3,8.3
22103,2026-04-18 3:00,8.3,80,4,2.4,8.3
22103,2026-04-18 4:00,9.4,78,3.9,2.3,8.3
22103,2026-04-18 5:00,9.7,74,4.3,2.4,8.3
22103,2026-04-18 6:00,9.4,69,2.9,2.2,8.3
22103,2026-04-18 7:00,10.7,72,3.4,2.3,7.7
22103,2026-04-18 8:00,10.1,68,4,2.4,8.3
22103,2026-04-18 9:00,10.3,77,3.2,2.3,8.3
22103,2026-04-18 10:00,10,86,3.8,2,7.7
22103,2026-04-18 11:00,8.6,77,3.3,2.1,7.7
22103,2026-04-18 12:00,8.5,81,3.3,2.1,8.3
22103,2026-04-18 13:00,7.4,87,3.7,2.1,7.7
22103,2026-04-18 14:00,7.1,79,4,2,7.7
22103,2026-04-18 15:00,6.9,81,2.7,2.1,7.7
22103,2026-04-18 16:00,6.5,84,3,2,8.3
22103,2026-04-18 17:00,5.6,86,2.8,1.9,7.7
22103,2026-04-18 18:00,5.1,69,2.8,1.9,7.7
22103,2026-04-18 19:00,4.8,80,3.1,1.8,7.7
22103,2026-04-18 20:00,4.9,78,2.5,1.8,8.3
22103,2026-04-18 21:00,4.5,109,2.4,1.7,7.7
22103,2026-04-18 22:00,4.8,76,2.3,1.7,7.7
22103,2026-04-18 23:00,5.4,51,2.6,1.6,7.7
22103,2026-04-19 0:00,5,66,2.6,1.6,7.1
22103,2026-04-19 1:00,0.9,155,2.6,1.7,13.3
22103,2026-04-19 2:00,2.4,83,2.8,1.5,7.1
22103,2026-04-19 3:00,2.9,74,2.5,1.6,7.7
22103,2026-04-19 4:00,2.7,57,2.2,1.4,7.1
22103,2026-04-19 5:00,4.8,44,2,1.3,7.7
22103,2026-04-19 6:00,4.8,60,2.6,1.4,14.3
22103,2026-04-19 7:00,5.3,56,2,1.4,7.1
22103,2026-04-19 8:00,6,64,2.1,1.4,7.7
22103,2026-04-19 9:00,5.7,65,2.2,1.3,7.1
22103,2026-04-19 10:00,6.1,67,2,1.5,7.7
22103,2026-04-19 11:00,5.3,69,2,1.4,7.1
22103,2026-04-19 12:00,4.3,75,1.9,1.6,7.7
22103,2026-04-19 13:00,4.3,47,2,1.5,7.7
22103,2026-04-19 14:00,5.5,60,2.2,1.4,7.1
22103,2026-04-19 15:00,4.8,70,2,1.4,7.1
22103,2026-04-19 16:00,4.9,68,1.9,1.3,7.1
22103,2026-04-19 17:00,3.3,64,1.8,1.3,13.3
22103,2026-04-19 18:00,3.9,82,1.9,1.2,6.7
22103,2026-04-19 19:00,3.3,77,2,1.3,13.3
22103,2026-04-19 20:00,2.2,73,2,1.3,7.1
22103,2026-04-19 21:00,2.4,111,1.7,1.2,6.7
22103,2026-04-19 22:00,2.8,142,1.8,1.1,6.7
22103,2026-04-19 23:00,0.4,89,1.8,1.2,6.7
22103,2026-04-20 0:00,3.2,36,1.8,1.2,7.1
22103,2026-04-20 1:00,2.9,21,1.6,1.2,14.3
22103,2026-04-20 2:00,4.6,38,2,1.1,7.1
22103,2026-04-20 3:00,4.2,60,1.5,1.1,7.7
22103,2026-04-20 4:00,2.9,37,1.8,1.1,7.7
22103,2026-04-20 5:00,2.5,9,1.4,1.1,7.7
22103,2026-04-20 6:00,2.8,38,1.7,1.2,8.3
22103,2026-04-20 7:00,2.5,349,1.7,1.3,7.7
22103,2026-04-20 8:00,0.3,3,1.7,1.2,8.3
22103,2026-04-20 9:00,1,87,2.2,1.2,7.7
22103,2026-04-20 10:00,2.7,194,2.2,1.2,7.7
22103,2026-04-20 11:00,4.2,285,1.8,1.2,7.7
22103,2026-04-20 12:00,3.8,293,1.7,1.1,6.7
22103,2026-04-20 13:00,5.2,275,1.6,1,7.1
22103,2026-04-20 14:00,5.2,265,1.6,1,7.1
22103,2026-04-20 15:00,6.9,270,1.6,1.1,7.1
22103,2026-04-20 16:00,5.8,291,1.6,1.1,7.1
22103,2026-04-20 17:00,7.5,294,1.8,1,7.1
22103,2026-04-20 18:00,7.7,296,1.5,1,7.1
22103,2026-04-20 19:00,6.1,292,1.5,0.9,14.3
22103,2026-04-20 20:00,10,308,1.5,0.9,14.3
22103,2026-04-20 21:00,9.7,305,1.4,1.1,14.3
22103,2026-04-20 22:00,10.9,307,1.4,1,13.3
22103,2026-04-20 23:00,11.2,321,1.6,1.1,13.3
22103,2026-04-21 0:00,10.6,327,2.3,1.5,4.5
22103,2026-04-21 1:00,9.1,318,2.3,1.5,4.8
22103,2026-04-21 2:00,8.8,314,2,1.3,4.5
22103,2026-04-21 3:00,4.9,329,1.6,1.1,4.5
22103,2026-04-21 4:00,8.9,331,1.3,1,12.5
22103,2026-04-21 5:00,7.3,329,1.7,1,13.3
22103,2026-04-21 6:00,6.7,341,1.7,0.9,13.3
22103,2026-04-21 7:00,6.6,344,1.3,0.8,12.5
22103,2026-04-21 8:00,5.8,15,1.1,0.8,12.5
22103,2026-04-21 9:00,4.7,20,1,0.8,11.8
22103,2026-04-21 10:00,4.1,11,1.1,0.7,11.8
22103,2026-04-21 11:00,2.2,35,0.9,0.7,11.1
22103,2026-04-21 12:00,2.3,99,0.8,0.6,12.5
22103,2026-04-21 13:00,1.8,172,0.7,0.5,12.5
22103,2026-04-21 14:00,0.7,182,0.6,0.5,10
22103,2026-04-21 15:00,0.9,201,0.7,0.5,10
22103,2026-04-21 16:00,2.6,185,0.7,0.5,12.5
22103,2026-04-21 17:00,2.3,219,0.8,0.5,11.8
22103,2026-04-21 18:00,2.5,262,0.8,0.5,6.7
22103,2026-04-21 19:00,2.7,287,0.8,0.5,6.3
22103,2026-04-21 20:00,2.6,296,0.8,0.5,5.9
22103,2026-04-21 21:00,3.3,342,0.8,0.5,12.5
22103,2026-04-21 22:00,2.4,327,0.7,0.5,11.8
22103,2026-04-21 23:00,3.8,339,0.7,0.5,12.5
22103,2026-04-22 0:00,3.6,352,0.6,0.5,11.1
22103,2026-04-22 1:00,0.9,9,0.7,0.5,10.5
22103,2026-04-22 2:00,1.5,359,0.7,,11.8
22103,2026-04-22 3:00,2.9,32,0.6,0.4,11.8
22103,2026-04-22 4:00,3.3,34,0.6,0.4,11.1
22103,2026-04-22 5:00,4.6,64,0.6,0.4,10.5
22103,2026-04-22 6:00,3.7,65,0.6,0.4,11.8
22103,2026-04-22 7:00,4.8,34,0.6,0.4,11.8
22103,2026-04-22 8:00,3.2,4,0.7,0.4,11.1
22103,2026-04-22 9:00,2.7,65,0.6,0.4,11.1
22103,2026-04-22 10:00,3.6,54,0.6,0.4,12.5
22103,2026-04-22 11:00,3.5,59,0.6,0.4,10.5
22103,2026-04-22 12:00,5.1,24,0.6,0.4,10.5
22103,2026-04-22 13:00,5.7,30,0.5,0.4,10.5
22103,2026-04-22 14:00,5.5,42,0.7,0.5,12.5
22103,2026-04-22 15:00,6.8,32,0.7,0.5,12.5
22103,2026-04-22 16:00,8.7,44,1,0.6,11.8
22103,2026-04-22 17:00,9.7,56,1.3,0.7,3.6
22103,2026-04-22 18:00,10,68,1.3,0.9,4
22103,2026-04-22 19:00,11.3,72,1.6,0.9,4.3
22103,2026-04-22 20:00,11.8,68,1.7,1.1,4.3
22103,2026-04-22 21:00,10.8,60,2,1.2,4.5
22103,2026-04-22 22:00,9.9,54,1.9,1.3,5
22103,2026-04-22 23:00,10.7,50,2.1,1.3,4.8
22103,2026-04-23 0:00,10.6,45,1.7,1.2,4.8
22103,2026-04-23 1:00,9.8,48,2.1,1.2,5
22103,2026-04-23 2:00,10.5,42,2.1,1.3,5.3
22103,2026-04-23 3:00,9.3,44,1.7,1.1,5.6
22103,2026-04-23 4:00,9.8,23,1.5,1.1,4.8
22103,2026-04-23 5:00,9.7,35,1.9,1.2,5.6
22103,2026-04-23 6:00,8.9,42,1.9,1.3,6.3
22103,2026-04-23 7:00,8.5,25,2.2,1.3,5.9
22103,2026-04-23 8:00,9.1,35,1.9,1.3,5.9
22103,2026-04-23 9:00,6.6,23,2,1.3,6.7
22103,2026-04-23 10:00,7.3,41,1.7,1.2,5.9
22103,2026-04-23 11:00,8.3,38,1.5,1.1,5.9
22103,2026-04-23 12:00,9,43,1.8,1.3,6.7
22103,2026-04-23 13:00,11.4,55,2.5,1.5,6.3
22103,2026-04-23 14:00,8.3,61,2.1,1.6,6.3
22103,2026-04-23 15:00,8.1,64,2.7,1.6,6.7
22103,2026-04-23 16:00,8.1,63,2.6,1.6,7.7
22103,2026-04-23 17:00,8.7,72,3,1.8,7.1
22103,2026-04-23 18:00,8.2,75,2.6,1.9,7.7
22103,2026-04-23 19:00,7,75,2.8,1.9,7.7
22103,2026-04-23 20:00,8.8,84,2.6,1.8,7.7
22103,2026-04-23 21:00,9.6,85,2.5,1.7,7.7
22103,2026-04-23 22:00,7.9,77,3,1.8,8.3
22103,2026-04-23 23:00,8.5,70,2.8,1.9,7.7
22103,2026-04-24 0:00,8.5,67,2.9,2,7.7
22103,2026-04-24 1:00,8.2,64,3,1.8,8.3
22103,2026-04-24 2:00,7.2,58,2.8,1.8,7.7
22103,2026-04-24 3:00,6.1,52,2.6,1.5,8.3
22103,2026-04-24 4:00,6.6,47,2.2,1.4,7.7
22103,2026-04-24 5:00,6,33,1.7,1.3,6.7
22103,2026-04-24 6:00,6.7,32,1.8,1.3,7.7
22103,2026-04-24 7:00,6.6,45,1.8,1.2,7.7
22103,2026-04-24 8:00,6.5,42,1.7,1.1,7.7
22103,2026-04-24 9:00,6.4,45,1.4,1.1,7.1
22103,2026-04-24 10:00,7.1,43,1.5,1.1,7.1
22103,2026-04-24 11:00,7.7,43,1.6,1.2,7.1
22103,2026-04-24 12:00,7,44,1.5,1.1,6.7
22103,2026-04-24 13:00,6.9,55,1.7,1.1,6.7
22103,2026-04-24 14:00,6.5,60,1.8,1.2,6.7
22103,2026-04-24 15:00,7.2,68,1.9,1.2,7.7
22103,2026-04-24 16:00,6.8,70,2.2,1.4,7.1
22103,2026-04-24 17:00,6.8,73,2,1.4,7.1
22103,2026-04-24 18:00,6.7,70,2.3,1.4,7.1
22103,2026-04-24 19:00,7.5,66,2.5,1.5,6.7
22103,2026-04-24 20:00,6.8,56,2.1,1.4,7.1
22103,2026-04-24 21:00,7.3,67,2.5,1.5,7.7
22103,2026-04-24 22:00,7.6,70,2.2,1.4,7.1
22103,2026-04-24 23:00,6.7,51,2.2,1.5,7.7
22103,2026-04-25 0:00,4.7,37,2.4,1.4,7.7
22103,2026-04-25 1:00,4.7,52,2.1,1.4,7.7
22103,2026-04-25 2:00,3.1,46,2,1.4,7.1
22103,2026-04-25 3:00,4.2,36,1.8,1.4,7.7
22103,2026-04-25 4:00,3.4,28,2,1.4,7.1
22103,2026-04-25 5:00,2.6,44,1.9,1.2,7.1
22103,2026-04-25 6:00,2.7,47,2.5,1.3,6.7
22103,2026-04-25 7:00,5,60,1.7,1,7.1
22103,2026-04-25 8:00,5.2,60,1.7,1.1,6.7
22103,2026-04-25 9:00,6.3,62,1.7,1,7.7
22103,2026-04-25 10:00,7.6,68,1.5,1,5.9
22103,2026-04-25 11:00,7.5,65,1.7,1.1,6.3
22103,2026-04-25 12:00,8.1,62,1.6,1.1,6.3
22103,2026-04-25 13:00,8.4,57,1.6,1,6.3
22103,2026-04-25 14:00,8,64,1.9,1.1,5.9
22103,2026-04-25 15:00,6.1,75,1.8,1.1,5.6
22103,2026-04-25 16:00,5.4,106,1.3,1,5.3
22103,2026-04-25 17:00,4.5,105,1.4,0.9,5.6
22103,2026-04-25 18:00,4.4,100,1.5,0.9,5.6
22103,2026-04-25 19:00,3.6,113,1.3,0.9,5.9
22103,2026-04-25 20:00,2.5,100,1.3,0.8,5.9
22103,2026-04-25 21:00,1.6,69,1,0.8,5.6
22103,2026-04-25 22:00,1.9,26,1,0.7,5.6
22103,2026-04-25 23:00,2.2,26,1.1,0.7,5.3
22103,2026-04-26 0:00,3.2,18,1.4,0.7,5
22103,2026-04-26 1:00,4,11,1.1,0.7,5.3
22103,2026-04-26 2:00,4.6,17,1,0.6,5.3
22103,2026-04-26 3:00,4.2,43,1,0.7,5.3
22103,2026-04-26 4:00,3.8,47,0.9,0.7,4.8
22103,2026-04-26 5:00,4.4,40,1,0.6,4
22103,2026-04-26 6:00,4.1,30,1,0.6,5.3
22103,2026-04-26 7:00,4.1,47,0.8,0.6,4.8
22103,2026-04-26 8:00,3.9,39,0.9,0.5,5.9
22103,2026-04-26 9:00,3.2,66,0.8,0.5,6.3
22103,2026-04-26 10:00,2.9,48,0.8,0.5,7.1
22103,2026-04-26 11:00,1.7,57,0.7,0.5,7.1
22103,2026-04-26 12:00,1.8,58,0.7,0.5,6.7
22103,2026-04-26 13:00,1.6,19,0.7,0.5,7.1
22103,2026-04-26 14:00,2,337,0.7,0.5,7.1
22103,2026-04-26 15:00,3.7,337,0.7,0.5,7.7
22103,2026-04-26 16:00,3.7,327,0.7,0.5,6.7
22103,2026-04-26 17:00,1.3,280,0.7,0.5,7.1
22103,2026-04-26 18:00,2.6,282,1,0.5,6.3
22103,2026-04-26 19:00,5.7,267,0.9,0.6,6.7
22103,2026-04-26 20:00,6.6,288,1,0.6,5.9
22103,2026-04-26 21:00,4.4,276,0.9,0.6,5.6
22103,2026-04-26 22:00,6.4,279,1.1,0.7,6.3
22103,2026-04-26 23:00,5.5,280,1,0.6,6.7
22103,2026-04-27 0:00,5.2,281,1,0.6,5.3
22103,2026-04-27 1:00,6.8,281,0.9,0.6,6.3
22103,2026-04-27 2:00,4.7,283,0.9,0.6,5.9
22103,2026-04-27 3:00,4.8,276,0.8,0.5,5.9
22103,2026-04-27 4:00,3.5,283,0.8,0.6,5.6
22103,2026-04-27 5:00,4.3,274,0.8,0.6,6.3
22103,2026-04-27 6:00,5.5,270,0.8,0.5,3.7
22103,2026-04-27 7:00,5.6,269,0.7,0.5,5.9
22103,2026-04-27 8:00,5.9,279,0.7,0.5,3.8
22103,2026-04-27 9:00,6.6,274,0.9,0.6,3.6
22103,2026-04-27 10:00,7.1,277,0.8,0.6,3.6
22103,2026-04-27 11:00,6.1,270,0.8,0.6,3.4
22103,2026-04-27 12:00,4.5,267,0.8,0.5,3.6
22103,2026-04-27 13:00,5.6,268,0.7,0.5,3.6
22103,2026-04-27 14:00,5.8,267,0.7,0.5,3.7
22103,2026-04-27 15:00,5.6,270,0.6,0.5,3.4
22103,2026-04-27 16:00,6,259,0.7,0.5,3.6
22103,2026-04-27 17:00,7.3,269,0.7,0.5,10
22103,2026-04-27 18:00,6.7,270,0.9,0.6,3.2
22103,2026-04-27 19:00,5.3,274,0.8,0.5,3.6
22103,2026-04-27 20:00,3.4,274,0.8,0.5,3.6
22103,2026-04-27 21:00,5,263,0.8,0.5,3.6
22103,2026-04-27 22:00,3.9,270,0.6,0.4,3.8
22103,2026-04-27 23:00,1.4,239,0.6,0.4,3.6
22103,2026-04-28 0:00,0.7,257,0.5,0.4,3.2
22103,2026-04-28 1:00,3.2,255,0.6,0.4,3.1
22103,2026-04-28 2:00,3.3,274,0.6,0.4,4.3
22103,2026-04-28 3:00,4.6,271,0.6,0.4,3.6
22103,2026-04-28 4:00,3.2,297,0.6,0.3,3.8
22103,2026-04-28 5:00,3.3,258,0.4,0.3,4.2
22103,2026-04-28 6:00,3.7,259,0.5,0.3,2.7
22103,2026-04-28 7:00,4.8,267,0.7,0.4,3.6
22103,2026-04-28 8:00,1.7,291,0.8,0.6,3.8
22103,2026-04-28 9:00,4.5,288,0.9,0.5,3.7
22103,2026-04-28 10:00,4.7,302,0.7,0.5,3.8
22103,2026-04-28 11:00,6,307,0.8,0.5,3.3
22103,2026-04-28 12:00,5.9,310,0.8,0.6,3.4
22103,2026-04-28 13:00,5.5,304,0.8,0.6,3.4
22103,2026-04-28 14:00,5.5,278,0.8,0.5,3.4
22103,2026-04-28 15:00,6.6,312,0.7,0.5,3.7
22103,2026-04-28 16:00,7,303,0.8,0.6,2.9
22103,2026-04-28 17:00,9.6,304,0.8,0.6,2.9
22103,2026-04-28 18:00,9,302,1.2,0.8,3
22103,2026-04-28 19:00,9.4,307,1.1,0.8,3.6
22103,2026-04-28 20:00,9.3,302,1.6,0.9,4.3
22103,2026-04-28 21:00,8.2,316,1.4,0.9,4.8
22103,2026-04-28 22:00,8.3,323,1.4,0.9,4.5
22103,2026-04-28 23:00,8.7,325,1.3,0.9,3.8
22103,2026-04-29 0:00,8.6,329,1.3,0.9,3.7
22103,2026-04-29 1:00,10.1,328,1.2,0.9,3.4
22103,2026-04-29 2:00,8.2,332,1.1,0.8,3.4
22103,2026-04-29 3:00,7.1,328,1.1,0.8,3.6
22103,2026-04-29 4:00,7.5,329,1.2,0.8,3.4
22103,2026-04-29 5:00,8.3,336,1.3,0.8,3.6
22103,2026-04-29 6:00,6.7,333,1.2,0.7,3.8
22103,2026-04-29 7:00,6.5,332,0.9,0.6,3.6
22103,2026-04-29 8:00,6.3,323,0.9,0.6,3.6
22103,2026-04-29 9:00,5.7,323,0.9,0.6,3.2
22103,2026-04-29 10:00,5.2,330,0.9,0.5,3.2
22103,2026-04-29 11:00,5.6,338,1,0.6,3.1
22103,2026-04-29 12:00,5,338,0.8,0.5,2.9
22103,2026-04-29 13:00,3.6,340,0.6,0.5,2.7
22103,2026-04-29 14:00,2.4,343,0.6,0.5,7.7
22103,2026-04-29 15:00,1.2,351,0.7,0.5,6.3
22103,2026-04-29 16:00,2.5,333,0.7,0.4,5.6
22103,2026-04-29 17:00,1,25,0.7,0.5,5.6
22103,2026-04-29 18:00,0,0,0.7,0.5,3.8
22103,2026-04-29 19:00,0.6,262,0.6,0.4,4
22103,2026-04-29 20:00,1,316,0.6,0.4,5.9
22103,2026-04-29 21:00,1.1,325,0.7,0.4,5.6
22103,2026-04-29 22:00,2,317,0.8,0.4,6.3
22103,2026-04-29 23:00,2.2,289,0.6,0.4,4.8
22103,2026-04-30 0:00,2.4,323,0.6,0.4,5.6
22103,2026-04-30 1:00,3,341,0.6,0.4,5
22103,2026-04-30 2:00,4,2,0.7,0.4,5.9
22103,2026-04-30 3:00,4.9,19,0.5,0.4,5.3
22103,2026-04-30 4:00,5.4,29,0.7,0.4,4.8
22103,2026-04-30 5:00,5.1,86,0.8,0.5,5
22103,2026-04-30 6:00,5.5,87,1,0.6,4.5
22103,2026-04-30 7:00,4.6,79,1.1,0.8,4.3
22103,2026-04-30 8:00,6.3,68,1.5,0.8,4.5
22103,2026-04-30 9:00,5.9,67,1,0.7,4.3
22103,2026-04-30 10:00,5.7,50,1.5,0.8,4.3
22103,2026-04-30 11:00,5.7,52,1.4,0.9,4.8
22103,2026-04-30 12:00,5.4,44,1.5,0.9,4.8
22103,2026-04-30 13:00,5,34,1.3,0.8,5.3
22103,2026-04-30 14:00,4.1,23,1.4,0.9,5.3
22103,2026-04-30 15:00,3.3,22,1.5,0.9,5.3
22103,2026-04-30 16:00,1.7,24,1.3,0.8,5.3
22103,2026-04-30 17:00,3.5,312,1.3,0.9,5.6
22103,2026-04-30 18:00,4.8,307,1.4,0.8,5.6
22103,2026-04-30 19:00,2.8,285,1.3,0.7,5.6
22103,2026-04-30 20:00,3.2,284,1.2,0.8,5.6
22103,2026-04-30 21:00,6.2,290,1.2,0.7,5.6
22103,2026-04-30 22:00,6,294,1.1,0.7,5.6
22103,2026-04-30 23:00,8.9,298,1.3,0.7,5.3
22103,2026-05-01 0:00,6.7,329,1.1,0.7,5.6
22103,2026-05-01 1:00,7.6,307,1.2,0.7,3.6
22103,2026-05-01 2:00,8.5,301,1.1,0.6,3.6
22103,2026-05-01 3:00,8.4,303,1.2,0.7,2.9
22103,2026-05-01 4:00,8.4,305,1.3,0.8,3.8
22103,2026-05-01 5:00,7.9,298,1.4,0.9,3.8
22103,2026-05-01 6:00,5.4,306,1.1,0.9,4.3
22103,2026-05-01 7:00,6.6,296,1.3,0.8,4.3
22103,2026-05-01 8:00,6.4,294,1.2,0.8,4.2
22103,2026-05-01 9:00,7.1,278,1.1,0.8,4.3
22103,2026-05-01 10:00,8.9,282,1.5,0.9,4.3
22103,2026-05-01 11:00,9.7,286,1.6,1.2,4.8
22103,2026-05-01 12:00,9.4,282,1.7,1.2,5.3
22103,2026-05-01 13:00,8.8,280,2,1.3,5
22103,2026-05-01 14:00,7.9,269,1.8,1.2,4.8
22103,2026-05-01 15:00,10.2,274,1.9,1.1,5.6
22103,2026-05-01 16:00,11.8,286,2.2,1.1,5.6
22103,2026-05-01 17:00,9.1,287,1.7,1.3,5.3
22103,2026-05-01 18:00,10.4,281,2.3,1.2,5.6
22103,2026-05-01 19:00,8.6,276,2.3,1.4,5.6
22103,2026-05-01 20:00,8.9,291,2,1.3,5.6
22103,2026-05-01 21:00,8.7,296,1.7,1.2,5.6
22103,2026-05-01 22:00,7.2,300,1.8,1.2,5.6
22103,2026-05-01 23:00,1.5,230,1.2,1,6.7
22103,2026-05-02 0:00,7.5,285,1.6,0.9,4.8
22103,2026-05-02 1:00,8.1,294,1.5,0.9,6.3
22103,2026-05-02 2:00,4.5,298,1.3,0.8,6.3
22103,2026-05-02 3:00,7,281,1.4,0.9,5.9
22103,2026-05-02 4:00,5.9,282,1,0.8,4
22103,2026-05-02 5:00,5.6,273,1,0.7,5.6
22103,2026-05-02 6:00,6.5,292,1,0.7,5.3
22103,2026-05-02 7:00,4.3,284,1,0.7,5.3
22103,2026-05-02 8:00,4,304,1,0.7,5.3
22103,2026-05-02 9:00,4.3,281,0.9,0.6,5
22103,2026-05-02 10:00,4.8,267,0.9,0.6,5.3
22103,2026-05-02 11:00,3,272,0.8,0.5,5.6
22103,2026-05-02 12:00,3.9,281,0.7,0.5,5
22103,2026-05-02 13:00,4.2,259,0.6,0.5,5.3
22103,2026-05-02 14:00,3.4,259,0.8,0.5,7.1
22103,2026-05-02 15:00,2.7,259,0.7,0.5,5
22103,2026-05-02 16:00,1.9,278,0.7,0.5,4.8
22103,2026-05-02 17:00,1.8,301,0.6,0.4,4.8
22103,2026-05-02 18:00,1.8,210,0.6,0.4,4.8
22103,2026-05-02 19:00,2.6,206,0.7,0.4,4.5
22103,2026-05-02 20:00,2.5,187,0.6,0.4,4.8
22103,2026-05-02 21:00,1.4,153,0.7,0.4,4.5
22103,2026-05-02 22:00,2.5,178,0.6,0.4,4.5
22103,2026-05-02 23:00,2.6,194,0.6,0.4,5
22103,2026-05-03 0:00,4.1,195,0.5,0.4,5
22103,2026-05-03 1:00,4.3,212,0.8,0.5,3.7
22103,2026-05-03 2:00,1.3,189,1,0.6,4.2
22103,2026-05-03 3:00,3.1,130,0.9,0.7,4.2
22103,2026-05-03 4:00,2.9,125,1.1,0.6,3.8
22103,2026-05-03 5:00,5,126,0.9,0.6,3.7
22103,2026-05-03 6:00,5.8,147,1.2,0.7,4.2
22103,2026-05-03 7:00,5.6,179,1.5,0.9,4.3
22103,2026-05-03 8:00,8.1,241,2.1,1.1,4.8
22103,2026-05-03 9:00,7.7,269,1.9,1.4,5.3
22103,2026-05-03 10:00,7.4,271,3.3,1.6,6.3
22103,2026-05-03 11:00,9.4,282,3.2,2.2,7.1
22103,2026-05-03 12:00,9,289,2.8,1.9,7.1
22103,2026-05-03 13:00,8.5,276,3.1,1.9,7.1
22103,2026-05-03 14:00,12.5,285,2.7,1.9,7.1
22103,2026-05-03 15:00,12.5,280,3.3,2,7.1
22103,2026-05-03 16:00,9.6,286,2.9,1.8,7.1
22103,2026-05-03 17:00,10.5,280,3.2,1.8,6.7
22103,2026-05-03 18:00,9,285,2.9,1.9,5.6
22103,2026-05-03 19:00,10.3,291,2.8,1.9,6.7
22103,2026-05-03 20:00,8,293,2.7,1.9,6.7
22103,2026-05-03 21:00,8.8,292,2.5,1.7,5.9
22103,2026-05-03 22:00,7.9,282,3.1,1.8,6.3
22103,2026-05-03 23:00,7.6,277,2.7,1.7,6.3
22103,2026-05-04 0:00,9.4,280,2.8,1.6,7.7
22103,2026-05-04 1:00,10.4,297,2.7,1.5,5.9
22103,2026-05-04 2:00,11.7,295,2.5,1.5,7.7
22103,2026-05-04 3:00,10.1,293,2.3,1.5,7.1
22103,2026-05-04 4:00,9.6,292,2.7,1.6,6.7
22103,2026-05-04 5:00,11.8,302,2.6,1.7,5
22103,2026-05-04 6:00,9.7,307,2.5,1.7,5.9
22103,2026-05-04 7:00,10.4,296,2.7,1.6,5.6
22103,2026-05-04 8:00,10.1,297,2.1,1.5,6.3
22103,2026-05-04 9:00,8.5,294,2,1.4,7.1
22103,2026-05-04 10:00,7.5,284,2.1,1.3,5.9
22103,2026-05-04 11:00,8.2,278,2.2,1.4,6.7
22103,2026-05-04 12:00,7.7,277,1.7,1.2,7.1
22103,2026-05-04 13:00,9.8,281,2,1.1,7.1
22103,2026-05-04 14:00,8.6,278,1.8,1.2,4.5
22103,2026-05-04 15:00,9,277,1.6,1.1,7.7
22103,2026-05-04 16:00,10.3,277,1.6,1.1,4
22103,2026-05-04 17:00,9.6,281,1.9,1.2,4.2
22103,2026-05-04 18:00,8.7,282,1.6,1.1,4.8
22103,2026-05-04 19:00,7.5,286,1.5,1.1,4.8
22103,2026-05-04 20:00,8,288,1.3,1,4.8
22103,2026-05-04 21:00,7.5,283,1.4,0.9,4.8
22103,2026-05-04 22:00,6.2,298,1.5,1,4.8
22103,2026-05-04 23:00,5.8,309,1.3,0.9,5
22103,2026-05-05 0:00,6.3,301,1.6,0.9,7.1
22103,2026-05-05 1:00,5.5,306,1.3,0.8,5
22103,2026-05-05 2:00,5.4,316,1,0.8,6.3
22103,2026-05-05 3:00,4.4,295,1,0.7,6.3
22103,2026-05-05 4:00,4.3,301,0.9,0.6,6.3
22103,2026-05-05 5:00,2.7,302,0.9,0.6,6.7
22103,2026-05-05 6:00,2.6,287,0.8,0.6,6.3
22103,2026-05-05 7:00,2.9,309,0.8,0.5,6.7
22103,2026-05-05 8:00,1.9,311,0.7,0.5,6.3
22103,2026-05-05 9:00,1.1,291,0.7,0.5,5.6
22103,2026-05-05 10:00,0.8,295,0.7,0.5,6.3
22103,2026-05-05 11:00,0.4,281,0.7,0.5,6.3
22103,2026-05-05 12:00,0.8,188,0.8,0.5,6.3
22103,2026-05-05 13:00,1.1,131,0.6,0.4,6.3
22103,2026-05-05 14:00,1.4,149,0.6,0.4,6.3
22103,2026-05-05 15:00,1.7,167,0.6,0.4,6.3
22103,2026-05-05 16:00,2.4,189,0.6,0.4,6.3
22103,2026-05-05 17:00,3.1,192,0.6,0.4,5.9
22103,2026-05-05 18:00,3.4,200,0.7,0.4,6.7
22103,2026-05-05 19:00,3.8,206,0.6,0.4,7.7
22103,2026-05-05 20:00,4.4,224,0.7,0.5,3.1
22103,2026-05-05 21:00,4,216,1,0.5,3.7
22103,2026-05-05 22:00,3.4,220,0.8,0.6,3.4
22103,2026-05-05 23:00,3.5,217,1,0.6,4
22103,2026-05-06 0:00,3.3,200,0.9,0.6,3.7
22103,2026-05-06 1:00,4.4,219,0.9,0.6,3.8
22103,2026-05-06 2:00,4.2,221,1,0.6,3.8
22103,2026-05-06 3:00,3.7,222,1,0.7,4
22103,2026-05-06 4:00,1.7,257,1,0.7,4.2
22103,2026-05-06 5:00,1.9,235,1,0.7,4.2
22103,2026-05-06 6:00,1.4,258,0.9,0.6,3.7
22103,2026-05-06 7:00,1,259,0.7,0.5,4
22103,2026-05-06 8:00,0.9,31,0.7,0.5,3.7
22103,2026-05-06 9:00,1.3,43,0.7,0.5,3.4
22103,2026-05-06 10:00,2.2,99,0.6,0.5,3.7
22103,2026-05-06 11:00,1.9,67,0.6,0.4,3.8
22103,2026-05-06 12:00,2.2,43,0.5,0.4,3.7
22103,2026-05-06 13:00,2.5,50,0.5,0.4,3.4
22103,2026-05-06 14:00,2.6,83,0.6,0.3,3.7
22103,2026-05-06 15:00,1.3,84,0.5,0.3,10
22103,2026-05-06 16:00,1.2,129,0.5,0.4,9.1
22103,2026-05-06 17:00,1.8,135,0.5,0.3,10.5
22103,2026-05-06 18:00,1.8,148,0.5,0.3,10
22103,2026-05-06 19:00,1.5,156,0.5,0.3,10
22103,2026-05-06 20:00,0.9,170,0.6,0.3,10.5
22103,2026-05-06 21:00,2,185,0.4,0.3,11.1
22103,2026-05-06 22:00,2.1,188,0.5,0.3,10
22103,2026-05-06 23:00,1.3,155,0.4,0.3,9.1
22103,2026-05-07 0:00,0.7,145,0.5,0.3,10
22103,2026-05-07 1:00,0.4,67,0.5,0.3,9.1
22103,2026-05-07 2:00,0.8,76,0.5,0.4,9.1
22103,2026-05-07 3:00,1.2,85,0.5,0.3,10.5
22103,2026-05-07 4:00,1.7,76,0.5,0.3,9.1
22103,2026-05-07 5:00,2,73,0.6,0.4,10
22103,2026-05-07 6:00,1.3,69,0.5,0.3,9.1
22103,2026-05-07 7:00,1.9,19,0.5,0.3,5.3
22103,2026-05-07 8:00,1.9,68,0.5,0.3,4.5
22103,2026-05-07 9:00,2.7,69,0.5,0.4,10
22103,2026-05-07 10:00,2.4,60,0.6,0.4,9.1
22103,2026-05-07 11:00,2.2,76,0.6,0.4,5.3
22103,2026-05-07 12:00,2.5,79,0.7,0.4,5.3
22103,2026-05-07 13:00,2.2,84,0.7,0.4,5.3
22103,2026-05-07 14:00,1.4,99,0.6,0.4,5
22103,2026-05-07 15:00,1.3,109,0.5,0.4,4.5
22103,2026-05-07 16:00,0.4,127,0.6,0.4,4.8
22103,2026-05-07 17:00,0.4,347,0.6,0.4,9.1
22103,2026-05-07 18:00,1.9,299,0.7,0.5,6.3
22103,2026-05-07 19:00,2.7,261,0.6,0.4,10.5
22103,2026-05-07 20:00,4.5,276,0.7,0.4,5.9
22103,2026-05-07 21:00,6.7,265,0.6,0.4,10.5
22103,2026-05-07 22:00,9,272,0.8,0.5,5.6
22103,2026-05-07 23:00,9.2,278,1,0.6,3
22103,2026-05-08 0:00,5.1,276,1,0.7,4
22103,2026-05-08 1:00,6.5,292,1.1,0.7,4.5
22103,2026-05-08 2:00,7.7,294,1.2,0.8,4.3
22103,2026-05-08 3:00,7.6,300,1.2,0.9,4.8
22103,2026-05-08 4:00,9.8,304,1.2,0.8,4.5
22103,2026-05-08 5:00,7.8,313,1.4,0.9,4.2
22103,2026-05-08 6:00,6.2,322,1.3,0.9,4.3
22103,2026-05-08 7:00,5.9,303,1.5,1,4.2
22103,2026-05-08 8:00,8,304,1.3,0.9,4
22103,2026-05-08 9:00,7.7,308,1.2,0.8,4.2
22103,2026-05-08 10:00,6.3,321,1.2,0.8,3.7
22103,2026-05-08 11:00,7.4,322,1.2,0.8,3.4
22103,2026-05-08 12:00,6.1,312,1.2,0.8,3.4
22103,2026-05-08 19:00,8.2,314,1.4,0.9,3.3
22103,2026-05-08 20:00,6.7,305,1.5,0.9,3.3
22103,2026-05-08 21:00,6.2,298,1.3,0.9,4.5
22103,2026-05-08 22:00,5.7,296,1.1,0.9,4.3
22103,2026-05-08 23:00,7.1,302,1.1,0.8,4.3
22103,2026-05-09 0:00,8.1,305,1.1,0.8,4.3
22103,2026-05-09 1:00,6,312,1.1,0.7,4.3
22103,2026-05-09 2:00,5.6,309,0.9,0.6,4.3
22103,2026-05-09 3:00,6,316,0.8,0.6,4.2
22103,2026-05-09 4:00,5.7,322,1,0.6,3.8
22103,2026-05-09 5:00,5,326,0.8,0.6,3.1
22103,2026-05-09 6:00,4.5,333,0.7,0.5,3.4
22103,2026-05-09 7:00,4.6,336,0.8,0.5,3.1
22103,2026-05-09 8:00,3.8,348,0.6,0.5,3.2
22103,2026-05-09 9:00,3.6,349,0.6,0.5,3.4
22103,2026-05-09 10:00,2.4,347,0.6,0.4,3.3
22103,2026-05-09 11:00,2.4,358,0.7,0.4,7.1
22103,2026-05-09 12:00,1.9,1,0.5,0.4,6.3
22103,2026-05-09 13:00,1.1,24,0.6,0.3,6.7
22103,2026-05-09 14:00,0,288,0.5,0.4,6.3
22103,2026-05-09 15:00,0.6,161,0.5,0.4,5.9
22103,2026-05-09 16:00,2.6,206,0.5,0.4,5.6
22103,2026-05-09 17:00,3.3,203,0.6,0.4,6.3
22103,2026-05-09 18:00,3.3,214,0.6,0.4,6.3
22103,2026-05-09 19:00,2.7,226,0.6,0.4,5.3
22103,2026-05-09 20:00,2.1,298,0.5,0.3,5.3
22103,2026-05-09 21:00,2.1,299,0.5,0.3,5.9
22103,2026-05-09 22:00,2.2,312,0.5,0.3,5.9
22103,2026-05-09 23:00,2.2,297,0.5,0.4,10
22103,2026-05-10 0:00,2.5,274,0.5,0.3,4.5
22103,2026-05-10 1:00,1.9,305,0.5,0.3,9.1
22103,2026-05-10 2:00,0.2,284,0.5,0.3,10
22103,2026-05-10 3:00,0.5,231,0.5,0.3,9.1
22103,2026-05-10 4:00,1.3,165,0.5,0.3,9.1
22103,2026-05-10 5:00,0.7,159,0.5,0.3,8.3
22103,2026-05-10 6:00,1.1,158,0.5,0.3,8.3
22103,2026-05-10 7:00,1.8,135,0.5,0.3,8.3
22103,2026-05-10 8:00,2.1,137,0.5,0.3,8.3
22103,2026-05-10 9:00,2.1,133,0.6,0.4,9.1
22103,2026-05-10 10:00,2.1,121,0.5,0.4,10
22103,2026-05-10 11:00,2.1,122,0.5,0.4,10
22103,2026-05-10 12:00,2.4,116,0.5,0.4,10
22103,2026-05-10 13:00,2.7,156,0.5,0.4,10
22103,2026-05-10 14:00,3.1,162,0.5,0.3,9.1
22103,2026-05-10 15:00,3.2,164,0.6,0.4,8.3
22103,2026-05-10 16:00,3.1,158,0.6,0.4,9.1
22103,2026-05-10 17:00,2.8,155,0.7,0.4,9.1
22103,2026-05-10 18:00,2.1,145,0.8,0.5,9.1
22103,2026-05-10 19:00,1.9,148,0.7,0.4,10
22103,2026-05-10 20:00,1.9,126,0.7,0.5,9.1
22103,2026-05-10 21:00,2.6,137,0.7,0.5,10
22103,2026-05-10 22:00,2,138,0.7,0.5,10
22103,2026-05-10 23:00,2.4,134,0.9,0.5,10
22103,2026-05-11 0:00,1.9,184,0.7,0.5,10
22103,2026-05-11 1:00,2.2,198,0.6,0.5,10
22103,2026-05-11 2:00,1.6,150,0.7,0.5,10
22103,2026-05-11 3:00,2.3,134,0.8,0.5,10.5
22103,2026-05-11 4:00,2.6,127,0.9,0.6,10
22103,2026-05-11 5:00,1.8,47,1.2,0.7,4.3
22103,2026-05-11 6:00,2.3,106,1.1,0.7,4.3
22103,2026-05-11 7:00,2.7,144,1.2,0.7,4.8
22103,2026-05-11 8:00,0.9,184,1.1,0.8,4.8
22103,2026-05-11 9:00,3.1,154,1,0.7,4.5
22103,2026-05-11 10:00,3.6,157,1.4,0.8,4.8
22103,2026-05-11 11:00,2.9,149,1.3,0.8,5
22103,2026-05-11 12:00,2.7,154,1,0.7,5
22103,2026-05-11 13:00,3.2,149,1.2,0.8,5.3
22103,2026-05-11 14:00,3.1,140,1.3,0.8,10
22103,2026-05-11 15:00,2.8,165,1,0.7,4.5
22103,2026-05-11 16:00,3.6,169,1,0.7,4.5
22103,2026-05-11 17:00,3.5,169,1,0.7,4.5
22103,2026-05-11 18:00,3.4,183,1.2,0.8,4.8
22103,2026-05-11 19:00,2.8,187,1.1,0.8,4.8
22103,2026-05-11 20:00,2.6,178,1.1,0.7,4.5
22103,2026-05-11 21:00,4.7,188,1.1,0.7,4
22103,2026-05-11 22:00,4.5,201,1,0.7,4.8
22103,2026-05-11 23:00,4.4,203,1.2,0.8,4.8
22103,2026-05-12 0:00,3.3,214,1.3,0.8,5.6
22103,2026-05-12 1:00,3.4,229,1.2,0.8,5.6
22103,2026-05-12 2:00,3.5,225,1.4,0.8,5.6
22103,2026-05-12 3:00,2.2,202,1.1,0.8,5.9
22103,2026-05-12 4:00,2.2,189,1.4,0.7,5.6
22103,2026-05-12 5:00,2.3,147,0.9,0.7,5
22103,2026-05-12 6:00,3.2,143,1.1,0.7,5.3
22103,2026-05-12 7:00,3.7,162,1.1,0.7,5.3
22103,2026-05-12 8:00,3.8,141,1,0.7,5
22103,2026-05-12 9:00,4.8,170,1.1,0.7,5.6
22103,2026-05-12 10:00,5.6,178,1.2,0.8,5.6
22103,2026-05-12 11:00,9.7,323,1.6,0.9,7.1
22103,2026-05-12 12:00,6.2,37,1.6,1,6.7
22103,2026-05-12 13:00,6.4,87,2.1,1.2,6.7
22103,2026-05-12 14:00,4.3,110,1.8,1.2,6.7
22103,2026-05-12 15:00,0.6,118,1.6,1.1,5.6
22103,2026-05-12 16:00,0.3,348,1.8,1.2,7.1
22103,2026-05-12 17:00,2.3,283,1.9,1.1,5.9
22103,2026-05-12 18:00,3.5,264,1.8,1,6.7
22103,2026-05-12 19:00,2.3,308,1.4,1,5.6
22103,2026-05-12 20:00,2.2,260,1.2,0.8,7.1
22103,2026-05-12 21:00,2.6,288,1.3,0.8,6.7
22103,2026-05-12 22:00,1.1,318,1.2,0.8,7.7
22103,2026-05-12 23:00,2.7,296,1,0.7,6.3
22103,2026-05-13 0:00,3.2,289,1,0.7,10
22103,2026-05-13 1:00,4.2,286,1.1,0.7,7.1
22103,2026-05-13 2:00,2.2,279,1.2,0.7,6.3
22103,2026-05-13 3:00,4.4,323,0.9,0.6,7.1
22103,2026-05-13 4:00,2.8,311,0.8,0.6,9.1
22103,2026-05-13 5:00,2,332,1.1,0.6,10
22103,2026-05-13 6:00,1.8,310,0.8,0.5,9.1
22103,2026-05-13 7:00,2.2,235,0.8,0.5,10
22103,2026-05-13 8:00,2.6,300,0.8,0.5,10
22103,2026-05-13 9:00,1.8,302,0.9,0.6,9.1
22103,2026-05-13 10:00,2,320,0.8,0.5,10
22103,2026-05-13 11:00,2.3,334,0.8,0.5,10
22103,2026-05-13 12:00,1.7,329,0.9,0.5,10
22103,2026-05-13 13:00,2.5,283,0.9,0.5,10
22103,2026-05-13 14:00,1,295,0.8,0.5,10.5
22103,2026-05-13 15:00,1.8,305,0.9,0.6,9.1
22103,2026-05-13 16:00,1,51,0.9,0.5,10
22103,2026-05-13 17:00,1.1,169,1,0.5,9.1
22103,2026-05-13 18:00,1.8,234,0.7,0.5,10
22103,2026-05-13 19:00,2.8,237,0.8,0.5,10
22103,2026-05-13 20:00,3.5,265,0.9,0.5,9.1
22103,2026-05-13 21:00,0.9,261,1,0.6,10
22103,2026-05-13 22:00,0.7,215,0.8,0.5,10
22103,2026-05-13 23:00,0.7,184,0.9,0.5,10
22103,2026-05-14 0:00,1.8,210,0.7,0.5,10.5
22103,2026-05-14 1:00,1.1,212,0.9,0.5,10.5
22103,2026-05-14 2:00,1.3,243,0.8,0.5,10
22103,2026-05-14 3:00,0.8,198,0.7,0.5,10
22103,2026-05-14 4:00,0,0,0.8,0.5,10
22103,2026-05-14 5:00,0.5,26,0.7,0.5,10
22103,2026-05-14 6:00,0.6,141,0.7,0.5,10
22103,2026-05-14 7:00,1.6,111,0.8,0.5,10.5
22103,2026-05-14 8:00,1.2,139,0.8,0.5,9.1
22103,2026-05-14 9:00,0.9,106,0.7,0.5,9.1
22103,2026-05-14 10:00,1.2,102,0.9,0.4,9.1
22103,2026-05-14 11:00,2.8,51,0.6,0.4,10
22103,2026-05-14 12:00,2.9,49,0.6,0.4,9.1
22103,2026-05-14 13:00,4.5,50,0.6,0.4,9.1
22103,2026-05-14 14:00,4.6,64,0.7,0.4,9.1
22103,2026-05-14 15:00,4.2,69,0.7,0.5,9.1
22103,2026-05-14 16:00,7.1,81,0.8,0.5,10
22103,2026-05-14 17:00,8,80,0.9,0.6,10
22103,2026-05-14 18:00,6.3,80,0.9,0.7,3.3
22103,2026-05-14 19:00,7.6,75,1.3,0.8,3.7
22103,2026-05-14 20:00,8.8,83,1.6,1,4.5
22103,2026-05-14 21:00,8.4,86,1.5,1.1,4.5
22103,2026-05-14 22:00,10,75,1.8,1.1,5.3
22103,2026-05-14 23:00,6.9,67,2.2,1,5.6
22103,2026-05-15 0:00,7.5,76,1.8,1,5.9
22103,2026-05-15 1:00,5.7,66,1.5,1,6.3
22103,2026-05-15 2:00,10.1,65,1.9,1.2,6.3
22103,2026-05-15 3:00,9,65,2.4,1.5,6.3
22103,2026-05-15 4:00,9.2,62,2.4,1.4,6.3
22103,2026-05-15 5:00,8.2,67,2.4,1.5,6.3
22103,2026-05-15 6:00,8,71,2.5,1.5,6.3
22103,2026-05-15 7:00,7.6,58,2.3,1.4,6.3
22103,2026-05-15 8:00,7.9,71,1.6,1.3,6.7
22103,2026-05-15 9:00,5.6,70,1.8,1.2,6.7
22103,2026-05-15 10:00,7.6,71,1.9,1.2,6.7
22103,2026-05-15 11:00,6.8,66,2,1.2,6.3
22103,2026-05-15 12:00,7.6,67,1.8,1.3,6.3
22103,2026-05-15 13:00,8.1,74,1.7,1.3,6.7
22103,2026-05-15 14:00,7.1,64,1.6,1.3,6.7
22103,2026-05-15 15:00,7.3,65,1.8,1.2,6.7
22103,2026-05-15 16:00,6.6,59,1.7,1.2,6.3
22103,2026-05-15 17:00,6.4,68,1.8,1.1,5.9
22103,2026-05-15 18:00,6.4,86,1.9,1.2,6.7
22103,2026-05-15 19:00,5,82,1.7,1.1,5.9
22103,2026-05-15 20:00,3.4,58,1.4,1,5.6
22103,2026-05-15 21:00,4.2,75,1.5,0.9,5.3
22103,2026-05-15 22:00,0.8,328,1.2,0.8,5.9
22103,2026-05-15 23:00,2.4,58,1.2,0.9,6.7
22103,2026-05-16 0:00,2.5,46,1.3,0.7,6.3
22103,2026-05-16 1:00,3,40,1,0.7,6.3
22103,2026-05-16 2:00,3,63,0.9,0.6,5.9
22103,2026-05-16 3:00,3,69,1.1,0.6,6.3
22103,2026-05-16 4:00,1.7,349,0.8,0.6,5.3
22103,2026-05-16 5:00,0.9,7,0.8,0.5,5
22103,2026-05-16 6:00,0.3,265,0.7,0.5,5.3
22103,2026-05-16 7:00,1.5,349,0.8,0.6,5.9
22103,2026-05-16 8:00,1,11,0.7,0.5,8.3
22103,2026-05-16 9:00,2.3,344,0.7,0.5,9.1
22103,2026-05-16 10:00,1.7,348,0.7,0.5,9.1
22103,2026-05-16 11:00,1.6,324,0.8,0.5,8.3
22103,2026-05-16 12:00,2.3,335,0.8,0.5,9.1
22103,2026-05-16 13:00,1.1,333,0.7,0.4,8.3
22103,2026-05-16 14:00,0,324,0.7,0.4,8.3
22103,2026-05-16 15:00,0,228,0.7,0.4,8.3
22103,2026-05-16 16:00,1.8,218,0.6,0.4,9.1
22103,2026-05-16 17:00,3.6,217,0.7,0.4,10
22103,2026-05-16 18:00,3.4,233,0.8,0.5,6.7
22103,2026-05-16 19:00,3.2,253,0.7,0.5,6.7
22103,2026-05-16 20:00,3.4,270,0.8,0.5,6.7
22103,2026-05-16 21:00,3.2,286,0.7,0.5,6.3
22103,2026-05-16 22:00,3.9,268,0.8,0.4,7.1
22103,2026-05-16 23:00,3.5,265,0.8,0.5,6.7
22103,2026-05-17 0:00,4.1,264,0.8,0.5,7.1
22103,2026-05-17 1:00,3.1,261,0.8,0.5,7.7
22103,2026-05-17 2:00,4.1,269,0.8,0.5,7.1
22103,2026-05-17 3:00,4.7,270,0.7,0.5,7.7
22103,2026-05-17 4:00,4.7,274,0.8,0.5,6.7
22103,2026-05-17 5:00,3.7,279,1,0.5,7.7
22103,2026-05-17 6:00,2.9,277,0.9,0.5,7.1
22103,2026-05-17 7:00,3.3,271,1,0.5,7.7
22103,2026-05-17 8:00,3.9,276,0.8,0.5,7.7
22103,2026-05-17 9:00,2.7,305,0.9,0.5,8.3
22103,2026-05-17 10:00,1.8,333,0.8,0.5,7.7
22103,2026-05-17 11:00,0.9,241,0.8,0.5,7.1
22103,2026-05-17 12:00,3.7,266,0.8,0.5,7.1
22103,2026-05-17 13:00,3.7,263,0.8,0.5,7.7
22103,2026-05-17 14:00,3.5,262,0.8,0.5,7.1
22103,2026-05-17 15:00,4,265,0.7,0.5,7.7
22103,2026-05-17 16:00,3.3,267,0.7,0.4,7.7
22103,2026-05-17 17:00,2.8,258,0.8,0.5,7.1
22103,2026-05-17 18:00,2.7,246,0.7,0.4,8.3
22103,2026-05-17 19:00,2.4,248,0.7,0.5,8.3
22103,2026-05-17 20:00,2.9,223,0.7,0.5,8.3
22103,2026-05-17 21:00,3.4,221,0.7,0.4,8.3
22103,2026-05-17 22:00,2.2,229,0.6,0.4,8.3
22103,2026-05-17 23:00,2.8,281,0.7,0.4,7.7
22103,2026-05-18 0:00,2.7,271,0.7,0.5,7.7
22103,2026-05-18 1:00,3.5,276,0.7,0.5,7.7
22103,2026-05-18 2:00,2.8,296,0.7,0.4,7.7
22103,2026-05-18 3:00,2,316,0.7,0.4,7.7
22103,2026-05-18 4:00,1.5,197,0.6,0.4,7.1
22103,2026-05-18 5:00,2.5,219,0.7,0.4,7.1
22103,2026-05-18 6:00,1.6,209,0.7,0.4,7.7
22103,2026-05-18 7:00,1.3,269,0.7,0.4,9.1
22103,2026-05-18 8:00,1.3,220,0.6,0.4,9.1
22103,2026-05-18 9:00,1.4,320,0.6,0.4,8.3
22103,2026-05-18 10:00,1.6,13,0.7,0.4,8.3
22103,2026-05-18 11:00,1.7,53,0.7,0.4,8.3
22103,2026-05-18 12:00,1.6,65,0.7,0.4,8.3
22103,2026-05-18 13:00,0.8,79,0.6,0.4,8.3
22103,2026-05-18 14:00,1.2,109,0.6,0.4,8.3
22103,2026-05-18 15:00,2.2,140,0.6,,7.7
22103,2026-05-18 16:00,2.8,139,0.8,,8.3
22103,2026-05-18 17:00,2.1,146,0.6,,7.7
22103,2026-05-18 18:00,1,97,0.6,,8.3
22103,2026-05-18 19:00,2.1,75,0.8,,7.7
22103,2026-05-18 20:00,2.9,118,0.6,,7.1
22103,2026-05-18 21:00,3.4,132,0.6,,9.1
22103,2026-05-18 22:00,3.1,136,0.6,,9.1
22103,2026-05-18 23:00,3,147,0.6,0.3,7.1
22103,2026-05-19 0:00,2.6,145,0.5,0.4,8.3
22103,2026-05-19 1:00,2.5,121,0.6,0.4,8.3
22103,2026-05-19 2:00,2.1,110,0.6,0.3,7.7
22103,2026-05-19 3:00,1.3,95,0.5,0.4,7.7
22103,2026-05-19 4:00,1.8,117,0.6,0.4,8.3
22103,2026-05-19 5:00,2.6,124,0.6,0.4,7.7
22103,2026-05-19 6:00,2.3,110,0.7,0.4,7.7
22103,2026-05-19 7:00,2.6,97,0.6,0.4,7.7
22103,2026-05-19 8:00,3.5,88,0.6,0.4,7.1
22103,2026-05-19 9:00,3.5,93,0.8,0.4,7.7
22103,2026-05-19 10:00,2.8,83,0.8,0.5,3.1
22103,2026-05-19 11:00,2.1,92,0.9,0.6,3.3
22103,2026-05-19 12:00,2.7,86,0.8,0.7,3.7
22103,2026-05-19 13:00,2.2,87,1.6,0.8,4.3
22103,2026-05-19 14:00,1.8,77,1.3,0.8,4.3
22103,2026-05-19 15:00,1.8,61,1.6,1,6.3
22103,2026-05-19 16:00,3.1,68,1.6,1,5.3
22103,2026-05-19 17:00,4.3,63,1.6,1,5.3
22103,2026-05-19 18:00,4.9,81,1.4,0.9,6.3
22103,2026-05-19 19:00,4.8,92,1.7,0.9,6.7
22103,2026-05-19 20:00,4.8,99,1.9,1,6.7
22103,2026-05-19 21:00,3.8,82,1.6,0.9,6.3
22103,2026-05-19 22:00,5.2,101,1.4,1,6.3
22103,2026-05-19 23:00,3.5,89,1.5,1,5.9
22103,2026-05-20 0:00,4.9,73,1.4,1,7.1
22103,2026-05-20 1:00,6.4,78,1.5,1,8.3
22103,2026-05-20 2:00,6.4,81,1.3,1,6.3
22103,2026-05-20 3:00,5.5,72,1.5,1,8.3
22103,2026-05-20 4:00,6.8,61,1.7,1.1,7.7
22103,2026-05-20 5:00,7,69,1.9,1.2,7.1
22103,2026-05-20 6:00,7.7,79,1.9,1.3,6.3
22103,2026-05-20 7:00,9.6,84,2.1,1.3,5
22103,2026-05-20 8:00,7.5,89,2,1.4,5.3
22103,2026-05-20 9:00,6.9,87,1.9,1.4,4.8
22103,2026-05-20 10:00,7.7,84,1.9,1.4,4.8
22103,2026-05-20 11:00,6.6,66,2,1.3,4.8
22103,2026-05-20 12:00,6.3,59,1.9,1.3,4.8
22103,2026-05-20 13:00,5.8,92,2.3,1.2,5
22103,2026-05-20 14:00,5.2,81,1.9,1.2,5.3
22103,2026-05-20 15:00,3.6,85,1.8,1.2,5.9
22103,2026-05-20 16:00,4.6,85,1.8,1.3,5.6
22103,2026-05-20 17:00,4.3,89,1.7,1.2,5.9
22103,2026-05-20 18:00,3.6,95,2.1,1.2,5.9
22103,2026-05-20 19:00,3.7,90,1.9,1.2,5.9
22103,2026-05-20 20:00,2.9,98,1.9,1.3,5.9
22103,2026-05-20 21:00,3.5,175,2,1.2,5.3
22103,2026-05-20 22:00,3.5,134,1.9,1.2,6.3
22103,2026-05-20 23:00,5.3,166,2,1.2,5.3
22103,2026-05-21 0:00,8.7,192,2.9,1.3,5.6
22103,2026-05-21 1:00,7.5,220,2,1.4,5.6
22103,2026-05-21 2:00,8.1,224,2.4,1.3,4.8
22103,2026-05-21 3:00,5.7,250,2.1,1.4,5
22103,2026-05-21 4:00,5.2,269,2.1,1.4,4.8
22103,2026-05-21 5:00,7.1,282,2,1.3,5.3
22103,2026-05-21 6:00,5.4,272,1.7,1.2,5
22103,2026-05-21 7:00,6.7,272,2.4,1.2,5
22103,2026-05-21 8:00,4.2,262,2.2,1.1,5.6
22103,2026-05-21 9:00,7.8,300,1.6,1.1,5
22103,2026-05-21 10:00,5.6,293,1.7,1.1,5.9
22103,2026-05-21 11:00,2.9,252,1.7,1.1,5.6
22103,2026-05-21 12:00,5,286,1.6,1,5.6
22103,2026-05-21 13:00,5.9,286,1.4,1,5
22103,2026-05-21 14:00,6.2,284,1.4,1,5.3
22103,2026-05-21 15:00,7.2,278,1.9,1,5
22103,2026-05-21 16:00,6.5,276,1.4,1,4.5
22103,2026-05-21 17:00,8.6,279,1.4,1,5
22103,2026-05-21 18:00,8.4,280,1.5,1.1,5
22103,2026-05-21 19:00,7.3,278,1.8,1.1,4.8
22103,2026-05-21 20:00,5.9,282,1.4,1,5
22103,2026-05-21 21:00,6.3,282,1.2,0.9,5.9
22103,2026-05-21 22:00,4.7,303,1.4,0.8,5.6
22103,2026-05-21 23:00,3.5,299,1.2,0.8,5.3
22103,2026-05-22 0:00,2.3,294,1.1,0.8,5
22103,2026-05-22 1:00,2,307,1.3,0.8,5.6
22103,2026-05-22 2:00,2.7,335,1.3,0.8,5.6
22103,2026-05-22 3:00,1.5,351,1.2,0.8,5.6
22103,2026-05-22 4:00,2.3,40,1.3,0.8,5.6
22103,2026-05-22 5:00,4.5,80,1.2,0.8,5.6
22103,2026-05-22 6:00,7,78,1.1,0.8,5.9
22103,2026-05-22 7:00,9,82,1.5,0.8,6.3
22103,2026-05-22 8:00,9.1,79,1.3,0.9,5.6
22103,2026-05-22 9:00,9.9,78,1.4,0.9,5.3
22103,2026-05-22 10:00,7.7,85,1.8,1,6.7
22103,2026-05-22 11:00,6.2,85,1.6,1,5.3
22103,2026-05-22 12:00,9.4,76,1.9,1.1,4.8
22103,2026-05-22 13:00,10,70,1.6,1.2,5.9
22103,2026-05-22 14:00,9.9,75,1.9,1.2,5.3
22103,2026-05-22 15:00,9.9,67,1.9,1.3,6.3
22103,2026-05-22 16:00,8.9,79,2.1,1.4,5.9
22103,2026-05-22 17:00,9.9,81,2.5,1.5,6.3
22103,2026-05-22 18:00,8.4,85,2.5,1.5,6.7
22103,2026-05-22 19:00,9,81,2.5,1.4,6.3
22103,2026-05-22 20:00,8,69,2.3,1.5,5.9
22103,2026-05-22 21:00,9.6,80,2.3,1.6,6.3
22103,2026-05-22 22:00,8.4,84,2.4,1.7,6.7
22103,2026-05-22 23:00,7.5,78,2.3,1.6,6.7
22103,2026-05-23 0:00,7.1,68,2.3,1.5,6.3
22103,2026-05-23 1:00,5.9,62,2.2,1.6,6.7
22103,2026-05-23 2:00,6.8,62,2.7,1.4,6.7
22103,2026-05-23 3:00,8.5,63,2.4,1.4,4.8
22103,2026-05-23 4:00,8.5,69,1.9,1.3,6.3
22103,2026-05-23 5:00,8.2,65,1.8,1.3,5.9
22103,2026-05-23 6:00,9.7,72,1.9,1.2,5.6
22103,2026-05-23 7:00,8.4,62,1.9,1.5,5.6
22103,2026-05-23 8:00,8.7,63,2.3,1.3,6.3
22103,2026-05-23 9:00,8,60,2.4,1.2,6.7
22103,2026-05-23 10:00,8.5,55,1.7,1.2,5.9
22103,2026-05-23 11:00,7.3,51,1.8,1.2,6.3
22103,2026-05-23 12:00,5.7,41,1.5,1.1,5.9
22103,2026-05-23 13:00,6.5,57,1.6,1,5.9
22103,2026-05-23 14:00,7.1,60,1.7,1,5.9
22103,2026-05-23 15:00,5.9,63,1.5,1,5.9
22103,2026-05-23 16:00,6.2,66,1.4,1.1,5.9
22103,2026-05-23 17:00,7.7,68,1.9,1.1,5.9
22103,2026-05-23 18:00,6.6,68,1.5,1.1,5.9
22103,2026-05-23 19:00,6.7,69,1.6,1,5.9
22103,2026-05-23 20:00,7.5,76,1.4,1,5.6
22103,2026-05-23 21:00,6.9,83,1.5,1,5.9
22103,2026-05-23 22:00,6.6,80,1.7,1,5.3
22103,2026-05-23 23:00,6.1,83,1.7,1,5.3
22103,2026-05-24 0:00,5.8,84,1.8,1,5.6
22103,2026-05-24 1:00,5.9,81,1.4,1,5.6
22103,2026-05-24 2:00,6.6,83,1.9,1.1,5.6
22103,2026-05-24 3:00,6.3,77,1.9,1.2,5.6
22103,2026-05-24 4:00,5.7,68,1.8,1.1,5.9
22103,2026-05-24 5:00,4.1,51,1.4,1,5.3
22103,2026-05-24 6:00,5.6,57,1.4,0.9,5.9
22103,2026-05-24 7:00,6.1,71,1.2,0.9,5.6
22103,2026-05-24 8:00,5.6,56,1.5,0.9,5.9
22103,2026-05-24 9:00,4.7,52,1.3,0.8,5.6
22103,2026-05-24 10:00,5.7,54,1.2,0.8,5.6
22103,2026-05-24 11:00,6.1,59,1.1,0.8,5.6
22103,2026-05-24 12:00,6.1,64,1.3,0.8,5.3
22103,2026-05-24 13:00,5.9,65,1.3,0.9,5.6
22103,2026-05-24 14:00,6,66,1.5,1,5.6
22103,2026-05-24 15:00,5.6,80,1.2,0.9,5.6
22103,2026-05-24 16:00,6.6,80,1.5,0.9,5.6
22103,2026-05-24 17:00,6.1,74,1.3,0.9,5.3
22103,2026-05-24 18:00,6.9,83,1.1,0.8,5
22103,2026-05-24 19:00,5.4,88,1,0.8,5.6
22103,2026-05-24 20:00,5.2,100,1.4,0.8,5.9
22103,2026-05-24 21:00,4.1,88,1.1,0.8,5.3
22103,2026-05-24 22:00,4.5,79,1.2,0.7,5.6
22103,2026-05-24 23:00,5.3,84,1,0.7,5.6
22103,2026-05-25 0:00,5.6,82,1.2,0.7,5.9
22103,2026-05-25 1:00,5.5,71,1.1,0.7,5
22103,2026-05-25 2:00,5.9,67,1.1,0.7,5
22103,2026-05-25 3:00,6.2,75,1.1,0.7,5.3
22103,2026-05-25 4:00,6.2,87,1.1,0.8,5
22103,2026-05-25 5:00,6.5,70,1.2,0.8,5.3
22103,2026-05-25 6:00,7.4,69,1.3,0.8,5.3
22103,2026-05-25 7:00,7,75,1.2,0.8,4.8
22103,2026-05-25 8:00,6.9,82,1.1,0.8,4.2
22103,2026-05-25 9:00,6.8,85,1,0.7,5.3
22103,2026-05-25 10:00,6.4,81,1,0.7,5
22103,2026-05-25 11:00,5.6,86,1.1,0.7,4.8
22103,2026-05-25 12:00,5.9,83,1,0.7,5.3
22103,2026-05-25 13:00,6.6,84,1.2,0.7,4.5
22103,2026-05-25 14:00,5.7,78,1.1,0.7,4.8
22103,2026-05-25 15:00,4,69,1.4,0.8,5.9
22103,2026-05-25 16:00,5.5,69,1.2,0.9,5.9
22103,2026-05-25 17:00,5.6,89,1.5,0.9,5.6
22103,2026-05-25 18:00,5.3,85,1.4,0.9,5.3
22103,2026-05-25 19:00,4.9,61,1.4,0.9,5.3
22103,2026-05-25 20:00,3.8,64,1.4,0.9,7.1
22103,2026-05-25 21:00,4.1,92,1.5,1,5.9
22103,2026-05-25 22:00,3.9,106,1.3,1,6.3
22103,2026-05-25 23:00,4.6,110,1.8,1,6.7
22103,2026-05-26 0:00,4.2,109,1.5,1,7.1
22103,2026-05-26 1:00,4.1,98,1.7,1.1,7.1
22103,2026-05-26 2:00,4.3,95,1.6,1.1,7.1
22103,2026-05-26 3:00,4.1,90,1.6,1.1,6.7
22103,2026-05-26 4:00,4.7,87,1.8,1.2,7.1
22103,2026-05-26 5:00,3.6,91,1.8,1.1,6.7
22103,2026-05-26 6:00,5.9,88,2,1.1,7.7
22103,2026-05-26 7:00,5,94,1.8,1.2,7.1
22103,2026-05-26 8:00,4.3,84,1.8,1.2,7.1
22103,2026-05-26 9:00,5.7,83,2,1.3,6.7
22103,2026-05-26 10:00,6.9,83,2.2,1.2,7.1
22103,2026-05-26 11:00,7.2,90,2,1.4,7.7
22103,2026-05-26 12:00,7.3,98,2.3,1.4,6.7
22103,2026-05-26 13:00,7,98,2.3,1.6,7.1
22103,2026-05-26 14:00,7.4,90,2.6,1.6,7.7
22103,2026-05-26 15:00,7,98,2.8,1.7,7.1
22103,2026-05-26 16:00,6.4,89,2.8,1.6,7.1
22103,2026-05-26 17:00,5.5,83,2.7,1.8,7.1
22103,2026-05-26 18:00,6.5,85,2.5,1.8,7.1
22103,2026-05-26 19:00,8,79,2.6,1.7,7.1
22103,2026-05-26 20:00,8.8,78,2.6,1.6,6.7
22103,2026-05-26 21:00,9.5,65,2.8,1.7,7.7
22103,2026-05-26 22:00,9.1,63,2.5,1.7,6.7
22103,2026-05-26 23:00,10,68,3,1.6,7.1
22103,2026-05-27 0:00,10.4,65,2.4,1.6,6.7
22103,2026-05-27 1:00,10.9,77,2.9,1.8,5.3
22103,2026-05-27 2:00,10.7,82,3,1.9,6.3
22103,2026-05-27 3:00,10.2,79,2.6,1.8,5.6
22103,2026-05-27 4:00,9.8,81,2.1,1.7,6.7
22103,2026-05-27 5:00,8.8,78,2.7,1.8,6.3
22103,2026-05-27 6:00,9,76,3,1.9,5.9
22103,2026-05-27 7:00,7.6,59,3.5,2.1,5.6
22103,2026-05-27 8:00,7.4,59,4,2,6.7
22103,2026-05-27 9:00,8.1,54,3.6,2.1,6.3
22103,2026-05-27 10:00,8.4,47,3.4,2,7.1
22103,2026-05-27 11:00,8.7,56,2.6,2,5.9
22103,2026-05-27 12:00,8.3,50,3,1.7,5.9
22103,2026-05-27 13:00,7.2,53,2.2,1.7,5.9
22103,2026-05-27 14:00,8.1,60,2.1,1.4,5.9
22103,2026-05-27 15:00,9,58,2.1,1.4,7.7
22103,2026-05-27 16:00,9,48,2.3,1.3,5.9
22103,2026-05-27 17:00,7.9,48,1.9,1.4,5.9
22103,2026-05-27 18:00,6.4,40,2.1,1.3,5.6
22103,2026-05-27 19:00,5.4,44,1.7,1.2,5.9
22103,2026-05-27 20:00,5.5,50,1.8,1.2,5.6
22103,2026-05-27 21:00,6.5,59,1.6,1.1,7.7
22103,2026-05-27 22:00,4.9,57,1.8,1.3,7.1
22103,2026-05-27 23:00,5.2,65,2.3,1.4,6.7
22103,2026-05-28 0:00,4.4,56,2.4,1.5,6.3
22103,2026-05-28 1:00,2.4,15,2.1,1.4,6.7
22103,2026-05-28 2:00,1.5,315,2.1,1.3,6.3
22103,2026-05-28 3:00,2.2,319,2,1.3,6.3
22103,2026-05-28 4:00,2.5,285,2.1,1.2,6.3
22103,2026-05-28 5:00,3,288,2.1,1.1,8.3
22103,2026-05-28 6:00,2.5,284,1.5,1.1,8.3
22103,2026-05-28 7:00,3.3,293,1.4,1,8.3
22103,2026-05-28 8:00,4.2,283,1.6,0.9,8.3
22103,2026-05-28 9:00,4.9,292,1.7,0.9,8.3
22103,2026-05-28 10:00,4.2,287,1.7,0.9,7.7
22103,2026-05-28 11:00,5.6,276,1.3,0.9,9.1
22103,2026-05-28 12:00,5.5,271,1.2,0.9,8.3
22103,2026-05-28 13:00,4.7,283,1.4,0.9,8.3
22103,2026-05-28 14:00,7.4,278,1.2,0.7,7.7
22103,2026-05-28 15:00,9,277,1.4,0.9,8.3
22103,2026-05-28 16:00,8,275,1.3,0.9,8.3
22103,2026-05-28 17:00,7.1,280,1.7,1.1,8.3
22103,2026-05-28 18:00,7.7,272,1.4,1,8.3
22103,2026-05-28 19:00,8.2,287,1.6,1,7.1
22103,2026-05-28 20:00,8.3,286,1.7,1,8.3
22103,2026-05-28 21:00,8.4,297,1.7,1,8.3
22103,2026-05-28 22:00,6,306,1.8,1.1,8.3
22103,2026-05-28 23:00,8.3,300,1.6,1.1,7.7
22103,2026-05-29 0:00,7.1,304,1.6,1.1,7.1
22103,2026-05-29 1:00,7,304,1.5,0.9,7.7
22103,2026-05-29 2:00,5.3,303,1.5,1,7.7
22103,2026-05-29 3:00,7.3,288,1.4,0.9,7.7
22103,2026-05-29 4:00,5.2,282,1.2,0.9,7.7
22103,2026-05-29 5:00,5.7,295,1.4,0.9,8.3
22103,2026-05-29 6:00,6.8,298,1.2,0.8,7.7
22103,2026-05-29 7:00,5.1,280,1.1,0.8,7.1
22103,2026-05-29 8:00,4.9,293,1.2,0.7,7.7
22103,2026-05-29 9:00,5.5,293,1,0.7,7.7
22103,2026-05-29 10:00,4.9,309,1,0.7,7.7
22103,2026-05-29 11:00,3.5,309,1.1,0.8,7.1
22103,2026-05-29 12:00,4,303,1.1,0.7,7.7
22103,2026-05-29 13:00,2.5,312,0.9,0.6,7.7
22103,2026-05-29 14:00,2.8,288,0.7,0.5,7.7
22103,2026-05-29 15:00,2.9,273,0.8,0.6,7.7
22103,2026-05-29 16:00,2.8,259,0.8,0.5,7.7
22103,2026-05-29 17:00,2.5,253,0.7,0.5,7.7
22103,2026-05-29 18:00,3.9,262,0.7,0.5,7.7
22103,2026-05-29 19:00,2.3,251,0.8,0.5,7.7
22103,2026-05-29 20:00,2.5,227,0.7,0.5,7.1
22103,2026-05-29 21:00,3.9,235,0.7,0.5,7.1
22103,2026-05-29 22:00,3.2,208,0.7,0.5,6.7
22103,2026-05-29 23:00,1.5,312,0.7,0.5,7.1
22103,2026-05-30 0:00,1.9,311,0.7,0.5,6.7
22103,2026-05-30 1:00,4,309,0.7,0.5,6.7
22103,2026-05-30 2:00,5.8,306,0.8,0.5,6.7
22103,2026-05-30 3:00,4.5,306,0.7,0.5,6.3
22103,2026-05-30 4:00,5.1,304,0.7,0.5,4.2
22103,2026-05-30 5:00,5.6,297,0.9,0.5,4
22103,2026-05-30 6:00,6.5,309,0.7,0.5,4.3
22103,2026-05-30 7:00,5.4,315,0.8,0.5,2.7
22103,2026-05-30 8:00,4.9,315,1,0.5,3.2
22103,2026-05-30 9:00,5.2,306,0.8,0.5,3.2
22103,2026-05-30 10:00,4.8,289,0.8,0.5,3.6
22103,2026-05-30 11:00,4.7,304,0.8,0.5,3.2
22103,2026-05-30 12:00,4.7,298,0.7,0.5,3.3
22103,2026-05-30 13:00,3.7,284,0.7,0.4,3.4
22103,2026-05-30 14:00,5.1,264,0.6,0.4,3.2
22103,2026-05-30 15:00,5.5,268,0.6,0.4,3.3
22103,2026-05-30 16:00,5.9,273,0.7,0.4,3
22103,2026-05-30 17:00,6.3,281,0.6,0.4,3.2
22103,2026-05-30 18:00,5,278,0.8,0.5,3.4
22103,2026-05-30 19:00,4.2,281,0.6,0.4,3.3
22103,2026-05-30 20:00,5.9,269,0.6,0.4,3.7
22103,2026-05-30 21:00,4.4,288,0.6,0.4,3.7
22103,2026-05-30 22:00,4.1,273,0.6,0.4,3.8
22103,2026-05-30 23:00,6.3,273,0.7,0.5,3.6
22103,2026-05-31 0:00,4.9,273,0.8,0.5,3.4
22103,2026-05-31 1:00,4.1,282,0.7,0.5,3.6
22103,2026-05-31 2:00,3,284,0.7,0.5,3.3
22103,2026-05-31 3:00,4.7,303,0.7,0.5,3.3
22103,2026-05-31 4:00,3.6,284,0.7,0.4,3.3
22103,2026-05-31 5:00,2.9,302,0.6,0.4,3.2
22103,2026-05-31 6:00,1.9,287,0.6,0.4,3.2
22103,2026-05-31 7:00,1.7,302,0.5,0.3,2.9
22103,2026-05-31 8:00,2.4,322,0.5,0.3,3.2
22103,2026-05-31 9:00,1.1,302,0.5,0.3,3.1
22103,2026-05-31 10:00,0.9,349,0.4,0.3,3
22103,2026-05-31 11:00,0.8,318,0.4,0.3,3.1
22103,2026-05-31 12:00,0.7,310,0.4,0.3,2.9
22103,2026-05-31 13:00,0.4,339,0.4,0.3,13.3
22103,2026-05-31 14:00,0.9,295,0.4,0.3,14.3
22103,2026-05-31 15:00,0.9,85,0.4,0.2,12.5
22103,2026-05-31 16:00,1.5,158,0.4,0.3,13.3
22103,2026-05-31 17:00,0.3,182,0.5,0.3,13.3
22103,2026-05-31 18:00,0,0,0.6,0.3,13.3
22103,2026-05-31 19:00,1.9,165,0.7,0.3,12.5
22103,2026-05-31 20:00,3.6,183,0.5,0.4,11.8
22103,2026-05-31 21:00,3.3,179,0.5,0.4,11.8
22103,2026-05-31 22:00,2.4,195,0.7,0.4,11.8
22103,2026-05-31 23:00,1.9,178,0.9,0.6,11.1
22103,2026-06-01 0:00,1.1,156,0.9,0.5,10.5
22103,2026-06-01 1:00,0.7,57,0.9,0.5,14.3
22103,2026-06-01 2:00,1.2,45,0.9,0.5,11.1
22103,2026-06-01 3:00,2.5,47,0.9,0.6,14.3
22103,2026-06-01 4:00,2,81,0.9,0.6,12.5
22103,2026-06-01 5:00,2.4,89,1.2,0.7,13.3
22103,2026-06-01 6:00,3.2,102,1.1,0.7,14.3
22103,2026-06-01 7:00,3.5,111,1.2,0.8,14.3
22103,2026-06-01 8:00,3.5,93,1.7,1.1,14.3
22103,2026-06-01 9:00,3,70,1.5,0.8,13.3
22103,2026-06-01 10:00,2.7,67,1.4,1,13.3
22103,2026-06-01 11:00,2.8,60,1.3,0.8,12.5
22103,2026-06-01 12:00,3.8,74,1.3,0.7,13.3
22103,2026-06-01 13:00,4,63,1,0.8,13.3
22103,2026-06-01 14:00,4,76,1,0.7,12.5
22103,2026-06-01 15:00,4.6,117,1.3,0.8,11.8
22103,2026-06-01 16:00,3.8,113,1.2,0.8,12.5
22103,2026-06-01 17:00,7,112,1.6,0.9,13.3
22103,2026-06-01 18:00,7.3,107,1.6,1,13.3
22103,2026-06-01 19:00,5.3,88,1.8,1.1,13.3
22103,2026-06-01 20:00,5.7,91,2.4,1.3,13.3
22103,2026-06-01 21:00,7.8,83,2.2,1.4,12.5
22103,2026-06-01 22:00,6.5,94,2.4,1.4,14.3
22103,2026-06-01 23:00,5.5,67,2.3,1.4,13.3
22103,2026-06-02 0:00,6.3,63,1.9,1.4,12.5
22103,2026-06-02 1:00,6.6,53,2.2,1.6,13.3
22103,2026-06-02 2:00,8.4,65,2.7,1.8,13.3
22103,2026-06-02 3:00,8.7,72,2.4,1.8,11.1
22103,2026-06-02 4:00,9,60,2.6,1.9,13.3
22103,2026-06-02 5:00,7.8,68,2.8,2,11.8
22103,2026-06-02 6:00,9.2,70,3,2.1,11.1
22103,2026-06-02 7:00,8.7,61,2.8,2,13.3
22103,2026-06-02 8:00,8.8,79,2.8,2,13.3
22103,2026-06-02 9:00,9.8,79,3.3,2.1,14.3
22103,2026-06-02 10:00,10.3,83,3.7,2.2,14.3
22103,2026-06-02 11:00,10.1,82,3.3,2.1,13.3
22103,2026-06-02 12:00,11,79,3,2,14.3
22103,2026-06-02 13:00,10.6,77,4,2.2,13.3
22103,2026-06-02 14:00,8,59,3.6,2.5,13.3
22103,2026-06-02 15:00,8.5,56,3.4,2.4,12.5
22103,2026-06-02 16:00,8,32,3.8,2.5,11.8
22103,2026-06-02 17:00,7.9,25,4.5,2.7,14.3
22103,2026-06-02 18:00,7.2,28,4.8,2.6,14.3
22103,2026-06-02 19:00,5.4,28,3.3,2.4,13.3
22103,2026-06-02 20:00,4.7,13,4.2,2.4,13.3
22103,2026-06-02 21:00,3.7,8,3.7,2.5,13.3
22103,2026-06-02 22:00,3,340,3.6,2.3,11.8
22103,2026-06-02 23:00,2.5,301,2.8,2,11.8
22103,2026-06-03 0:00,3,295,3.2,1.9,11.1
22103,2026-06-03 1:00,3.7,286,2.4,1.7,10.5
22103,2026-06-03 2:00,3.8,292,2.1,1.4,10
22103,2026-06-03 3:00,4.1,298,2,1.3,12.5
22103,2026-06-03 4:00,3,311,1.7,1.3,13.3
22103,2026-06-03 5:00,2.9,292,1.6,1.1,13.3
22103,2026-06-03 6:00,4.7,297,1.5,1,12.5
22103,2026-06-03 7:00,3.5,308,1.6,1,12.5
22103,2026-06-03 8:00,2.8,292,1.3,0.9,12.5
22103,2026-06-03 9:00,1.4,287,1.2,0.8,12.5
22103,2026-06-03 10:00,3,272,1.3,0.8,12.5
22103,2026-06-03 11:00,1.9,290,1.4,0.7,11.8
22103,2026-06-03 12:00,1.3,273,1.3,0.8,11.8
22103,2026-06-03 13:00,2,262,1.2,0.8,11.1
22103,2026-06-03 14:00,1.9,282,1,0.7,11.1
22103,2026-06-03 15:00,0.6,261,1.1,0.8,10.5
22103,2026-06-03 16:00,0.7,54,1.1,0.7,10.5
22103,2026-06-03 17:00,1.1,130,1.2,0.7,10.5
22103,2026-06-03 18:00,1.6,149,1.3,0.7,10
22103,2026-06-03 19:00,2,158,1.3,0.7,10
22103,2026-06-03 20:00,2.4,169,1.1,0.7,9.1
22103,2026-06-03 21:00,3,173,1.3,0.7,9.1
22103,2026-06-03 22:00,2.5,123,1,0.7,9.1
22103,2026-06-03 23:00,2.9,131,1.1,0.7,9.1
22103,2026-06-04 0:00,1.7,97,1,0.6,9.1
22103,2026-06-04 1:00,1.5,91,1.2,0.7,8.3
22103,2026-06-04 2:00,2.3,69,1.3,0.7,8.3
22103,2026-06-04 3:00,2.4,82,1.3,0.7,8.3
22103,2026-06-04 4:00,4,98,1.2,0.7,8.3
22103,2026-06-04 5:00,3.5,96,1,0.6,8.3
22103,2026-06-04 6:00,4.7,92,1.2,0.7,8.3
22103,2026-06-04 7:00,4,86,0.9,0.6,7.7
22103,2026-06-04 8:00,4.1,98,0.9,0.6,8.3
22103,2026-06-04 9:00,5.5,115,0.9,0.7,7.7
22103,2026-06-04 10:00,6.5,129,1.1,0.6,7.7
22103,2026-06-04 11:00,5.6,119,1.1,0.8,7.1
22103,2026-06-04 12:00,5.4,112,1.1,0.8,7.7
22103,2026-06-04 13:00,5.8,109,1.4,0.9,4.2
22103,2026-06-04 14:00,4,77,1.4,0.9,4.5
22103,2026-06-04 15:00,3.9,79,1.5,0.9,4.3
22103,2026-06-04 16:00,6.4,56,1.2,0.8,4.3
22103,2026-06-04 17:00,6.1,66,1.2,0.8,4.3
22103,2026-06-04 18:00,4.4,82,1.3,0.9,4.3
22103,2026-06-04 19:00,3.2,343,1.3,0.8,4.3
22103,2026-06-04 20:00,4.7,345,1.2,0.7,4.2
22103,2026-06-04 21:00,3.1,335,1.3,0.8,4.2
22103,2026-06-04 22:00,3.3,326,1,0.8,6.3
22103,2026-06-04 23:00,3.4,309,1.1,0.7,5.9
22103,2026-06-05 0:00,2.8,273,1.1,0.6,6.3
22103,2026-06-05 1:00,1.3,267,0.9,0.6,5.9
22103,2026-06-05 2:00,4,268,0.9,0.6,5.9
22103,2026-06-05 3:00,3.2,293,0.9,0.6,6.3
22103,2026-06-05 4:00,2.9,301,1,0.6,6.3
22103,2026-06-05 5:00,4.8,283,1,0.6,6.3
22103,2026-06-05 6:00,5.5,280,1,0.7,5.9
22103,2026-06-05 7:00,6,290,1,0.7,5.9
22103,2026-06-05 8:00,6.2,287,0.9,0.6,5.9
22103,2026-06-05 9:00,7.7,307,1,0.7,6.3
22103,2026-06-05 10:00,8,306,1.1,0.7,6.3
22103,2026-06-05 11:00,6.4,300,1,0.7,6.3
22103,2026-06-05 12:00,5.3,294,1.1,0.7,5.9
22103,2026-06-05 13:00,5.3,295,1.1,0.7,3.7
22103,2026-06-05 14:00,5.4,285,1.3,0.8,4
22103,2026-06-05 15:00,6.4,292,1.1,0.8,6.3
22103,2026-06-05 16:00,5.9,282,1.1,0.8,6.7
22103,2026-06-05 17:00,6,287,1.4,0.9,4
22103,2026-06-05 18:00,7.4,292,1.3,1,4.2
22103,2026-06-05 19:00,6,293,1.2,0.9,4.2
22103,2026-06-05 20:00,4.9,316,1.1,0.8,4.3
22103,2026-06-05 21:00,4.6,314,0.9,0.7,4.3
22103,2026-06-05 22:00,5.3,321,0.9,0.7,6.3
22103,2026-06-05 23:00,5.2,313,1.1,0.7,6.7
22103,2026-06-06 0:00,4.9,315,1,0.7,4.2
22103,2026-06-06 1:00,5,324,1,0.7,6.3
22103,2026-06-06 2:00,5.1,336,1,0.7,4.3
22103,2026-06-06 3:00,4.3,338,0.9,0.6,5.9
22103,2026-06-06 4:00,3.2,333,0.8,0.6,3.8
22103,2026-06-06 5:00,2.8,358,0.7,0.5,3.8
22103,2026-06-06 6:00,3.5,23,0.8,0.5,3.3
22103,2026-06-06 7:00,3.9,23,0.7,0.5,3.4
22103,2026-06-06 8:00,3.7,44,0.8,0.5,3.6
22103,2026-06-06 9:00,4.3,44,0.7,0.5,6.7
22103,2026-06-06 10:00,5,49,0.6,0.5,3.6
22103,2026-06-06 11:00,5.7,63,0.6,0.5,3.3
22103,2026-06-06 12:00,5.8,59,1,0.6,3.4
22103,2026-06-06 13:00,7,70,0.7,0.6,3.7
22103,2026-06-06 14:00,6.6,66,0.9,0.7,3.2
22103,2026-06-06 15:00,7.7,75,1.2,0.7,3.7
22103,2026-06-06 16:00,6.9,69,1.2,0.8,4.5
22103,2026-06-06 17:00,7.4,69,1.4,0.9,4.8
22103,2026-06-06 18:00,8.8,78,1.5,1,5
22103,2026-06-06 19:00,8.2,76,1.3,1,5
22103,2026-06-06 20:00,6.9,62,1.8,1,5
22103,2026-06-06 21:00,8.6,73,1.5,1,5.3
22103,2026-06-06 22:00,9.1,72,1.6,1,5.6
22103,2026-06-06 23:00,9.9,71,1.6,1.1,5.3
22103,2026-06-07 0:00,8.7,62,1.7,1.2,5.9
22103,2026-06-07 1:00,10,72,1.6,1.2,5.6
22103,2026-06-07 2:00,9.9,65,2.1,1.4,5.9
22103,2026-06-07 3:00,10.5,66,1.9,1.4,5.6
22103,2026-06-07 4:00,10.5,66,2.1,1.4,5.9
22103,2026-06-07 5:00,10.5,64,2,1.3,5.3
22103,2026-06-07 6:00,10.3,65,1.9,1.3,5.9
22103,2026-06-07 7:00,10.4,64,2.4,1.3,5.3
22103,2026-06-07 8:00,9.8,56,2.1,1.3,5
22103,2026-06-07 9:00,7.3,52,1.9,1.3,5.9
22103,2026-06-07 10:00,6.7,48,1.6,1.1,5.9
22103,2026-06-07 11:00,7.3,42,2.1,1.1,5.9
22103,2026-06-07 12:00,6.7,47,2.1,1.1,5.9
22103,2026-06-07 13:00,6,42,1.5,1.1,5.9
22103,2026-06-07 14:00,4.8,32,1.4,1,5.9
22103,2026-06-07 15:00,5.9,45,1.6,1.1,5.9
22103,2026-06-07 16:00,6,70,1.7,1,6.7
22103,2026-06-07 17:00,5.9,76,1.5,1,7.1
22103,2026-06-07 18:00,6.8,88,1.7,1,6.7
22103,2026-06-07 19:00,5.5,88,1.4,1,5.6
22103,2026-06-07 20:00,5,82,1.6,1,6.3
22103,2026-06-07 21:00,4.5,93,2.2,1,5.9
22103,2026-06-07 22:00,4.4,98,1.9,1.1,6.7
22103,2026-06-07 23:00,4.1,93,1.9,1.2,6.3
22103,2026-06-08 0:00,2,80,2,1.2,5.9
22103,2026-06-08 1:00,2,10,1.9,1.3,9.1
22103,2026-06-08 2:00,2.6,332,1.9,1.3,9.1
22103,2026-06-08 3:00,2.8,331,1.9,1.3,8.3
22103,2026-06-08 4:00,2.3,320,1.8,1.2,7.7
22103,2026-06-08 5:00,2.5,339,1.9,1.2,8.3
22103,2026-06-08 6:00,1.7,314,1.7,1.1,7.7
22103,2026-06-08 7:00,3,181,1.5,1,8.3
22103,2026-06-08 8:00,1.5,229,1.4,0.9,8.3
22103,2026-06-08 9:00,4.6,299,1.3,0.9,8.3
22103,2026-06-08 10:00,3.8,294,1.3,0.8,8.3
22103,2026-06-08 11:00,5.7,295,1.4,0.8,7.7
22103,2026-06-08 12:00,4.7,323,1.1,0.8,8.3
22103,2026-06-08 13:00,4.2,323,1.2,0.8,8.3
22103,2026-06-08 14:00,6.5,323,1.1,0.7,7.1
22103,2026-06-08 16:00,4.4,289,1,0.7,7.1
22103,2026-06-08 17:00,3.7,290,1.2,0.7,8.3
22103,2026-06-08 18:00,4.8,276,1,0.7,7.1
22103,2026-06-08 19:00,4.4,275,1.1,0.7,7.7
22103,2026-06-08 20:00,2.7,273,1.2,0.7,6.7
22103,2026-06-08 21:00,4.1,299,0.9,0.6,8.3
22103,2026-06-08 22:00,4.4,309,1,0.7,8.3
22103,2026-06-08 23:00,5.2,317,0.9,0.6,8.3
22103,2026-06-09 0:00,5.6,324,1,0.7,8.3
22103,2026-06-09 1:00,5.8,329,1,0.6,8.3
22103,2026-06-09 2:00,6.1,338,1,0.7,8.3
22103,2026-06-09 3:00,3.8,348,0.9,0.6,8.3
22103,2026-06-09 4:00,3.8,347,1,0.6,8.3
22103,2026-06-09 5:00,2.9,351,0.8,0.6,7.7
22103,2026-06-09 6:00,2.5,18,0.8,0.5,7.7
22103,2026-06-09 7:00,2.8,26,0.8,0.6,7.7
22103,2026-06-09 8:00,3.8,22,0.8,0.5,7.7
22103,2026-06-09 9:00,3.6,21,0.9,0.5,7.7
22103,2026-06-09 10:00,3.2,26,0.8,0.5,7.7
22103,2026-06-09 11:00,3.3,44,0.8,0.5,4.5
22103,2026-06-09 12:00,3.5,53,1.3,0.6,4.5
22103,2026-06-09 13:00,3.7,44,1,0.7,4.8
22103,2026-06-09 14:00,3.9,56,1,0.6,4.8
22103,2026-06-09 15:00,3,58,0.9,0.6,5
22103,2026-06-09 16:00,3.6,83,1.1,0.6,5
22103,2026-06-09 17:00,2.2,62,0.9,0.6,4.8
22103,2026-06-09 18:00,1.6,72,1.1,0.6,4.8
22103,2026-06-09 19:00,1.2,78,0.9,0.6,5
22103,2026-06-09 20:00,0,348,0.8,0.6,5.3
22103,2026-06-09 21:00,3.9,332,0.7,0.5,5.3
22103,2026-06-09 22:00,2.1,345,0.8,0.5,5.3
22103,2026-06-09 23:00,1.7,334,0.8,0.5,5.6
22103,2026-06-10 0:00,2.5,311,0.7,0.5,5
22103,2026-06-10 1:00,3.2,296,0.7,0.5,5
22103,2026-06-10 2:00,3.1,302,0.6,0.4,4.5
22103,2026-06-10 3:00,3.3,298,0.6,0.4,4.3
22103,2026-06-10 4:00,4.3,305,0.6,0.4,4.8
22103,2026-06-10 5:00,3.4,295,0.6,0.4,4.3
22103,2026-06-10 6:00,3.6,298,0.6,0.4,7.1
22103,2026-06-10 7:00,5.3,314,0.6,0.4,6.7
22103,2026-06-10 8:00,4.5,318,0.6,0.4,2.4
22103,2026-06-10 9:00,4.6,317,0.6,0.4,2.3
22103,2026-06-10 10:00,3.6,318,0.6,0.4,7.1
22103,2026-06-10 11:00,4.3,321,0.5,0.4,2.3
22103,2026-06-10 12:00,2.7,284,0.5,0.4,2.3
22103,2026-06-10 13:00,3.4,317,0.4,0.3,8.3
22103,2026-06-10 14:00,2.6,274,0.5,0.3,8.3
22103,2026-06-10 15:00,4.7,272,0.5,0.3,7.1
22103,2026-06-10 16:00,4.4,264,0.4,0.3,8.3
22103,2026-06-10 17:00,5.2,265,0.5,0.3,8.3
22103,2026-06-10 18:00,4.2,266,0.6,0.4,7.7
22103,2026-06-10 19:00,5.7,264,0.6,0.4,7.1
22103,2026-06-10 20:00,6,270,0.6,0.5,2.9
22103,2026-06-10 21:00,5.4,279,0.9,0.5,3.1
22103,2026-06-10 22:00,5.3,296,0.7,0.5,3
22103,2026-06-10 23:00,5.6,280,0.6,0.5,8.3
22103,2026-06-11 0:00,5.6,292,0.7,0.4,8.3
22103,2026-06-11 1:00,5.9,292,0.6,0.4,9.1
22103,2026-06-11 2:00,4.7,293,0.6,0.4,8.3
22103,2026-06-11 3:00,3,285,0.7,0.4,10
22103,2026-06-11 4:00,5.9,292,0.6,0.4,8.3
22103,2026-06-11 5:00,5.5,286,0.6,0.4,9.1
22103,2026-06-11 6:00,5.1,280,0.7,0.5,8.3
22103,2026-06-11 7:00,4.8,291,0.8,0.5,9.1
22103,2026-06-11 8:00,4.2,290,0.8,0.6,9.1
22103,2026-06-11 9:00,5.9,300,1,0.6,8.3
22103,2026-06-11 10:00,5.2,300,0.9,0.6,9.1
22103,2026-06-11 11:00,5.1,288,0.9,0.5,8.3
22103,2026-06-11 12:00,6.6,277,0.8,0.6,9.1
22103,2026-06-11 13:00,6.8,274,0.8,0.6,9.1
22103,2026-06-11 14:00,7.7,271,1.1,0.6,9.1
22103,2026-06-11 15:00,7.7,274,1,0.6,9.1
22103,2026-06-11 16:00,6.8,262,1,0.7,3.7
22103,2026-06-11 17:00,9.3,277,1.1,0.8,4
22103,2026-06-11 18:00,6.8,278,1.5,0.9,4.3
22103,2026-06-11 19:00,6.9,276,1.2,0.9,4.5
22103,2026-06-11 20:00,7.5,275,1.2,0.9,4.8
22103,2026-06-11 21:00,8.2,283,1.3,0.9,4.8
22103,2026-06-11 22:00,7.4,298,1.4,0.9,4.5
22103,2026-06-11 23:00,6.8,299,1.2,0.8,4.3
22103,2026-06-12 0:00,6,294,1,0.8,4
22103,2026-06-12 1:00,6.5,303,1,0.7,3.7
22103,2026-06-12 2:00,4.4,300,0.9,0.6,3.6
22103,2026-06-12 3:00,4.1,291,0.8,0.6,3.7
22103,2026-06-12 4:00,4.8,294,0.9,0.6,3.7
22103,2026-06-12 5:00,5,287,0.9,0.6,3.8
22103,2026-06-12 6:00,4.6,308,0.7,0.5,3.6
22103,2026-06-12 7:00,4,320,0.7,0.5,8.3
22103,2026-06-12 8:00,4,319,0.7,0.5,8.3
22103,2026-06-12 9:00,3.2,336,0.6,0.4,7.7
22103,2026-06-12 10:00,2.4,342,0.5,0.4,8.3
22103,2026-06-12 11:00,3.4,324,0.5,0.4,8.3
22103,2026-06-12 12:00,1.8,318,0.5,0.3,7.7
22103,2026-06-12 13:00,2.8,248,0.5,0.3,7.7
22103,2026-06-12 14:00,3.5,234,0.4,0.3,7.7
22103,2026-06-12 15:00,4.9,247,0.4,0.3,7.7
22103,2026-06-12 16:00,5.2,243,0.5,0.3,7.7
22103,2026-06-12 17:00,4.8,242,0.6,0.3,7.7
22103,2026-06-12 18:00,4.5,232,0.6,0.4,7.1
22103,2026-06-12 19:00,4.2,227,0.6,0.4,8.3
22103,2026-06-12 20:00,4.7,232,0.5,0.4,8.3
22103,2026-06-12 21:00,4.3,229,0.7,0.4,9.1
22103,2026-06-12 22:00,3.3,232,0.6,0.4,8.3
22103,2026-06-12 23:00,4.6,233,0.8,0.4,8.3
22103,2026-06-13 0:00,2.8,290,0.6,0.4,8.3
22103,2026-06-13 1:00,3.6,274,0.6,0.4,7.7
22103,2026-06-13 2:00,3.9,271,0.6,0.4,9.1
22103,2026-06-13 3:00,1.3,311,0.6,0.4,8.3
22103,2026-06-13 4:00,0.9,286,0.5,0.3,7.7
22103,2026-06-13 5:00,0.5,235,0.6,0.4,8.3
22103,2026-06-13 6:00,1.4,196,0.6,0.4,8.3
22103,2026-06-13 7:00,0.8,205,0.6,0.3,8.3
22103,2026-06-13 8:00,0.7,46,0.5,0.3,8.3
22103,2026-06-13 9:00,1.2,145,0.4,0.3,7.7
22103,2026-06-13 10:00,2.3,97,0.5,0.3,7.1
22103,2026-06-13 11:00,2.3,113,0.5,0.3,7.1
22103,2026-06-13 12:00,2.3,138,0.5,0.3,7.1
22103,2026-06-13 13:00,3.4,136,0.4,0.3,6.7
22103,2026-06-13 14:00,2.5,163,0.5,0.3,7.1
22103,2026-06-13 15:00,2.2,176,0.5,0.3,6.7
22103,2026-06-13 16:00,1.9,157,0.4,0.3,7.7
22103,2026-06-13 17:00,2.3,197,0.6,0.4,7.1
22103,2026-06-13 18:00,2,189,0.6,0.4,6.7
22103,2026-06-13 19:00,2.9,185,0.6,0.4,4.3
22103,2026-06-13 20:00,1.8,166,0.5,0.4,4.8
22103,2026-06-13 21:00,1.9,170,0.6,0.4,6.3
22103,2026-06-13 22:00,2.3,190,0.4,0.4,6.3
22103,2026-06-13 23:00,2.3,210,0.6,0.4,6.7
22103,2026-06-14 0:00,2.5,203,0.7,0.4,6.7
22103,2026-06-14 1:00,1.6,228,0.5,0.4,6.7
22103,2026-06-14 2:00,1,111,0.5,0.4,5.6
22103,2026-06-14 3:00,1.4,20,0.7,0.4,5.3
22103,2026-06-14 4:00,1.9,98,0.6,0.4,4.8
22103,2026-06-14 5:00,2.2,103,0.7,0.4,5.6
22103,2026-06-14 6:00,2.6,98,0.6,0.4,5
22103,2026-06-14 7:00,2.3,100,0.6,0.4,5.3
22103,2026-06-14 8:00,1.8,71,0.6,0.4,4.8
22103,2026-06-14 9:00,1.5,74,0.6,0.3,6.3
22103,2026-06-14 10:00,2.6,76,0.5,0.3,5.6
22103,2026-06-14 11:00,3.2,95,0.5,0.3,4.5
22103,2026-06-14 12:00,3.2,85,0.5,0.3,7.1
22103,2026-06-14 13:00,3.2,89,0.5,0.3,7.1
22103,2026-06-14 14:00,3.6,95,0.6,0.3,7.1
22103,2026-06-14 15:00,3.7,93,0.5,0.4,7.1
22103,2026-06-14 16:00,2.9,110,0.5,0.4,6.7
22103,2026-06-14 17:00,3.3,112,0.7,0.4,6.7
22103,2026-06-14 18:00,3.1,116,0.6,0.5,6.3
22103,2026-06-14 19:00,3,142,0.8,0.4,5.9
22103,2026-06-14 20:00,2,134,0.6,0.4,6.3
22103,2026-06-14 21:00,1.8,157,0.6,0.4,5.9
22103,2026-06-14 22:00,0.5,185,0.6,0.4,5.3
22103,2026-06-14 23:00,2.3,354,0.7,0.4,5.3
22103,2026-06-15 0:00,2.7,49,0.6,0.4,5.3
22103,2026-06-15 1:00,2.3,62,0.7,0.4,5.3
22103,2026-06-15 2:00,2.8,68,1.3,0.6,5
22103,2026-06-15 3:00,2.6,88,1.1,0.7,6.7
22103,2026-06-15 4:00,1.8,98,1.1,0.7,5.9
22103,2026-06-15 5:00,1.7,43,1.1,0.7,5.3
22103,2026-06-15 6:00,1.9,57,1.1,0.7,6.3
22103,2026-06-15 7:00,3,38,1.1,0.7,5.9
22103,2026-06-15 8:00,3.5,29,0.9,0.7,6.3
22103,2026-06-15 9:00,4.5,50,1.3,0.8,6.3
22103,2026-06-15 10:00,4.7,46,1.6,0.8,6.3
22103,2026-06-15 11:00,4.9,44,1.4,0.8,6.3
22103,2026-06-15 12:00,6,62,1.2,0.8,5.9
22103,2026-06-15 13:00,5.7,80,1.3,0.8,6.7
22103,2026-06-15 14:00,5.7,80,1.2,0.8,6.7
22103,2026-06-15 15:00,4.6,81,1.1,0.8,6.7
22103,2026-06-15 16:00,4.6,80,1.1,0.8,7.1
22103,2026-06-15 17:00,4.2,73,1,0.7,6.7
22103,2026-06-15 18:00,4,80,1,0.7,7.1
22103,2026-06-15 19:00,4.7,72,1.1,0.7,6.7
22103,2026-06-15 20:00,5.9,78,1.1,0.8,3.7
22103,2026-06-15 21:00,5.5,90,1.1,0.7,4
22103,2026-06-15 22:00,4.6,85,1,0.7,4
22103,2026-06-15 23:00,4.6,82,1.1,0.7,4.3
22103,2026-06-16 0:00,4.9,67,1.2,0.7,4.2
22103,2026-06-16 1:00,6.3,70,0.9,0.6,4.3
22103,2026-06-16 2:00,6.8,65,1.1,0.7,4.8
22103,2026-06-16 3:00,7.4,64,0.9,0.7,6.3
22103,2026-06-16 4:00,6.6,71,1.1,0.8,4.3
22103,2026-06-16 5:00,7.4,68,1.5,0.9,5
22103,2026-06-16 6:00,8,67,1.6,1.1,5.3
22103,2026-06-16 7:00,8,67,1.8,1.2,5.3
22103,2026-06-16 8:00,7.1,62,1.9,1.2,5
22103,2026-06-16 9:00,9,67,1.8,1.2,5
22103,2026-06-16 10:00,7.7,70,1.9,1.2,5
22103,2026-06-16 11:00,8,69,1.9,1.3,5.3
22103,2026-06-16 12:00,8.6,74,2.4,1.4,5.3
22103,2026-06-16 13:00,8.8,63,2.2,1.2,5.3
22103,2026-06-16 14:00,7.4,75,1.9,1.2,5.6
22103,2026-06-16 15:00,8.3,77,1.7,1.1,8.3
22103,2026-06-16 16:00,8.5,82,1.7,1.2,5.6
22103,2026-06-16 17:00,7.2,79,2,1.3,7.1
22103,2026-06-16 18:00,5.7,86,2.6,1.3,7.7
22103,2026-06-16 19:00,7.2,69,2,1.3,7.7
22103,2026-06-16 20:00,5.4,74,2.2,1.3,7.7
22103,2026-06-16 21:00,6,71,1.7,1.1,8.3
22103,2026-06-16 22:00,6.9,77,1.7,1.2,7.7
22103,2026-06-16 23:00,7,87,2,1.1,7.7
22103,2026-06-17 0:00,6.9,82,1.8,1,7.7
22103,2026-06-17 1:00,7.6,79,1.8,1.1,7.7
22103,2026-06-17 2:00,6.8,81,1.6,1,6.3
22103,2026-06-17 3:00,7.4,77,1.7,1.1,7.7
22103,2026-06-17 4:00,7,83,1.6,1.1,7.7
22103,2026-06-17 5:00,6.4,87,1.7,1,7.1
22103,2026-06-17 6:00,5.3,68,1.5,1,7.7
22103,2026-06-17 7:00,6.3,62,1.5,1,7.1
22103,2026-06-17 8:00,6.8,81,1.7,1,5.6
22103,2026-06-17 9:00,6.2,83,1.6,1.1,7.1
22103,2026-06-17 10:00,4.3,94,1.5,1,6.3
22103,2026-06-17 11:00,4.7,69,1.6,1.1,6.3
22103,2026-06-17 12:00,6.1,113,1.9,1,6.3
22103,2026-06-17 13:00,5,125,1.6,1.1,6.3
22103,2026-06-17 14:00,3.3,113,2.3,1.3,5.9
22103,2026-06-17 15:00,7.2,72,2.5,1.4,7.1
22103,2026-06-17 16:00,8.2,88,2.3,1.5,6.3
22103,2026-06-17 17:00,6.5,99,2.2,1.6,6.3
22103,2026-06-17 18:00,5.9,96,2.1,1.6,7.1
22103,2026-06-17 19:00,5.9,106,2.2,1.5,6.7
22103,2026-06-17 20:00,5.6,117,2.3,1.5,7.1
22103,2026-06-17 21:00,4.7,131,2.1,1.4,7.1
22103,2026-06-17 22:00,4.7,138,2,1.3,7.7
22103,2026-06-17 23:00,2.4,164,2,1.3,6.7
22103,2026-06-18 0:00,4.4,173,2.3,1.3,7.1
22103,2026-06-18 1:00,3,176,1.7,1.2,6.7
22103,2026-06-18 2:00,3.5,184,1.9,1.3,6.3
22103,2026-06-18 3:00,2.3,160,1.9,1.3,6.7
22103,2026-06-18 4:00,1.8,180,1.7,1.2,6.7
22103,2026-06-18 5:00,0.1,359,1.8,1.1,6.3
22103,2026-06-18 6:00,1,214,1.6,1.1,6.7
22103,2026-06-18 7:00,0.4,203,1.6,1,7.1
22103,2026-06-18 8:00,1.3,287,1.7,1.1,7.1
22103,2026-06-18 9:00,0.2,10,1.7,1,6.3
22103,2026-06-18 10:00,0.9,65,1.5,1,5.9
22103,2026-06-18 11:00,2,101,1.4,1,6.7
22103,2026-06-18 12:00,1.4,118,1.3,1,6.7
22103,2026-06-18 13:00,1.5,141,1.2,0.9,6.3
22103,2026-06-18 14:00,1.8,117,1.5,0.9,6.7
22103,2026-06-18 15:00,1.8,154,1.2,0.8,6.7
22103,2026-06-18 16:00,1,127,1.3,0.7,6.7
22103,2026-06-18 17:00,2.1,114,1.3,0.8,6.7
22103,2026-06-18 18:00,0.8,88,1.1,0.8,6.7
22103,2026-06-18 19:00,0.9,97,1,0.7,7.1
22103,2026-06-18 20:00,4.4,121,1.1,0.7,6.7
22103,2026-06-18 21:00,4.4,142,1.4,0.8,6.7
22103,2026-06-18 22:00,3.1,153,1.2,0.8,6.3
22103,2026-06-18 23:00,1.1,329,1.4,0.8,5.9
22103,2026-06-19 0:00,2.5,29,1.3,0.7,6.7
22103,2026-06-19 1:00,3.1,25,1.1,0.8,6.3
22103,2026-06-19 2:00,2.8,25,1.2,0.7,6.7
22103,2026-06-19 3:00,2.7,46,1.2,0.7,6.3
22103,2026-06-19 4:00,2.9,65,1.1,0.7,6.3
22103,2026-06-19 5:00,1.1,181,1,0.7,6.3
22103,2026-06-19 6:00,1.2,88,1,0.6,6.3
22103,2026-06-19 7:00,0.9,27,1.1,0.6,6.7
22103,2026-06-19 8:00,1.9,16,0.9,0.6,6.3
22103,2026-06-19 9:00,0.9,26,0.8,0.6,6.3
22103,2026-06-19 10:00,0.4,87,0.8,0.6,5.9
22103,2026-06-19 11:00,1.5,79,0.8,0.5,5.6
22103,2026-06-19 12:00,3,117,0.8,0.5,6.7
22103,2026-06-19 13:00,4.1,156,1,0.6,5.6
22103,2026-06-19 14:00,3.2,152,1.3,0.7,5.9
22103,2026-06-19 15:00,2.5,128,1,0.7,6.3
22103,2026-06-19 16:00,3.1,96,1.1,0.7,5.9
22103,2026-06-19 17:00,3.8,74,1.2,0.8,6.3
22103,2026-06-19 18:00,4,72,1.3,0.7,6.3
22103,2026-06-19 19:00,4.5,94,1.3,0.8,6.3
22103,2026-06-19 20:00,4,110,1.2,0.7,6.7
22103,2026-06-19 21:00,4.6,187,1,0.7,6.7
22103,2026-06-19 22:00,7.6,183,1.3,0.8,6.3
22103,2026-06-19 23:00,9,177,1.6,1,3.8
22103,2026-06-20 0:00,8,178,1.5,1.1,4
22103,2026-06-20 1:00,7.1,195,1.6,1.1,4.5
22103,2026-06-20 2:00,9.9,206,2.1,1.3,5.3
22103,2026-06-20 3:00,10,212,2.6,1.5,5.3
22103,2026-06-20 4:00,10.5,214,2.9,1.8,5.9
22103,2026-06-20 5:00,10.8,227,3.2,1.9,5.9
22103,2026-06-20 6:00,10.5,218,2.7,2,6.3
22103,2026-06-20 7:00,11.7,224,3.7,2.1,6.3
22103,2026-06-20 8:00,11.6,225,3.5,2.3,7.1
22103,2026-06-20 9:00,11.6,234,3.3,2.2,7.1
22103,2026-06-20 10:00,7.9,237,3.5,2.2,7.7
22103,2026-06-20 11:00,11.2,270,4.4,2.4,7.7
22103,2026-06-20 12:00,11.1,255,4.3,2.5,8.3
22103,2026-06-20 13:00,9.8,272,4.2,2.5,7.1
22103,2026-06-20 14:00,8.9,270,4.7,2.5,7.7
22103,2026-06-20 15:00,10.1,277,3.8,2.6,8.3
22103,2026-06-20 16:00,8.6,282,3.7,2.5,7.1
22103,2026-06-20 17:00,6.8,284,4,2.3,8.3
22103,2026-06-20 18:00,8,280,2.9,2.1,8.3
22103,2026-06-20 19:00,8.7,276,3,2,8.3
22103,2026-06-20 20:00,7.8,278,2.7,1.8,8.3
22103,2026-06-20 21:00,8,282,3.1,1.8,8.3
22103,2026-06-20 22:00,7.5,284,2.5,1.6,7.1
22103,2026-06-20 23:00,7.9,296,2.5,1.5,8.3
22103,2026-06-21 0:00,7.3,294,2.4,1.6,8.3
22103,2026-06-21 1:00,4.5,291,2.6,1.3,8.3
22103,2026-06-21 2:00,4.6,282,2.4,1.5,8.3
22103,2026-06-21 3:00,6.6,278,2.5,1.4,6.7
22103,2026-06-21 4:00,7.3,278,2.2,1.5,7.7
22103,2026-06-21 5:00,5.5,277,2.9,1.6,7.7
22103,2026-06-21 6:00,6.4,275,2.2,1.5,8.3
22103,2026-06-21 7:00,4.4,262,2.4,1.3,7.7
22103,2026-06-21 8:00,5.1,264,2.1,1.3,7.7
22103,2026-06-21 9:00,4.6,279,1.8,1.2,7.7
22103,2026-06-21 10:00,5.6,284,2.3,1.2,8.3
22103,2026-06-21 11:00,5.1,306,1.7,1.1,7.7
22103,2026-06-21 12:00,4.5,316,2,1.2,7.7
22103,2026-06-21 13:00,2.2,307,1.6,1,8.3
22103,2026-06-21 14:00,3.3,267,1.6,1.1,7.7
22103,2026-06-21 15:00,3.8,287,1.6,1,8.3
22103,2026-06-21 16:00,3.8,279,1.4,0.8,8.3
22103,2026-06-21 17:00,2.3,261,1.4,1,8.3
22103,2026-06-21 18:00,0.7,296,1.3,0.9,7.7
22103,2026-06-21 19:00,0.3,298,1.6,0.9,8.3
22103,2026-06-21 20:00,1.9,66,1.6,0.9,7.7
22103,2026-06-21 21:00,1.2,64,1.3,0.9,7.7
22103,2026-06-21 22:00,2.3,58,1.3,0.8,7.1
22103,2026-06-21 23:00,2.8,99,1.2,0.8,7.7
22103,2026-06-22 0:00,3.3,94,1.3,0.8,7.7
22103,2026-06-22 1:00,2.9,100,1.3,0.9,7.7
22103,2026-06-22 2:00,2.9,77,1.6,0.9,7.7
22103,2026-06-22 3:00,2.6,71,1.7,1,7.1
22103,2026-06-22 4:00,3.9,77,1.6,1,7.1
22103,2026-06-22 5:00,5.5,79,1.4,1,7.1
22103,2026-06-22 6:00,3.1,108,1.5,0.9,6.7
22103,2026-06-22 7:00,2.9,61,1.7,0.8,7.1
22103,2026-06-22 8:00,4,44,1.4,0.9,6.7
22103,2026-06-22 9:00,4.7,77,1.3,0.9,6.7
22103,2026-06-22 10:00,4.2,76,1.1,0.9,7.1
22103,2026-06-22 11:00,5.4,88,1.1,0.8,6.7
22103,2026-06-22 12:00,4.6,86,1.2,0.8,7.1
22103,2026-06-22 13:00,5.4,87,1.2,0.8,6.7
22103,2026-06-22 14:00,5.7,65,1.4,0.9,7.1
22103,2026-06-22 15:00,5.4,66,1.5,0.9,7.7
22103,2026-06-22 16:00,7,80,1.2,0.9,10
22103,2026-06-22 17:00,7.9,82,1.6,1,10.5
22103,2026-06-22 18:00,7.2,88,1.5,1,4.8
22103,2026-06-22 19:00,6.4,84,1.6,1,4.5
22103,2026-06-22 20:00,5.4,84,1.5,1.1,5
22103,2026-06-22 21:00,5.7,70,1.5,1,4.5
22103,2026-06-22 22:00,7.3,67,1.6,1,4.8
22103,2026-06-22 23:00,7.6,72,1.3,1,5.3
22103,2026-06-23 0:00,6.9,79,1.8,1.1,4.8
22103,2026-06-23 1:00,7.3,69,2.6,1.2,5
22103,2026-06-23 2:00,9.9,66,1.7,1.2,4.8
22103,2026-06-23 3:00,8.8,68,1.9,1.2,5.3
22103,2026-06-23 4:00,8.1,68,2,1.3,5.3
22103,2026-06-23 5:00,9.9,77,2.3,1.3,5
22103,2026-06-23 6:00,9.7,87,2.7,1.4,5
22103,2026-06-23 7:00,10.7,79,2.1,1.5,5.9
22103,2026-06-23 8:00,10.6,80,2.9,1.7,5.6
22103,2026-06-23 9:00,11.4,75,3,1.7,5.6
22103,2026-06-23 10:00,11.6,67,2.6,1.9,6.3
22103,2026-06-23 11:00,12.7,66,3.6,1.9,6.7
22103,2026-06-23 12:00,12.2,69,3,2.2,6.7
22103,2026-06-23 13:00,12.3,79,3.2,2.2,7.1
22103,2026-06-23 14:00,11.5,80,3.1,2.2,6.7
22103,2026-06-23 15:00,11.3,77,3.3,2.4,6.7
22103,2026-06-23 16:00,11.3,73,4.8,2.6,6.7
22103,2026-06-23 17:00,12,74,4.9,2.9,7.1
22103,2026-06-23 18:00,11.7,70,4.1,2.8,7.1
22103,2026-06-23 19:00,12.7,69,4.2,2.6,7.1
22103,2026-06-23 20:00,12.1,73,4,2.8,7.1
22103,2026-06-23 21:00,12.7,75,4.9,2.7,7.7
22103,2026-06-23 22:00,11.9,74,3.8,2.7,7.1
22103,2026-06-23 23:00,11.6,69,3.8,2.5,7.7
22103,2026-06-24 0:00,11.9,68,4.1,2.6,7.1
22103,2026-06-24 1:00,13,76,4.8,2.4,7.1
22103,2026-06-24 2:00,12.5,70,4.3,2.6,7.1
22103,2026-06-24 3:00,12.7,59,4.5,2.5,7.1
22103,2026-06-24 4:00,13.2,57,3.3,2.4,7.7
22103,2026-06-24 5:00,12.6,52,3.8,2.6,7.1
22103,2026-06-24 6:00,12.4,59,3.9,2.5,7.7
22103,2026-06-24 7:00,11.4,59,3.6,2.4,6.7
22103,2026-06-24 8:00,13.2,64,4,2.3,7.1
22103,2026-06-24 9:00,13.3,62,3.8,2.6,7.7
22103,2026-06-24 10:00,11.4,65,3.7,2.5,7.7
22103,2026-06-24 11:00,11.8,66,3.3,2.3,7.1
22103,2026-06-24 12:00,12.8,64,3.3,2.3,7.1
22103,2026-06-24 13:00,12.4,68,3.9,2.3,7.7
22103,2026-06-24 14:00,12.5,61,2.9,2.1,6.3
22103,2026-06-24 15:00,11.5,63,3.5,2.2,7.1
22103,2026-06-24 16:00,12.5,66,3.4,2,7.1
22103,2026-06-24 17:00,12.1,68,2.7,2,7.1
22103,2026-06-24 18:00,13.5,61,3.2,2,7.1
22103,2026-06-24 19:00,11.2,53,2.6,1.9,6.7
22103,2026-06-24 20:00,11.8,69,2.9,2,6.7
22103,2026-06-24 21:00,12.3,62,2.6,1.9,5
22103,2026-06-24 22:00,13.1,62,3.2,2,6.7
22103,2026-06-24 23:00,11.2,53,2.7,2,6.7
22103,2026-06-25 0:00,11.5,49,3,1.9,12.5
22103,2026-06-25 1:00,10.7,57,2.7,1.8,5.9
22103,2026-06-25 2:00,8.9,53,2.3,1.6,6.3
22103,2026-06-25 3:00,8.7,52,2.1,1.5,6.3
22103,2026-06-25 4:00,8.1,53,2.5,1.5,5.6
22103,2026-06-25 5:00,8.9,43,2,1.4,12.5
22103,2026-06-25 6:00,7.5,37,1.9,1.3,5.6
22103,2026-06-25 7:00,6.9,31,1.8,1.2,12.5
22103,2026-06-25 8:00,3.9,17,1.5,1.2,12.5
22103,2026-06-25 9:00,2.7,31,1.6,1.1,11.1
22103,2026-06-25 10:00,4.6,2,1.5,1.1,15.4
22103,2026-06-25 11:00,4.5,343,1.5,1.1,15.4
22103,2026-06-25 12:00,3.3,336,1.7,1,14.3
22103,2026-06-25 13:00,2.6,322,1.6,1.1,12.5
22103,2026-06-25 14:00,2.5,294,1.6,1.1,13.3
22103,2026-06-25 15:00,2.5,289,1.8,1.1,12.5
22103,2026-06-25 16:00,2.4,264,2.1,1.2,12.5
22103,2026-06-25 17:00,3.5,259,1.8,1.1,11.8
22103,2026-06-25 18:00,4.9,278,2,1.1,11.8
22103,2026-06-25 19:00,4.8,276,1.5,1.1,12.5
22103,2026-06-25 20:00,3.9,273,1.6,1.1,12.5
22103,2026-06-25 21:00,4.5,264,1.5,1.1,12.5
22103,2026-06-25 22:00,5.5,269,2.2,1.1,11.8
22103,2026-06-25 23:00,4.4,266,1.6,1.1,13.3
22103,2026-06-26 0:00,6.4,280,1.9,1.3,14.3
22103,2026-06-26 1:00,5.3,250,2,1.3,14.3
22103,2026-06-26 2:00,4.3,259,2.2,1.3,14.3
22103,2026-06-26 3:00,3.7,292,1.7,1.4,14.3
22103,2026-06-26 4:00,4.3,299,2,1.2,14.3
22103,2026-06-26 5:00,5.7,302,2,1.3,14.3
22103,2026-06-26 6:00,5,311,2.1,1.3,13.3
22103,2026-06-26 7:00,4.1,314,1.8,1.2,13.3
22103,2026-06-26 8:00,2.5,279,2.1,1.3,12.5
22103,2026-06-26 9:00,2.1,255,2.1,1.2,13.3
22103,2026-06-26 10:00,2.9,288,2.7,1.5,13.3
22103,2026-06-26 11:00,2.6,286,2.2,1.4,12.5
22103,2026-06-26 12:00,2.5,290,2.6,1.5,13.3
22103,2026-06-26 13:00,2.2,286,1.9,1.5,13.3
22103,2026-06-26 14:00,2.6,282,2.4,1.5,14.3
22103,2026-06-26 15:00,1,226,2.4,1.6,13.3
22103,2026-06-26 16:00,0.7,155,2.4,1.5,12.5
22103,2026-06-26 17:00,0.6,26,2.3,1.3,12.5
22103,2026-06-26 18:00,1.9,72,1.8,1.2,13.3
22103,2026-06-26 19:00,3,108,1.6,1.1,11.8
22103,2026-06-26 20:00,1.8,84,1.5,1,12.5
22103,2026-06-26 21:00,2.6,58,1.5,1,11.8
22103,2026-06-26 22:00,6.8,73,1.3,1,11.8
22103,2026-06-26 23:00,7.1,72,1.5,0.9,11.8
22103,2026-06-27 0:00,8,77,1.4,0.9,12.5
22103,2026-06-27 1:00,7.2,65,1.4,0.9,11.1
22103,2026-06-27 2:00,6,56,1.4,0.9,10
22103,2026-06-27 3:00,6.5,61,1.6,0.9,10.5
22103,2026-06-27 4:00,6.8,66,1.5,1,10.5
22103,2026-06-27 5:00,5.8,63,1.5,0.9,10
22103,2026-06-27 6:00,5,60,1.7,0.9,10.5
22103,2026-06-27 7:00,3.5,45,1.4,1,10
22103,2026-06-27 8:00,3.1,354,1.3,0.9,10
22103,2026-06-27 9:00,2.7,350,1.5,0.9,10.5
22103,2026-06-27 10:00,1.9,324,1.1,0.8,10.5
22103,2026-06-27 11:00,1.7,324,1.1,0.7,11.1
22103,2026-06-27 12:00,2.8,321,1.1,0.7,10
22103,2026-06-27 13:00,3.2,321,1.1,0.7,5.6
22103,2026-06-27 14:00,2.9,307,1.1,0.7,10
22103,2026-06-27 15:00,1.8,160,0.9,0.7,5.3
22103,2026-06-27 16:00,1.9,192,1.1,0.7,10.5
22103,2026-06-27 17:00,0.6,133,1.1,0.6,5.3
22103,2026-06-27 18:00,2.7,144,0.9,0.6,8.3
22103,2026-06-27 19:00,3.1,127,1,0.7,9.1
22103,2026-06-27 20:00,2.3,132,1.2,0.7,5.9
22103,2026-06-27 21:00,2.5,115,1.1,0.7,5.9
22103,2026-06-27 22:00,2.2,110,0.9,0.6,9.1
22103,2026-06-27 23:00,2,125,0.8,0.6,10.5
22103,2026-06-28 0:00,1.1,150,0.8,0.6,10
22103,2026-06-28 1:00,0.7,176,0.9,0.6,9.1
22103,2026-06-28 2:00,0.7,358,0.8,0.6,10
22103,2026-06-28 3:00,0.8,71,0.9,0.6,9.1
22103,2026-06-28 4:00,1.3,13,1,0.6,11.1
22103,2026-06-28 5:00,0.1,130,0.8,0.6,11.1
22103,2026-06-28 6:00,0.7,131,1,0.6,10.5
22103,2026-06-28 7:00,1.2,166,0.8,0.6,10.5
22103,2026-06-28 8:00,0.8,181,0.8,0.5,10.5
22103,2026-06-28 9:00,1.5,201,0.8,0.5,10.5
22103,2026-06-28 10:00,2.8,279,0.8,0.5,10
22103,2026-06-28 11:00,1.1,322,0.8,0.6,10
22103,2026-06-28 12:00,1.1,247,1,0.6,10
22103,2026-06-28 13:00,1,257,1,0.6,10
22103,2026-06-28 14:00,1.9,211,0.9,0.6,10
22103,2026-06-28 15:00,1.5,245,0.8,0.5,9.1
22103,2026-06-28 16:00,3,213,0.9,0.6,10
22103,2026-06-28 17:00,2.4,219,0.8,0.5,9.1
22103,2026-06-28 18:00,1.7,215,0.8,0.5,10
22103,2026-06-28 19:00,2.5,201,0.9,0.5,10
22103,2026-06-28 20:00,2.3,216,0.8,0.5,9.1
22103,2026-06-28 21:00,1.5,268,0.8,0.5,9.1
22103,2026-06-28 22:00,0.3,300,0.9,0.5,9.1
22103,2026-06-28 23:00,0,124,0.8,0.5,9.1
22103,2026-06-29 0:00,0.9,23,0.9,0.5,8.3
22103,2026-06-29 1:00,0.8,78,0.8,0.5,8.3
22103,2026-06-29 2:00,1.4,59,0.7,0.5,8.3
22103,2026-06-29 3:00,0.9,53,0.9,0.5,8.3
22103,2026-06-29 4:00,0.4,24,0.8,0.5,8.3
22103,2026-06-29 5:00,0.5,0,0.8,0.5,8.3
22103,2026-06-29 6:00,1.5,13,0.8,0.5,7.7
22103,2026-06-29 7:00,0.9,47,0.7,0.4,8.3
22103,2026-06-29 8:00,0.8,72,0.7,0.4,7.7
22103,2026-06-29 9:00,1.2,95,0.6,0.4,8.3
22103,2026-06-29 10:00,2.5,67,0.7,0.4,8.3
22103,2026-06-29 11:00,2.5,47,0.7,0.4,8.3
22103,2026-06-29 12:00,2.9,65,0.7,0.4,7.7
22103,2026-06-29 13:00,2.7,74,0.6,0.4,7.1
22103,2026-06-29 14:00,3.2,85,0.6,0.4,7.1
22103,2026-06-29 15:00,2.2,81,0.5,0.3,7.7
22103,2026-06-29 16:00,2.2,78,0.6,0.4,7.7
22103,2026-06-29 17:00,2.6,80,0.6,0.3,8.3
22103,2026-06-29 18:00,2.4,105,0.6,0.4,8.3
22103,2026-06-29 19:00,2.3,115,0.7,0.4,7.7
22103,2026-06-29 20:00,2.7,92,0.6,0.4,7.7
22103,2026-06-29 21:00,3.6,107,0.5,0.4,7.7
22103,2026-06-29 22:00,1.9,92,0.6,0.4,7.7
22103,2026-06-29 23:00,1.1,86,0.8,0.4,7.7
22103,2026-06-30 0:00,1.3,35,0.6,0.4,7.7
22103,2026-06-30 1:00,2.9,78,0.6,0.4,7.7
22103,2026-06-30 2:00,3.2,46,0.6,0.4,7.1
22103,2026-06-30 3:00,3.3,55,0.7,0.4,6.7
22103,2026-06-30 4:00,2.9,48,0.6,0.4,7.1
22103,2026-06-30 5:00,4.1,63,0.6,0.4,6.7
22103,2026-06-30 6:00,3.9,67,0.7,0.4,7.1
22103,2026-06-30 7:00,3.6,86,0.9,0.5,6.3
22103,2026-06-30 8:00,4.2,82,0.7,0.5,7.7
22103,2026-06-30 9:00,4.1,91,0.9,0.5,7.7
22103,2026-06-30 10:00,4.2,104,0.8,0.6,6.7
22103,2026-06-30 11:00,3.7,97,0.8,0.6,7.1
22103,2026-06-30 12:00,3.8,83,0.8,0.6,7.1
22103,2026-06-30 13:00,4,77,0.8,0.5,5.9
22103,2026-06-30 14:00,4.4,97,0.7,0.5,6.3
22103,2026-06-30 15:00,4.5,105,0.7,0.5,6.7
22103,2026-06-30 16:00,4.2,95,0.9,0.5,7.7
22103,2026-06-30 17:00,3.8,99,0.9,0.5,7.7
22103,2026-06-30 18:00,3,92,0.8,0.6,7.7
22103,2026-06-30 19:00,3.8,87,1,0.6,7.7
22103,2026-06-30 20:00,4.2,94,1,0.6,6.7
22103,2026-06-30 21:00,3.3,133,0.8,0.6,6.7
22103,2026-06-30 22:00,2.2,115,0.9,0.6,6.7
22103,2026-06-30 23:00,3.1,119,0.7,0.5,6.7
22103,2026-07-01 0:00,3.8,121,0.8,0.5,6.3
22103,2026-07-01 1:00,5.8,128,0.7,0.5,6.3
22103,2026-07-01 2:00,6.1,123,0.9,0.6,6.3
22103,2026-07-01 3:00,6.5,113,0.9,0.6,6.3
22103,2026-07-01 4:00,7.4,103,1,0.7,5.6
22103,2026-07-01 5:00,8.2,94,1.3,0.8,3.4
22103,2026-07-01 6:00,8.4,111,1.7,1,3.8
22103,2026-07-01 7:00,2.7,188,1.8,0.9,4.2
22103,2026-07-01 8:00,3.1,283,1.6,1.1,4.3
22103,2026-07-01 9:00,9.9,43,1.9,1.2,4
22103,2026-07-01 10:00,11,45,2.7,1.6,5
22103,2026-07-01 11:00,8.1,54,2.3,1.6,5.6
22103,2026-07-01 12:00,8.8,60,2.3,1.6,5.9
22103,2026-07-01 13:00,7.1,48,2.4,1.6,6.7
22103,2026-07-01 14:00,5.8,54,2.5,1.6,7.1
22103,2026-07-01 15:00,6.1,42,2.4,1.6,7.1
22103,2026-07-01 16:00,5.4,40,2.7,1.7,7.1
22103,2026-07-01 17:00,4.6,44,2.4,1.4,7.1
22103,2026-07-01 18:00,4.6,65,2.5,1.4,7.1
22103,2026-07-01 19:00,5.7,52,2.1,1.4,7.1
22103,2026-07-01 20:00,6.2,66,2.1,1.3,7.1
22103,2026-07-01 21:00,6.9,72,2.4,1.4,7.1
22103,2026-07-01 22:00,6.2,64,2.1,1.4,6.7
22103,2026-07-01 23:00,6.4,73,2,1.4,6.7
22103,2026-07-02 0:00,5.8,81,2,1.2,7.1
22103,2026-07-02 1:00,4.7,83,2.1,1.2,6.3
22103,2026-07-02 2:00,4.1,66,1.7,1.2,6.3
22103,2026-07-02 3:00,3.6,65,1.4,1.1,6.7
22103,2026-07-02 4:00,4.1,62,1.8,1.1,6.7
22103,2026-07-02 5:00,4.4,88,1.7,1.1,6.3
22103,2026-07-02 6:00,3.8,82,1.6,1,6.3
22103,2026-07-02 7:00,3.6,71,2,1.1,6.7
22103,2026-07-02 8:00,2.5,75,1.8,1.1,6.7
22103,2026-07-02 9:00,2.2,66,2,1.1,6.7
22103,2026-07-02 10:00,1.9,60,1.6,1.2,6.7
22103,2026-07-02 11:00,2.9,70,2.2,1.1,7.1
22103,2026-07-02 12:00,3.8,97,1.7,1.1,7.1
22103,2026-07-02 13:00,3.1,81,1.6,1.1,6.7
22103,2026-07-02 14:00,2.4,100,2.1,1.1,6.7
22103,2026-07-02 15:00,2.3,104,1.5,1.1,6.7
22103,2026-07-02 16:00,2.5,98,1.8,0.9,7.1
22103,2026-07-02 17:00,2.3,134,1.4,1,7.1
22103,2026-07-02 18:00,3.1,135,1.4,0.8,7.1
22103,2026-07-02 19:00,2.8,124,1.4,0.9,7.1
22103,2026-07-02 20:00,2.7,150,1.3,0.9,7.7
22103,2026-07-02 21:00,2.6,169,1.3,0.9,7.7
22103,2026-07-02 22:00,2,173,1.4,0.9,7.7
22103,2026-07-02 23:00,2.6,171,1.2,0.8,6.7
22103,2026-07-03 0:00,1.9,162,1.4,0.8,7.1
22103,2026-07-03 1:00,2,158,1.1,0.8,7.1
22103,2026-07-03 2:00,2.5,163,1.4,0.8,6.7
22103,2026-07-03 3:00,2.4,163,1.1,0.9,6.7
22103,2026-07-03 4:00,2.5,152,1.3,0.8,5.9
22103,2026-07-03 5:00,1.4,168,1.4,0.9,6.7
22103,2026-07-03 6:00,2.4,161,1.2,0.8,6.3
22103,2026-07-03 7:00,2.7,168,1,0.8,6.3
22103,2026-07-03 8:00,3.1,145,1,0.7,6.3
22103,2026-07-03 9:00,3.6,134,1.3,0.7,6.3
22103,2026-07-03 10:00,3.6,153,1.3,0.7,6.3
22103,2026-07-03 11:00,4.1,158,1.2,0.7,6.3
22103,2026-07-03 12:00,4.7,168,1.1,0.6,5.9
22103,2026-07-03 13:00,4.6,168,1.2,0.7,5.9
22103,2026-07-03 14:00,3.8,178,1.2,0.7,5.9
22103,2026-07-03 15:00,3.9,166,0.9,0.6,6.3
22103,2026-07-03 16:00,2.8,178,0.7,0.6,6.3
22103,2026-07-03 17:00,4.3,189,0.8,0.6,6.3
22103,2026-07-03 18:00,5.7,196,0.9,0.6,5.9
22103,2026-07-03 19:00,3.8,194,0.8,0.6,5.9
22103,2026-07-03 20:00,2.7,192,0.9,0.6,6.7
22103,2026-07-03 21:00,3.2,177,0.9,0.6,6.3
22103,2026-07-03 22:00,3.5,158,1,0.6,5.9
22103,2026-07-03 23:00,3.2,161,1,0.7,5.9
22103,2026-07-04 0:00,2.6,121,1,0.7,5.9
22103,2026-07-04 1:00,3.6,84,1.3,0.7,5.9
22103,2026-07-04 2:00,4.9,83,1,0.7,6.3
22103,2026-07-04 3:00,4.7,70,1.1,0.6,4.2
22103,2026-07-04 4:00,5.5,87,1,0.6,4.2
22103,2026-07-04 5:00,5.8,89,1.1,0.7,4.3
22103,2026-07-04 6:00,7.3,96,1.3,0.7,5
22103,2026-07-04 7:00,6.4,36,1.1,0.8,4.5
22103,2026-07-04 8:00,6.7,65,1.4,0.9,4.2
22103,2026-07-04 9:00,5.6,64,1.7,1,5.6
22103,2026-07-04 10:00,5.4,54,1.6,1,5
22103,2026-07-04 11:00,5.4,51,1.7,1,5.3
22103,2026-07-04 12:00,3.8,71,1.6,1,5.3
22103,2026-07-04 13:00,3.7,82,1.5,1,5.3
22103,2026-07-04 14:00,2.9,113,1.2,0.9,5.9
22103,2026-07-04 15:00,2.6,125,1.3,0.8,5.9
22103,2026-07-04 16:00,3,175,1.1,0.8,5.9
22103,2026-07-04 17:00,2.2,184,1.2,0.8,5.6
22103,2026-07-04 18:00,2,193,1.3,0.8,5.6
22103,2026-07-04 19:00,2.4,217,1.1,0.7,5.9
22103,2026-07-04 20:00,3.2,220,1.2,0.7,6.3
22103,2026-07-04 21:00,2.7,213,1.3,0.8,6.3
22103,2026-07-04 22:00,2.2,176,1.2,0.8,6.3
22103,2026-07-04 23:00,3.2,206,1.3,0.8,5.9
22103,2026-07-05 0:00,3.1,215,1,0.7,6.3
22103,2026-07-05 1:00,0.9,283,1.2,0.8,5.9
22103,2026-07-05 2:00,3.2,229,1.3,0.8,5.6
22103,2026-07-05 3:00,4,242,1.2,0.8,5.9
22103,2026-07-05 4:00,5.7,235,1.4,0.9,6.3
22103,2026-07-05 5:00,5.6,234,1.7,1,5.9
22103,2026-07-05 6:00,6.9,226,1.4,1,5.9
22103,2026-07-05 7:00,6.2,234,1.8,1,6.3
22103,2026-07-05 8:00,7.4,234,1.5,0.9,6.7
22103,2026-07-05 9:00,5.3,244,1.3,0.9,6.3
22103,2026-07-05 10:00,6.7,227,1.5,0.9,5.9
22103,2026-07-05 11:00,6,230,1.4,1,3.7
22103,2026-07-05 12:00,5.6,213,1.4,1,6.7
22103,2026-07-05 13:00,6.1,187,1.5,0.9,6.7
22103,2026-07-05 14:00,6,182,1.3,0.9,7.1
22103,2026-07-05 15:00,7.3,196,1.6,0.8,7.1
22103,2026-07-05 16:00,6.4,204,1.3,0.8,7.1
22103,2026-07-05 17:00,7.7,236,1.4,1,6.7
22103,2026-07-05 18:00,7.4,241,1.9,1.2,6.7
22103,2026-07-05 19:00,4.8,240,2,1.1,5
22103,2026-07-05 20:00,6.3,235,1.8,1.1,4.8
22103,2026-07-05 21:00,5.6,238,1.8,1,6.7
22103,2026-07-05 22:00,4,242,1.6,0.9,7.1
22103,2026-07-05 23:00,3.9,228,1.6,1,7.1
22103,2026-07-06 0:00,3.1,239,1.4,0.9,7.1
22103,2026-07-06 1:00,3.8,244,1.6,1,7.1
22103,2026-07-06 2:00,0.7,324,1.5,1,7.1
22103,2026-07-06 3:00,2.7,223,2.2,1.1,6.7
22103,2026-07-06 4:00,4.1,213,1.9,1.1,6.7
22103,2026-07-06 5:00,3,210,1.8,1,6.3
22103,2026-07-06 6:00,2.3,215,1.6,1,5.9
22103,2026-07-06 7:00,4,220,1.4,0.9,6.7
22103,2026-07-06 8:00,4.4,254,1.5,1,6.7
22103,2026-07-06 9:00,2.1,219,1.5,1,6.7
22103,2026-07-06 10:00,2.7,184,1.6,0.9,6.7
22103,2026-07-06 11:00,3.8,226,1.3,0.9,6.3
22103,2026-07-06 12:00,4.9,204,1.5,0.9,7.1
22103,2026-07-06 13:00,5.1,204,1.3,0.9,7.1
22103,2026-07-06 14:00,5.9,235,1.3,0.9,7.1
22103,2026-07-06 15:00,3.9,233,1.4,0.9,7.1
22103,2026-07-06 16:00,3.8,231,1.2,0.9,7.1
22103,2026-07-06 17:00,4.3,228,1.4,1,7.1
22103,2026-07-06 18:00,3.1,227,1.5,0.9,7.1
22103,2026-07-06 19:00,3.1,223,1.4,0.9,7.1
22103,2026-07-06 20:00,2,260,1.3,0.9,7.1
22103,2026-07-06 21:00,2.7,217,1.2,0.8,7.7
22103,2026-07-06 22:00,2.6,238,1.3,0.9,7.1
22103,2026-07-06 23:00,2.8,237,1.2,0.9,7.1
22103,2026-07-07 0:00,1.5,224,1.4,0.9,7.1
22103,2026-07-07 1:00,2.8,204,1.3,0.9,6.7
22103,2026-07-07 2:00,3.9,186,1.4,0.9,7.1
22103,2026-07-07 3:00,4.3,206,1.3,0.9,5.9
22103,2026-07-07 4:00,4.9,199,1.4,0.8,7.1
22103,2026-07-07 5:00,3.3,201,1.4,0.9,7.1
22103,2026-07-07 6:00,3.3,184,1.3,0.8,7.1
22103,2026-07-07 7:00,3.1,191,1.3,0.9,7.1
22103,2026-07-07 8:00,3,185,1.2,0.8,7.1
22103,2026-07-07 9:00,3.6,194,1.4,0.9,7.7
22103,2026-07-07 10:00,2.4,182,1.2,0.8,7.7
22103,2026-07-07 11:00,4.1,192,1.2,0.8,7.1
22103,2026-07-07 12:00,3,177,1.1,0.8,7.1
22103,2026-07-07 13:00,4.4,193,1.3,0.7,7.1
22103,2026-07-07 14:00,5.7,190,1,0.7,7.7
22103,2026-07-07 15:00,5.3,203,1.4,0.9,7.1
22103,2026-07-07 16:00,7,217,1.5,0.9,7.1
22103,2026-07-07 17:00,6.3,199,1.8,1,7.1
22103,2026-07-07 18:00,5.9,174,1.4,1,7.1
22103,2026-07-07 19:00,4.8,184,1.5,1,7.1
22103,2026-07-07 20:00,4.6,179,1.3,0.9,7.1
22103,2026-07-07 21:00,5.6,193,1.4,0.9,7.1
22103,2026-07-07 22:00,7.2,195,1.3,0.9,7.1
22103,2026-07-07 23:00,7.1,193,1.5,1,4.8
22103,2026-07-08 0:00,7.1,197,2,1.1,4.3
22103,2026-07-08 1:00,8.1,194,1.7,1.2,5
22103,2026-07-08 2:00,7.6,189,1.5,1.1,4.8
22103,2026-07-08 3:00,8.8,196,1.5,1.1,4.5
22103,2026-07-08 4:00,9.6,192,1.9,1.3,4.3
22103,2026-07-08 5:00,7.3,195,1.6,1.2,4.5
22103,2026-07-08 6:00,6.9,202,1.8,1.2,4.5
22103,2026-07-08 7:00,8.5,198,2.2,1.3,5
22103,2026-07-08 8:00,7.4,203,2.1,1.3,4.3
22103,2026-07-08 9:00,6.2,206,2,1.2,4.8
22103,2026-07-08 10:00,4.5,205,2,1.3,5
22103,2026-07-08 11:00,5.7,204,1.7,1.2,7.1
22103,2026-07-08 12:00,5.5,211,1.8,1.2,7.1
22103,2026-07-08 13:00,6.1,183,2.1,1.3,7.1
22103,2026-07-08 14:00,4.9,217,2.2,1.4,6.7
22103,2026-07-08 15:00,6.6,196,2,1.3,7.1
22103,2026-07-08 16:00,6.7,200,2.3,1.2,7.1
22103,2026-07-08 17:00,6.3,209,2.1,1.4,7.1
22103,2026-07-08 18:00,7.2,194,2.1,1.3,7.1
22103,2026-07-08 19:00,7.1,200,2,1.3,7.1
22103,2026-07-08 20:00,5.7,178,2,1.3,7.1
22103,2026-07-08 21:00,4.9,176,1.9,1.3,6.7
22103,2026-07-08 22:00,5.8,197,2,1.2,6.7
22103,2026-07-08 23:00,4.7,182,1.9,1.2,4.8
22103,2026-07-09 0:00,6.5,190,2.4,1.3,4.8
22103,2026-07-09 1:00,6.3,191,1.9,1.2,14.3
22103,2026-07-09 2:00,6.1,190,1.9,1.2,14.3
22103,2026-07-09 3:00,5.3,183,2,1.2,13.3
22103,2026-07-09 4:00,4.8,188,2.6,1.3,4.8
22103,2026-07-09 5:00,5.9,187,1.8,1.3,13.3
22103,2026-07-09 6:00,5.1,177,1.6,1.2,15.4
22103,2026-07-09 7:00,5.1,193,1.6,1.2,14.3
22103,2026-07-09 8:00,6,190,2,1.3,16.7
22103,2026-07-09 9:00,6.7,177,1.6,1.2,16.7
22103,2026-07-09 10:00,4.6,182,2.2,1.4,15.4
22103,2026-07-09 11:00,4.1,191,1.9,1.4,16.7
22103,2026-07-09 12:00,2.4,200,1.9,1.4,16.7
22103,2026-07-09 13:00,2.6,185,2,1.5,16.7
22103,2026-07-09 14:00,3.6,169,2,1.4,16.7
22103,2026-07-09 15:00,3.9,171,2,1.4,16.7
22103,2026-07-09 16:00,5.2,171,2,1.5,15.4
22103,2026-07-09 17:00,4,171,2.3,1.4,16.7
22103,2026-07-09 18:00,4.4,165,1.8,1.3,15.4
22103,2026-07-09 19:00,4.6,166,2.2,1.5,15.4
22103,2026-07-09 20:00,4.4,162,2.7,1.5,15.4
22103,2026-07-09 21:00,3.9,160,2.1,1.5,15.4
22103,2026-07-09 22:00,3.5,165,1.7,1.4,15.4
22103,2026-07-09 23:00,3.2,170,2,1.4,15.4
22103,2026-07-10 0:00,3.1,181,2.1,1.4,15.4
22103,2026-07-10 1:00,1.9,176,2.5,1.5,15.4
22103,2026-07-10 2:00,2.1,156,2.8,1.5,13.3
22103,2026-07-10 3:00,2,132,2.1,1.5,12.5
22103,2026-07-10 4:00,2.1,129,2,1.5,15.4
22103,2026-07-10 5:00,2.8,117,2.1,1.6,15.4
22103,2026-07-10 6:00,2.7,133,2.4,1.5,14.3
22103,2026-07-10 7:00,2.8,130,2.4,1.5,13.3
22103,2026-07-10 8:00,3.4,120,1.9,1.3,14.3
22103,2026-07-10 9:00,2.8,116,2.3,1.4,15.4
22103,2026-07-10 10:00,2.1,79,2,1.5,15.4
22103,2026-07-10 11:00,2.6,95,2.1,1.4,16.7
22103,2026-07-10 12:00,2,72,2,1.3,15.4
22103,2026-07-10 13:00,3.1,94,1.7,1.2,10.5
22103,2026-07-10 14:00,3.8,113,2,1.2,16.7
22103,2026-07-10 15:00,3.4,87,1.8,1.2,16.7
22103,2026-07-10 16:00,3.4,87,1.9,1.3,16.7
22103,2026-07-10 17:00,3.5,67,1.9,1.4,15.4
22103,2026-07-10 18:00,4.7,84,2.2,1.6,15.4
22103,2026-07-10 19:00,3.8,72,2,1.5,15.4
22103,2026-07-10 20:00,3.6,82,2.2,1.5,16.7
22103,2026-07-10 21:00,3.7,95,2.5,1.4,12.5
22103,2026-07-10 22:00,3.2,85,2,1.4,13.3
22103,2026-07-10 23:00,3.2,104,3.1,1.7,14.3
22103,2026-07-11 0:00,2,90,2.5,1.6,14.3
22103,2026-07-11 1:00,2.7,74,2.7,1.5,14.3
22103,2026-07-11 2:00,3.4,79,2.4,1.4,16.7
22103,2026-07-11 3:00,4.2,67,2.4,1.5,13.3
22103,2026-07-11 4:00,4.2,82,2,1.5,16.7
22103,2026-07-11 5:00,3.6,64,2.4,1.5,16.7
22103,2026-07-11 6:00,5.2,66,2.8,1.7,16.7
22103,2026-07-11 7:00,4.2,98,2.9,1.8,16.7
22103,2026-07-11 8:00,3.4,86,2.5,1.7,16.7
22103,2026-07-11 9:00,4.1,63,2.7,1.7,16.7
22103,2026-07-11 10:00,5.7,59,3,1.7,15.4
22103,2026-07-11 11:00,5.4,66,2.4,1.7,16.7
22103,2026-07-11 12:00,4.3,66,2.8,1.7,16.7
22103,2026-07-11 13:00,5.1,63,2.5,1.8,16.7
22103,2026-07-11 14:00,5.2,64,2.6,1.7,16.7
22103,2026-07-11 15:00,5.2,66,3.3,1.9,16.7
22103,2026-07-11 16:00,5.5,79,2.7,1.9,15.4
22103,2026-07-11 17:00,5.4,84,3,2.1,16.7
22103,2026-07-11 18:00,6,84,3.3,2.1,14.3
22103,2026-07-11 19:00,5.1,77,3.8,2.2,14.3
22103,2026-07-11 20:00,5.6,85,3.3,2.1,14.3
22103,2026-07-11 21:00,3.8,103,4,2.5,11.8
22103,2026-07-11 22:00,4.1,111,4.7,2.6,10
22103,2026-07-11 23:00,4.4,111,3.5,2.5,11.1
22103,2026-07-12 0:00,3.1,109,4.6,2.4,10
22103,2026-07-12 1:00,3.1,116,3.8,2.5,11.8
22103,2026-07-12 2:00,3.3,105,4.2,2.7,11.8
22103,2026-07-12 3:00,4.1,109,3.6,2.6,11.1
22103,2026-07-12 4:00,4.1,129,5.1,2.9,10
22103,2026-07-12 5:00,4.9,116,4.7,3.2,10
22103,2026-07-12 6:00,5.6,101,5.4,3.2,10.5
22103,2026-07-12 7:00,5.9,121,5.1,3.2,10
22103,2026-07-12 8:00,5.3,119,5.1,3.6,11.1
22103,2026-07-12 9:00,4.8,125,6.1,3.7,10.5
22103,2026-07-12 10:00,4.9,123,6,3.6,10.5
22103,2026-07-12 11:00,4.3,128,6,3.5,13.3
22103,2026-07-12 12:00,6.4,145,6.7,3.7,13.3
22103,2026-07-12 13:00,6.4,149,5.4,3.4,12.5
22103,2026-07-12 14:00,5.4,156,5,3.3,12.5
22103,2026-07-12 15:00,6,154,6.5,3.5,11.1
22103,2026-07-12 16:00,4.9,157,6.7,3.5,13.3
22103,2026-07-12 17:00,3.8,158,5.1,3.4,11.8
22103,2026-07-12 18:00,2.4,131,5.4,3.5,13.3
22103,2026-07-12 19:00,3.9,122,6.4,3.4,11.8
22103,2026-07-12 20:00,4,128,4.1,3.2,10
22103,2026-07-12 21:00,5.3,124,5.3,3.2,11.8
22103,2026-07-12 22:00,5.2,123,6.7,3,12.5
22103,2026-07-12 23:00,4.4,141,5.4,3,12.5
22103,2026-07-13 0:00,2.9,128,5.6,3.3,11.1
22103,2026-07-13 1:00,3.2,125,5.1,3.3,11.8
22103,2026-07-13 2:00,4,148,4.9,3.2,11.8
22103,2026-07-13 3:00,4.2,157,4.7,2.9,11.1
22103,2026-07-13 4:00,4.2,170,5.9,3.1,11.8
22103,2026-07-13 5:00,3.5,181,4.5,2.8,11.1
22103,2026-07-13 6:00,4,171,4.5,2.9,11.1
22103,2026-07-13 7:00,4.3,146,4.5,2.7,11.8
22103,2026-07-13 8:00,3.6,154,4.3,2.9,11.1
22103,2026-07-13 9:00,3.8,158,4.4,2.6,10.5
22103,2026-07-13 10:00,3.7,150,4.3,2.7,11.8
22103,2026-07-13 11:00,3.2,169,4,2.3,11.8
22103,2026-07-13 12:00,2.3,159,3.5,2.3,11.8
22103,2026-07-13 13:00,3.7,186,3.8,2.3,11.8
22103,2026-07-13 14:00,3,191,3.5,2.2,11.1
22103,2026-07-13 15:00,2.4,149,3.9,2.4,11.1
22103,2026-07-13 16:00,3.6,145,3.6,2.2,10
22103,2026-07-13 17:00,3.9,146,4.1,2,11.1
22103,2026-07-13 18:00,5.3,161,3.1,2.1,11.1
22103,2026-07-13 19:00,5.3,155,3.7,2.1,10.5
22103,2026-07-13 20:00,4.5,178,3.5,2,10
22103,2026-07-13 21:00,4.7,159,3.3,2.1,10
22103,2026-07-13 22:00,5.4,170,3.6,2,10
22103,2026-07-13 23:00,5.8,177,3,1.8,10
22103,2026-07-14 0:00,6.3,191,3.4,1.9,10
22103,2026-07-14 1:00,4.5,207,2.8,1.8,9.1
22103,2026-07-14 2:00,4.6,210,3,1.8,8.3
22103,2026-07-14 3:00,6.2,206,2.9,1.8,9.1
22103,2026-07-14 4:00,4.4,214,2.8,1.8,10
22103,2026-07-14 5:00,6.1,198,2.9,1.7,9.1
22103,2026-07-14 6:00,5.3,192,2.7,1.8,8.3
22103,2026-07-14 7:00,4.2,212,3.2,2,9.1
22103,2026-07-14 8:00,6.9,208,3.5,1.9,9.1
22103,2026-07-14 9:00,6.1,202,3.1,2,8.3
22103,2026-07-14 10:00,7.6,200,2.9,1.9,8.3
22103,2026-07-14 11:00,8.6,200,3.1,2,10
22103,2026-07-14 12:00,7.7,188,3,1.8,8.3
22103,2026-07-14 13:00,9.9,193,2.7,1.8,7.7
22103,2026-07-14 14:00,8.3,199,2.5,1.7,8.3
22103,2026-07-14 15:00,8.2,195,3.4,1.8,8.3
22103,2026-07-14 16:00,8.3,206,2.4,1.7,8.3
22103,2026-07-14 17:00,7.9,208,2.5,1.7,7.7
22103,2026-07-14 18:00,8.6,210,2.4,1.7,6.7
22103,2026-07-14 19:00,7.9,210,2.7,1.7,8.3
22103,2026-07-14 20:00,8.3,209,3.1,1.7,7.7
22103,2026-07-14 21:00,9.6,213,3,1.8,5.6
22103,2026-07-14 22:00,7.7,218,3.1,1.9,7.7
22103,2026-07-14 23:00,7.8,224,3.7,2.1,6.7
22103,2026-07-15 0:00,10,228,3.6,2.1,7.7
22103,2026-07-15 1:00,9.9,231,3.3,2.1,6.7
22103,2026-07-15 2:00,9.6,231,3.2,2.3,7.1
22103,2026-07-15 3:00,9.3,237,2.8,2,6.7
22103,2026-07-15 4:00,7.1,248,2.7,2,7.1
22103,2026-07-15 5:00,4.2,254,3.1,2,7.1
22103,2026-07-15 6:00,4.7,237,3.2,1.9,7.1
22103,2026-07-15 7:00,3.8,245,3.3,1.9,7.7
22103,2026-07-15 8:00,2.9,236,3.1,2.1,7.7
22103,2026-07-15 9:00,6.4,235,3.4,2,7.1
22103,2026-07-15 10:00,5.4,256,2.7,1.9,7.1
22103,2026-07-15 11:00,3.6,255,3.3,1.9,7.1
22103,2026-07-15 12:00,5,251,3,1.9,7.1
22103,2026-07-15 13:00,4.5,281,2.9,1.8,6.7
22103,2026-07-15 14:00,5.3,276,2.7,1.7,7.1
22103,2026-07-15 15:00,6.4,276,2.2,1.6,7.1
22103,2026-07-15 16:00,5.6,255,2,1.5,7.1
22103,2026-07-15 17:00,7.2,270,1.9,1.3,7.7
22103,2026-07-15 18:00,5.7,270,2.3,1.4,7.1
22103,2026-07-15 19:00,6.7,276,1.8,1.2,7.1
22103,2026-07-15 20:00,6.3,281,1.9,1.3,7.1
22103,2026-07-15 21:00,5.5,279,1.8,1.2,7.7
22103,2026-07-15 22:00,4.5,270,1.9,1.4,6.7
22103,2026-07-15 23:00,4.6,266,1.9,1.4,7.7
22103,2026-07-16 0:00,4.6,277,2.2,1.4,7.1
22103,2026-07-16 1:00,2.1,278,2.3,1.4,7.1
22103,2026-07-16 2:00,3,269,2.4,1.4,7.1
22103,2026-07-16 3:00,3.3,305,2.4,1.4,7.1
22103,2026-07-16 4:00,2,288,2.6,1.4,6.7
22103,2026-07-16 5:00,2.2,266,1.6,1.3,7.1
22103,2026-07-16 6:00,3.3,279,1.7,1.2,7.1
22103,2026-07-16 7:00,2.1,277,1.7,1.2,7.1
22103,2026-07-16 8:00,0.9,202,1.7,1.1,7.1
22103,2026-07-16 9:00,2,256,2,1.1,7.1
22103,2026-07-16 10:00,2.8,269,1.7,1,7.7
22103,2026-07-16 11:00,2.5,270,1.3,0.9,7.1
22103,2026-07-16 12:00,4.6,298,1.4,0.9,6.3
22103,2026-07-16 13:00,2.8,283,1.3,0.9,6.7
22103,2026-07-16 14:00,2.6,297,1.6,1,7.1
22103,2026-07-16 15:00,2.7,283,1.5,1,7.7
22103,2026-07-16 16:00,2.5,209,1.2,0.9,7.1
22103,2026-07-16 17:00,2.4,214,1.2,0.8,7.1
22103,2026-07-16 18:00,2.5,210,1.3,0.8,7.1
22103,2026-07-16 19:00,1.9,239,1.1,0.8,7.7
22103,2026-07-16 20:00,1.6,224,1.2,0.8,7.7
22103,2026-07-16 21:00,1.8,222,1.5,0.8,6.7
22103,2026-07-16 22:00,0.1,214,1.3,0.8,7.1
22103,2026-07-16 23:00,0.2,18,1.4,0.9,7.1
22103,2026-07-17 0:00,1.2,70,1.3,0.9,6.7
22103,2026-07-17 1:00,2.7,154,1.5,0.9,7.1
22103,2026-07-17 2:00,0.6,132,1.7,1,7.1
22103,2026-07-17 3:00,2,204,1.7,1,6.7
22103,2026-07-17 4:00,3.2,227,1.5,0.9,6.7
22103,2026-07-17 5:00,3.4,211,1.4,1,6.7
22103,2026-07-17 6:00,2.1,265,1.5,1,7.1
22103,2026-07-17 7:00,1.6,235,1.2,0.9,7.7
22103,2026-07-17 8:00,0.1,189,1.4,0.9,7.7
22103,2026-07-17 9:00,0.7,265,1.9,0.9,7.7
22103,2026-07-17 10:00,1.2,247,1.4,0.9,7.7
22103,2026-07-17 11:00,1.9,200,1.5,1,7.7
22103,2026-07-17 12:00,1.6,226,1.5,1,8.3
22103,2026-07-17 13:00,2.2,252,1.8,1.1,7.7
22103,2026-07-17 14:00,0.9,291,1.5,0.9,7.7
22103,2026-07-17 15:00,0.2,235,1.4,0.9,7.7
22103,2026-07-17 16:00,1.2,211,1.5,0.9,7.7
22103,2026-07-17 17:00,2.9,218,1.4,0.9,7.7
22103,2026-07-17 18:00,3.4,203,1.3,0.9,7.7
22103,2026-07-17 19:00,2.5,203,1.2,0.7,7.7
22103,2026-07-17 20:00,2.2,211,1.3,0.8,7.7
22103,2026-07-17 21:00,4.1,195,1.1,0.8,7.1
22103,2026-07-17 22:00,3.7,186,1.1,0.8,7.7
22103,2026-07-17 23:00,3.9,176,1.5,0.8,7.7
22103,2026-07-18 0:00,3.7,178,1.3,0.9,7.1
22103,2026-07-18 1:00,3.5,169,1.3,0.8,7.1
22103,2026-07-18 2:00,3.7,187,1.1,0.8,7.1
22103,2026-07-18 3:00,3.4,188,1.2,0.8,6.7
22103,2026-07-18 4:00,3.3,214,1.1,0.8,6.7
22103,2026-07-18 5:00,4.5,198,1.4,0.9,7.1
22103,2026-07-18 6:00,3.5,218,1.1,0.9,7.1
22103,2026-07-18 7:00,4.8,216,1.2,0.9,6.7
22103,2026-07-18 8:00,5.8,215,1.3,0.8,7.1
22103,2026-07-18 9:00,5.1,224,1.4,0.8,7.1
22103,2026-07-18 10:00,4.2,201,1.4,0.8,7.1
22103,2026-07-18 11:00,3.9,193,1.5,0.8,7.1
22103,2026-07-18 12:00,2,208,1.2,0.8,7.1
22103,2026-07-18 13:00,3.1,179,1.4,0.9,7.1
22103,2026-07-18 14:00,4,186,1.4,0.9,7.1
22103,2026-07-18 15:00,4.1,199,1.8,1.1,8.3
22103,2026-07-18 16:00,5,205,1.7,1.2,8.3
22103,2026-07-18 17:00,4,204,1.6,1.1,7.7
22103,2026-07-18 18:00,4.7,206,2,1.1,7.7
22103,2026-07-18 19:00,4.9,208,1.6,1.1,8.3
22103,2026-07-18 20:00,4.8,201,1.6,1,8.3
22103,2026-07-18 21:00,3.1,221,1.7,1,8.3
22103,2026-07-18 22:00,1.5,190,1.6,1,8.3
22103,2026-07-18 23:00,1.7,159,1.8,1,7.7
22103,2026-07-19 0:00,4,188,1.7,1,7.1
22103,2026-07-19 1:00,3.3,190,1.5,1,7.7
22103,2026-07-19 2:00,2.8,197,1.6,1.1,7.7
22103,2026-07-19 3:00,3.8,194,1.7,1.1,7.7
22103,2026-07-19 4:00,2.8,199,1.7,1,7.1
22103,2026-07-19 5:00,3.7,211,1.7,0.9,7.1
22103,2026-07-19 6:00,2.2,222,1.6,0.9,7.7
22103,2026-07-19 7:00,0.3,229,1.5,0.9,7.7
22103,2026-07-19 8:00,0.7,124,1.2,0.9,7.7
22103,2026-07-19 9:00,0.9,187,1.1,0.9,8.3
22103,2026-07-19 10:00,2,179,1.6,0.9,8.3
22103,2026-07-19 11:00,2.8,200,1.6,0.9,7.7
22103,2026-07-19 12:00,3.9,211,1.4,0.9,8.3
22103,2026-07-19 13:00,2.9,244,1.5,1,8.3
22103,2026-07-19 14:00,0.9,253,1.6,1.1,8.3
22103,2026-07-19 15:00,1.5,209,1.5,0.9,8.3
22103,2026-07-19 16:00,2.5,201,1.4,0.9,8.3
22103,2026-07-19 17:00,1.2,272,1.5,1,7.7
22103,2026-07-19 18:00,0.9,209,1.8,0.9,8.3
22103,2026-07-19 19:00,1.5,176,1.5,0.9,8.3
22103,2026-07-19 20:00,3.5,239,1.5,0.9,8.3
22103,2026-07-19 21:00,2.7,186,1.4,0.9,8.3
22103,2026-07-19 22:00,3.2,182,1.3,0.8,8.3
22103,2026-07-19 23:00,2.7,185,1.4,0.8,7.7
22103,2026-07-20 0:00,2.7,169,1.2,0.8,8.3
22103,2026-07-20 1:00,3.8,167,1.2,0.9,7.1
22103,2026-07-20 2:00,3.7,164,1.4,0.8,8.3
22103,2026-07-20 3:00,1,192,1.4,0.9,8.3
22103,2026-07-20 4:00,2.5,174,1.3,0.9,7.7
22103,2026-07-20 5:00,2.7,170,1.4,0.9,7.7
22103,2026-07-20 6:00,3.7,197,1.3,0.9,7.7
22103,2026-07-20 7:00,3,178,1.4,0.9,7.7
22103,2026-07-20 8:00,3.8,200,1.5,0.8,7.7
22103,2026-07-20 9:00,3.8,204,1.3,0.9,7.7
22103,2026-07-20 10:00,3.4,203,1.5,0.9,7.7
22103,2026-07-20 11:00,3.8,201,1.4,0.9,7.7
22103,2026-07-20 12:00,4.6,226,1.3,1,7.7
22103,2026-07-20 13:00,5.1,217,1.5,1,7.1
22103,2026-07-20 14:00,3.5,208,1.3,1.1,7.1
22103,2026-07-20 15:00,2.4,200,1.4,1,5.3
22103,2026-07-20 16:00,3.5,201,1.5,1,7.7
22103,2026-07-20 17:00,6.1,219,1.7,1.1,7.1
22103,2026-07-20 18:00,3.9,217,1.7,1.1,4.5
22103,2026-07-20 19:00,3.8,206,1.6,1,7.1
22103,2026-07-20 20:00,3.5,207,1.7,1,7.1
22103,2026-07-20 21:00,3.3,193,1.4,1,7.7
22103,2026-07-20 22:00,4.5,205,1.5,0.9,7.7
22103,2026-07-20 23:00,2.5,202,1.4,1,7.1
22103,2026-07-21 0:00,2.1,184,1.8,0.9,6.7
22103,2026-07-21 1:00,3.8,188,1.2,0.9,7.7
22103,2026-07-21 2:00,3.6,195,1.4,0.9,7.1
22103,2026-07-21 3:00,4.2,190,1.4,1,7.1
22103,2026-07-21 4:00,5.1,201,1.5,1,6.7
22103,2026-07-21 5:00,4,191,1.6,1.1,6.7
22103,2026-07-21 6:00,4.6,196,1.9,1,7.1
22103,2026-07-21 7:00,3.6,192,1.6,1.1,6.7
22103,2026-07-21 8:00,4,197,1.6,1,7.1
22103,2026-07-21 9:00,4,200,1.6,1,7.1
22103,2026-07-21 10:00,5.3,201,1.6,1,7.1
22103,2026-07-21 11:00,4.8,204,1.6,1,5.9
22103,2026-07-21 12:00,4.2,199,1.5,1,6.7
22103,2026-07-21 13:00,5.5,202,1.8,1,6.7
22103,2026-07-21 14:00,5.3,210,1.5,1,6.7
22103,2026-07-21 16:00,3.7,192,2,1.1,6.7
22103,2026-07-21 17:00,4,191,1.6,1,7.1
22103,2026-07-21 18:00,4.9,203,1.4,1,7.1
22103,2026-07-21 19:00,4.8,206,1.5,1,7.1
22103,2026-07-21 20:00,6.3,213,1.5,1,6.7
22103,2026-07-21 21:00,5.8,208,1.4,1,6.7
22103,2026-07-21 22:00,7.9,219,1.6,1,6.7
22103,2026-07-21 23:00,5.7,247,1.8,1,4.8
22103,2026-07-22 0:00,4.8,235,1.7,1,4.5
22103,2026-07-22 1:00,7.6,236,1.4,1,6.7
22103,2026-07-22 2:00,6,251,1.5,1.1,4.5
22103,2026-07-22 3:00,4.5,248,1.8,1,6.7
22103,2026-07-22 4:00,4.1,223,1.4,0.9,7.7
22103,2026-07-22 5:00,3.9,230,1.6,0.9,6.7
22103,2026-07-22 6:00,1.7,262,1.5,1,7.1
22103,2026-07-22 7:00,1.6,215,1.8,1.1,7.1
22103,2026-07-22 8:00,2.4,224,1.6,1,7.7
22103,2026-07-22 9:00,2.9,201,1.4,1,7.1
22103,2026-07-22 10:00,2.4,176,1.5,1,7.7
22103,2026-07-22 11:00,2.7,175,1.3,0.9,7.1
22103,2026-07-22 12:00,3.3,180,1.4,0.9,7.1
22103,2026-07-22 13:00,3.5,194,1.2,0.8,7.1
22103,2026-07-22 14:00,3.1,193,1.3,0.8,7.1
22103,2026-07-22 15:00,2.6,191,1.2,0.8,7.1
22103,2026-07-22 16:00,4,180,1.3,0.9,7.1
22103,2026-07-22 17:00,3.8,187,1.2,0.8,6.7
22103,2026-07-22 18:00,3.5,179,1.3,0.9,6.7
22103,2026-07-22 19:00,3.8,195,1.3,0.8,6.7
22103,2026-07-22 20:00,3.6,199,1.2,0.8,6.7
22103,2026-07-22 21:00,4.4,197,1.1,0.7,6.3
22103,2026-07-22 22:00,4.1,207,1.1,0.7,6.7
22103,2026-07-22 23:00,3.5,219,1.1,0.7,6.7
22103,2026-07-23 0:00,2.9,206,0.9,0.7,6.7
22103,2026-07-23 1:00,4,200,1.1,0.7,6.3
22103,2026-07-23 2:00,4.3,203,1,0.7,6.7
22103,2026-07-23 3:00,4.4,203,1,0.6,6.3
22103,2026-07-23 4:00,3.5,213,1,0.6,6.3
22103,2026-07-23 5:00,3.6,205,0.9,0.7,4.2
22103,2026-07-23 6:00,2.5,193,1.1,0.7,6.3
22103,2026-07-23 7:00,3.5,196,1.1,0.7,5.9
22103,2026-07-23 8:00,3.9,223,1,0.7,4.5
22103,2026-07-23 9:00,2.2,245,1.1,0.7,4.2
22103,2026-07-23 10:00,0.4,5,1.1,0.7,4
22103,2026-07-23 11:00,0.5,48,1.1,0.7,3.8
22103,2026-07-23 12:00,2.3,235,1,0.7,4.2
22103,2026-07-23 13:00,2.6,214,1,0.6,5
22103,2026-07-23 14:00,3,198,0.9,0.6,5.6
22103,2026-07-23 15:00,3.4,183,0.9,0.6,5.6
22103,2026-07-23 16:00,3.5,222,0.7,0.6,5.9
22103,2026-07-23 17:00,3.6,220,1,0.6,5.6
22103,2026-07-23 18:00,3.7,195,1.1,0.7,5.9
22103,2026-07-23 19:00,3.6,192,1.2,0.8,5.3
22103,2026-07-23 20:00,3.1,182,1.3,0.7,5.3
22103,2026-07-23 21:00,3.6,182,1.1,0.7,5.6
22103,2026-07-23 22:00,3.6,185,1.1,0.7,5.9
22103,2026-07-23 23:00,2.2,201,1.1,0.7,3.8
22103,2026-07-24 0:00,2.6,202,1.1,0.7,5
22103,2026-07-24 1:00,1,206,0.9,0.7,5.6
22103,2026-07-24 2:00,0.3,156,0.9,0.7,5.9
22103,2026-07-24 3:00,1.8,94,1,0.6,6.3
22103,2026-07-24 4:00,3.3,147,0.9,0.6,5.6
22103,2026-07-24 5:00,2.4,178,0.8,0.7,5.9
22103,2026-07-24 6:00,1.2,205,1,0.6,6.3
22103,2026-07-24 7:00,1,174,0.9,0.7,5.9
22103,2026-07-24 8:00,0.1,9,0.9,0.7,5.9
22103,2026-07-24 9:00,0,114,1.1,0.6,5.9
22103,2026-07-24 10:00,1.9,98,0.8,0.6,5.9
22103,2026-07-24 11:00,1.9,132,0.8,0.6,5.6
22103,2026-07-24 12:00,1.1,170,0.8,0.5,5.6
22103,2026-07-24 13:00,1.1,222,1.1,0.6,5.6
22103,2026-07-24 14:00,1.8,217,0.9,0.6,5.6
22103,2026-07-24 15:00,1.1,244,0.8,0.6,5.9
22103,2026-07-24 16:00,1.9,232,0.7,0.5,5.9
22103,2026-07-24 17:00,2,208,0.7,0.5,5.9
22103,2026-07-24 18:00,2.6,174,0.7,0.5,5.6
22103,2026-07-24 19:00,2,175,0.8,0.5,5.3
22103,2026-07-24 20:00,2.3,158,0.9,0.5,4.8
22103,2026-07-24 21:00,3.6,177,0.8,0.5,5
22103,2026-07-24 22:00,2.1,198,0.8,0.5,5
22103,2026-07-24 23:00,2.1,207,0.8,0.5,5
22103,2026-07-25 0:00,1.3,205,0.9,0.5,5.3
22103,2026-07-25 1:00,0.7,216,0.8,0.5,4.8
22103,2026-07-25 2:00,3.3,236,0.9,0.5,5.6
22103,2026-07-25 3:00,3.8,275,0.7,0.6,4.8
22103,2026-07-25 4:00,1.9,276,1,0.6,5
22103,2026-07-25 5:00,0.2,268,1,0.6,5.6
22103,2026-07-25 6:00,0.6,281,0.8,0.6,5.9
22103,2026-07-25 7:00,0.9,21,0.9,0.6,5.6
22103,2026-07-25 8:00,1.5,81,0.8,0.5,5.6
22103,2026-07-25 9:00,1.6,79,0.8,0.5,5.3
22103,2026-07-25 10:00,0.4,111,0.7,0.5,5.3
22103,2026-07-25 11:00,1.9,115,0.8,0.5,5.6
22103,2026-07-25 12:00,0.8,167,0.7,0.4,5
22103,2026-07-25 13:00,0.5,165,0.7,0.5,4.8
22103,2026-07-25 14:00,2,223,0.8,0.5,5.3
22103,2026-07-25 15:00,2.4,213,0.7,0.5,5.3
22103,2026-07-25 16:00,2.9,225,0.6,0.4,5.3
22103,2026-07-25 17:00,2.9,217,0.7,0.5,4.8
22103,2026-07-25 18:00,3,223,0.7,0.5,5
22103,2026-07-25 19:00,2.5,232,0.7,0.5,5.3
22103,2026-07-25 20:00,2.7,236,0.7,0.4,4.5
22103,2026-07-25 21:00,0.3,238,0.6,0.5,4.5
22103,2026-07-25 22:00,2,221,0.6,0.5,4.5
22103,2026-07-25 23:00,1.3,225,0.7,0.5,5.3
22103,2026-07-26 0:00,4.2,245,0.7,0.5,4.8
22103,2026-07-26 1:00,3.1,272,0.6,0.5,5
22103,2026-07-26 2:00,1.6,317,0.6,0.4,5
22103,2026-07-26 3:00,2.5,325,0.6,0.4,5
22103,2026-07-26 4:00,1.9,340,0.6,0.4,5
22103,2026-07-26 5:00,3.5,344,0.6,0.4,5
22103,2026-07-26 6:00,2.9,344,0.7,0.4,5
22103,2026-07-26 7:00,2,330,0.6,0.4,4.8
22103,2026-07-26 8:00,1.3,338,0.7,0.4,4.8
22103,2026-07-26 9:00,0.7,33,0.6,0.4,5
22103,2026-07-26 10:00,1.1,120,0.5,0.4,4.5
22103,2026-07-26 11:00,0.5,150,0.6,0.4,4.5
22103,2026-07-26 12:00,0.9,242,0.7,0.4,4.3
22103,2026-07-26 13:00,1.7,282,0.5,0.4,10.5
22103,2026-07-26 14:00,2.6,261,0.5,0.4,10.5
22103,2026-07-26 15:00,2.6,258,0.5,,10
22103,2026-07-26 16:00,3.7,239,0.5,,9.1
22103,2026-07-26 17:00,2.2,246,0.7,,10.5
22103,2026-07-26 18:00,2.1,281,0.6,,11.8
22103,2026-07-26 19:00,1.7,282,0.8,0.5,10.5
22103,2026-07-26 20:00,0.5,307,0.8,0.5,11.1
22103,2026-07-26 21:00,1.7,305,0.7,0.5,11.1
22103,2026-07-26 22:00,0.9,254,0.9,0.6,10.5
22103,2026-07-26 23:00,0.9,346,0.8,0.6,10.5
22103,2026-07-27 0:00,2.6,308,1.2,0.6,10
22103,2026-07-27 1:00,3.1,307,1.2,0.7,10
22103,2026-07-27 2:00,3.3,307,1,0.7,10.5
22103,2026-07-27 3:00,1.6,351,1.3,0.7,10
22103,2026-07-27 4:00,1.6,348,1.2,0.6,10
22103,2026-07-27 5:00,2,337,1,0.7,10
22103,2026-07-27 6:00,2.1,338,0.9,0.6,9.1
22103,2026-07-27 7:00,2.1,353,1,0.7,9.1
22103,2026-07-27 8:00,1.2,335,1.2,0.6,9.1
22103,2026-07-27 9:00,0.9,328,1.1,0.7,9.1
22103,2026-07-27 10:00,1,304,1.2,0.7,9.1
22103,2026-07-27 11:00,1.5,258,0.9,0.7,9.1
22103,2026-07-27 12:00,1.7,225,0.9,0.6,10
22103,2026-07-27 13:00,2.8,247,1,0.7,10
22103,2026-07-27 14:00,3,258,1.1,0.7,10
22103,2026-07-27 15:00,2.5,278,1.1,0.6,10
22103,2026-07-27 16:00,1.7,259,1,0.6,9.1
22103,2026-07-27 17:00,2.4,264,1,0.7,9.1
22103,2026-07-27 18:00,3.3,263,1.1,0.7,9.1
22103,2026-07-27 19:00,2.1,267,1.1,0.7,9.1
22103,2026-07-27 20:00,1.9,259,1.1,0.7,9.1
22103,2026-07-27 21:00,2.7,266,1.1,0.7,9.1
22103,2026-07-27 22:00,3.5,254,1.1,0.8,10
22103,2026-07-27 23:00,4.4,283,1,0.7,9.1
22103,2026-07-28 0:00,4.6,270,1.4,0.8,8.3
22103,2026-07-28 1:00,3.6,310,1,0.7,8.3
22103,2026-07-28 2:00,3.8,303,1,0.7,8.3
22103,2026-07-28 3:00,3.5,304,1.1,0.8,9.1
22103,2026-07-28 4:00,2.7,286,1,0.7,8.3
22103,2026-07-28 5:00,2,296,1,0.6,8.3
22103,2026-07-28 6:00,3.4,314,1,0.6,8.3
22103,2026-07-28 7:00,4.1,307,0.9,0.6,8.3
22103,2026-07-28 8:00,3.6,292,0.9,0.6,8.3
22103,2026-07-28 9:00,2.7,291,1,0.6,8.3
22103,2026-07-28 10:00,4,304,0.9,0.6,8.3
22103,2026-07-28 11:00,4.5,293,0.9,0.6,8.3
22103,2026-07-28 12:00,4.6,291,0.8,0.5,8.3
22103,2026-07-28 13:00,4,295,0.8,0.5,9.1
22103,2026-07-28 14:00,3.7,288,0.7,0.5,8.3
22103,2026-07-28 15:00,5,277,1,0.5,8.3
22103,2026-07-28 16:00,4.4,279,0.8,0.5,9.1
22103,2026-07-28 17:00,5.8,274,0.9,0.5,8.3
22103,2026-07-28 18:00,4.7,279,0.9,0.5,9.1
22103,2026-07-28 19:00,5.9,282,0.9,0.5,8.3
22103,2026-07-28 20:00,6.6,289,1,0.6,8.3
22103,2026-07-28 21:00,5.8,286,0.8,0.5,9.1
22103,2026-07-28 22:00,5.3,296,0.9,0.6,8.3
22103,2026-07-28 23:00,5.7,301,0.7,0.6,8.3
22103,2026-07-29 0:00,5.4,301,0.9,0.6,7.7
22103,2026-07-29 1:00,5,292,1,0.6,9.1
22103,2026-07-29 2:00,4.5,301,0.9,0.6,7.7
22103,2026-07-29 3:00,5.5,296,0.6,0.5,7.7
22103,2026-07-29 4:00,5.3,286,0.7,0.5,8.3
22103,2026-07-29 5:00,6,286,0.7,0.5,7.7
22103,2026-07-29 6:00,5.7,286,0.8,0.5,8.3
22103,2026-07-29 7:00,5.6,298,0.7,0.5,8.3
22103,2026-07-29 8:00,3.4,294,0.7,0.5,9.1
22103,2026-07-29 9:00,5.3,310,0.9,0.6,7.1
22103,2026-07-29 10:00,5.9,296,0.8,0.5,7.7
22103,2026-07-29 11:00,5.6,296,0.8,0.5,7.1
22103,2026-07-29 12:00,3.5,291,0.6,0.4,7.7
22103,2026-07-29 13:00,5.4,283,0.6,0.4,7.1
22103,2026-07-29 14:00,6.9,277,0.6,0.4,8.3
22103,2026-07-29 15:00,7.9,281,0.6,0.4,8.3
22103,2026-07-29 16:00,8.1,287,0.7,0.5,2.6
22103,2026-07-29 17:00,8.6,281,0.8,0.5,3
22103,2026-07-29 18:00,8.8,283,0.9,0.6,3.6
22103,2026-07-29 19:00,7.4,280,1,0.7,4
22103,2026-07-29 20:00,6.9,281,1.2,0.7,3.8
22103,2026-07-29 21:00,6.1,287,1,0.7,4
22103,2026-07-29 22:00,6.3,287,1,0.7,4.2
22103,2026-07-29 23:00,5.4,290,1,0.6,4
22103,2026-07-30 0:00,4.9,305,0.8,0.6,4
22103,2026-07-30 1:00,5.1,300,0.7,0.6,3.8
22103,2026-07-30 2:00,4.9,305,0.8,0.5,3.4
22103,2026-07-30 3:00,3.4,291,0.6,0.5,3.8
22103,2026-07-30 4:00,3.6,290,0.6,0.5,3.2
22103,2026-07-30 5:00,4.6,284,0.6,0.4,2.9
22103,2026-07-30 6:00,5.4,292,0.6,0.4,3
22103,2026-07-30 7:00,4.7,303,0.7,0.5,2.7
22103,2026-07-30 8:00,5.2,300,0.6,0.5,2.7
22103,2026-07-30 9:00,5.2,306,0.5,0.4,7.7
22103,2026-07-30 10:00,4.9,289,0.6,0.4,7.7
22103,2026-07-30 11:00,3.6,299,0.5,0.4,7.7
22103,2026-07-30 12:00,3.9,299,0.6,0.4,7.7
22103,2026-07-30 13:00,6.3,285,0.5,0.4,7.7
22103,2026-07-30 14:00,7.4,280,0.5,0.4,2.4
22103,2026-07-30 15:00,7.7,282,0.6,0.4,7.7
22103,2026-07-30 16:00,7.5,282,0.6,0.4,2.6
22103,2026-07-30 17:00,7.4,280,0.7,0.4,3
22103,2026-07-30 18:00,7.1,284,0.7,0.5,3
22103,2026-07-30 19:00,6.8,284,0.8,0.5,3.2
22103,2026-07-30 20:00,7.1,281,0.7,0.5,3.8
22103,2026-07-30 21:00,6.3,280,0.8,0.5,3.7
22103,2026-07-30 22:00,5.4,284,0.8,0.5,3.7
22103,2026-07-30 23:00,4.8,289,0.7,0.5,4
22103,2026-07-31 0:00,5.2,288,0.7,0.5,4.3
22103,2026-07-31 1:00,5.3,293,0.8,0.5,4.2
22103,2026-07-31 2:00,6.3,295,0.7,0.5,3.7
22103,2026-07-31 3:00,5.6,288,0.7,0.4,4
22103,2026-07-31 4:00,4.9,289,0.6,0.4,3.7
22103,2026-07-31 5:00,5.9,292,0.5,0.4,4.2
22103,2026-07-31 6:00,4.6,301,0.7,0.5,2.9
22103,2026-07-31 7:00,5.4,306,1.2,0.6,3.2
22103,2026-07-31 8:00,4.9,306,0.7,0.5,4
22103,2026-07-31 9:00,3.9,307,0.7,0.5,4
22103,2026-07-31 10:00,3.9,299,0.6,0.5,4.3
22103,2026-07-31 11:00,2.8,302,0.7,0.4,3.2
22103,2026-07-31 12:00,4.3,284,0.6,0.5,3.4
22103,2026-07-31 13:00,6.5,277,0.7,0.4,5
22103,2026-07-31 14:00,7.3,284,0.6,0.5,2.1
22103,2026-07-31 15:00,8.2,282,0.7,0.5,2.3
22103,2026-07-31 16:00,7.6,285,0.9,0.5,2.3
22103,2026-07-31 17:00,8.3,284,0.6,0.5,2.7
22103,2026-07-31 18:00,7.8,281,0.8,0.5,3.3
22103,2026-07-31 19:00,6.8,285,0.7,0.6,3.1
22103,2026-07-31 20:00,6.3,282,0.8,0.6,3.3
22103,2026-07-31 21:00,7.5,286,0.9,0.6,3.4
22103,2026-07-31 22:00,4.5,296,0.8,0.6,3.6
22103,2026-07-31 23:00,6.3,305,0.8,0.5,3.8
22103,2026-08-01 0:00,6.4,303,0.7,0.5,3.7
22103,2026-08-01 1:00,4.3,299,0.7,0.4,4.3
22103,2026-08-01 2:00,4.5,299,0.6,0.5,4
22103,2026-08-01 3:00,4.9,303,0.7,0.5,3.7
22103,2026-08-01 4:00,4.2,302,0.6,0.5,4
22103,2026-08-01 5:00,3.6,300,0.5,0.4,4.3
22103,2026-08-01 6:00,2.5,299,0.5,0.4,3.4
22103,2026-08-01 7:00,2.1,277,0.5,0.3,3.3
22103,2026-08-01 8:00,4.1,286,0.6,0.4,3.4
22103,2026-08-01 9:00,4,292,0.5,0.4,4.3
22103,2026-08-01 10:00,2.5,295,0.5,0.3,3.6
22103,2026-08-01 11:00,3.4,287,0.5,0.3,4.5
22103,2026-08-01 12:00,4,292,0.5,0.3,3.7
22103,2026-08-01 13:00,4.9,277,0.5,0.4,4.5
22103,2026-08-01 14:00,6.5,279,0.5,0.3,4.3
22103,2026-08-01 15:00,7.4,275,0.5,0.4,2.1
22103,2026-08-01 16:00,6.9,285,0.5,0.4,5.3
22103,2026-08-01 17:00,6.8,284,0.7,0.4,2.3
22103,2026-08-01 18:00,6.4,285,0.7,0.4,2.5
22103,2026-08-01 19:00,6.2,279,0.7,0.5,2.6
22103,2026-08-01 20:00,4.5,286,0.8,0.5,3.1
22103,2026-08-01 21:00,5.3,281,0.7,0.5,3.7
22103,2026-08-01 22:00,4.7,283,0.8,0.4,3.3
22103,2026-08-01 23:00,4.9,275,0.5,0.4,3.2
22103,2026-08-02 0:00,3.5,287,0.6,0.3,3
22103,2026-08-02 1:00,4.5,294,0.4,0.3,3.7
22103,2026-08-02 2:00,3.5,302,0.5,0.3,4
22103,2026-08-02 3:00,3.1,304,0.5,0.3,2.9
22103,2026-08-02 4:00,2.8,303,0.5,0.4,2.8
22103,2026-08-02 5:00,3,295,0.5,0.4,2.9
22103,2026-08-02 6:00,3.6,303,0.4,0.4,3.8
22103,2026-08-02 7:00,3.7,294,0.6,0.3,3.3
22103,2026-08-02 8:00,4.5,300,0.4,0.3,3.4
22103,2026-08-02 9:00,5.1,310,0.4,0.3,4
22103,2026-08-02 10:00,3.9,290,0.4,0.3,3.6
22103,2026-08-02 11:00,3.7,301,0.5,0.3,3.8
22103,2026-08-02 12:00,2.4,284,0.4,0.3,4.5
22103,2026-08-02 13:00,4.3,291,0.5,0.3,2.3
22103,2026-08-02 14:00,5.1,288,0.5,0.3,4
22103,2026-08-02 15:00,4.8,286,0.4,0.3,4.5
22103,2026-08-02 16:00,5,282,0.4,0.3,3.7
22103,2026-08-02 17:00,5.8,291,0.4,0.3,4.2
22103,2026-08-02 18:00,5.4,298,0.5,0.4,4.2
22103,2026-08-02 19:00,2.5,276,0.5,0.4,2.6
22103,2026-08-02 20:00,4.3,277,0.7,0.4,2.9
22103,2026-08-02 21:00,3.4,274,0.5,0.4,3
22103,2026-08-02 22:00,2,284,0.6,0.3,2.9
22103,2026-08-02 23:00,3.7,302,0.4,0.3,3.1
22103,2026-08-03 0:00,3.4,308,0.5,0.3,3
22103,2026-08-03 1:00,4,311,0.5,0.3,2.9
22103,2026-08-03 2:00,2.8,328,0.4,0.3,2.7
22103,2026-08-03 3:00,2.8,320,0.4,0.3,2.6
22103,2026-08-03 4:00,3.6,334,0.4,0.3,4.2
22103,2026-08-03 5:00,3.4,336,0.4,0.3,4
22103,2026-08-03 6:00,3.3,45,0.3,0.2,4.2
22103,2026-08-03 7:00,4,43,0.3,0.2,3.8
22103,2026-08-03 8:00,2.8,31,0.3,0.2,4
22103,2026-08-03 9:00,4,38,0.3,0.2,3.6
22103,2026-08-03 10:00,3.7,60,0.4,0.3,4.5
22103,2026-08-03 11:00,4.8,70,0.3,0.2,4
22103,2026-08-03 12:00,4.4,58,0.3,0.2,3.8
22103,2026-08-03 13:00,2.8,28,0.6,0.4,5.6
22103,2026-08-03 14:00,2.3,25,0.5,0.3,4
22103,2026-08-03 15:00,2.9,50,0.6,0.4,4.2
22103,2026-08-03 16:00,2.4,56,0.5,0.4,4.2
22103,2026-08-03 17:00,1.6,46,0.6,0.4,4.3
22103,2026-08-03 18:00,1.8,35,0.5,0.4,4.3
22103,2026-08-03 19:00,2,51,0.7,0.4,4.8
22103,2026-08-03 20:00,2.9,31,0.6,0.4,4.3
22103,2026-08-03 21:00,3.7,355,0.6,0.4,4.5
22103,2026-08-03 22:00,3.3,25,0.6,0.4,4.2
22103,2026-08-03 23:00,3.5,44,0.7,0.5,4.3
22103,2026-08-04 0:00,3.4,68,0.8,0.5,4.3
22103,2026-08-04 1:00,3.3,51,0.9,0.6,4.3
22103,2026-08-04 2:00,4.8,57,1.2,0.8,5.3
22103,2026-08-04 3:00,3.4,63,1.2,0.8,5.3
22103,2026-08-04 4:00,5.8,66,1.5,0.9,5.9
22103,2026-08-04 5:00,6,74,1.3,0.9,5.9
22103,2026-08-04 6:00,5.6,76,1.3,0.8,5.6
22103,2026-08-04 7:00,4.7,70,1.4,0.8,5.6
22103,2026-08-04 8:00,6,70,1.6,1,5.6
22103,2026-08-04 9:00,5.2,67,1.7,1.1,5.9
22103,2026-08-04 10:00,4.8,49,1.7,1.1,5.6
22103,2026-08-04 11:00,4.1,41,1.5,1.1,5.9
22103,2026-08-04 12:00,4,30,1.5,1,5.6
22103,2026-08-04 13:00,2,42,1.8,1.1,5.6
22103,2026-08-04 14:00,0.9,43,1.8,1.2,5.6
22103,2026-08-04 15:00,1.6,12,1.7,1.1,5.9
22103,2026-08-04 16:00,3.2,84,1.6,1,5.6
22103,2026-08-04 17:00,5.4,87,1.6,0.9,6.3
22103,2026-08-04 18:00,4.7,78,1.2,0.9,5.9
22103,2026-08-04 19:00,3.5,46,1.4,0.9,5.9
22103,2026-08-04 20:00,4,46,1.4,1,5.9
22103,2026-08-04 21:00,3.3,25,1.3,0.8,5.6
22103,2026-08-04 22:00,3,20,1.3,0.8,5.6
22103,2026-08-05 0:00,5.9,62,1.6,1,5.6
22103,2026-08-05 1:00,5.6,64,1.7,1,5.3
22103,2026-08-05 2:00,5.6,48,1.6,0.9,5.6
22103,2026-08-05 3:00,4.8,45,1.3,0.8,5.6
22103,2026-08-05 4:00,5.3,34,1.8,1,5
22103,2026-08-05 5:00,5.3,38,1.6,1,5.9
22103,2026-08-05 6:00,5.4,32,1.6,1,5.6
22103,2026-08-05 7:00,5.7,59,1.6,1,5.9
22103,2026-08-05 8:00,5.2,42,1.5,1.1,5.9
22103,2026-08-05 9:00,4.6,39,1.7,1.1,5.9
22103,2026-08-05 10:00,6.3,57,1.5,1,5.9
22103,2026-08-05 11:00,7.8,72,1.5,0.9,5.6
22103,2026-08-05 12:00,8.7,71,1.5,0.9,5.6
22103,2026-08-05 13:00,7.8,68,1.5,0.9,5.9
22103,2026-08-05 14:00,6.8,72,1.6,1,5.6
22103,2026-08-05 15:00,6,72,1.6,1,5.9
22103,2026-08-05 16:00,5.2,81,1.5,1,5.6
22103,2026-08-05 17:00,5.5,80,1.5,0.9,5.6
22103,2026-08-05 18:00,6.4,86,1.4,1,5.9
22103,2026-08-05 19:00,6.8,83,1.7,1.1,5.9
22103,2026-08-05 20:00,6.7,76,1.8,1.2,6.3
22103,2026-08-05 21:00,6.5,82,1.8,1.1,6.3
22103,2026-08-05 22:00,7.1,75,1.8,1.1,6.3
22103,2026-08-05 23:00,6.7,70,1.8,1.1,6.3
22103,2026-08-06 0:00,7.6,69,1.8,1.2,6.3
22103,2026-08-06 1:00,7.7,61,2.1,1.3,6.3
22103,2026-08-06 2:00,8.3,58,2.4,1.4,6.3
22103,2026-08-06 4:00,9.4,66,2.1,1.4,6.7
22103,2026-08-06 5:00,8.5,58,2.4,1.6,7.1
22103,2026-08-06 6:00,6.5,53,2.5,1.6,7.1
22103,2026-08-06 7:00,8,58,2.4,1.5,7.1
22103,2026-08-06 8:00,8.5,57,2.9,1.5,6.7
22103,2026-08-06 9:00,8.3,57,2.6,1.6,6.7
22103,2026-08-06 10:00,8.5,58,2,1.4,6.7
22103,2026-08-06 11:00,8.7,58,2,1.3,6.3
22103,2026-08-06 12:00,9.5,58,2,1.3,6.3
22103,2026-08-06 13:00,9.4,62,2.4,1.5,6.3
22103,2026-08-06 14:00,9.1,68,2.4,1.7,6.3
22103,2026-08-06 15:00,9.3,73,2.9,1.8,6.3
22103,2026-08-06 16:00,7.8,60,2.9,1.7,6.3
22103,2026-08-06 17:00,7.6,68,2.6,1.6,6.3
22103,2026-08-06 18:00,9,73,2.3,1.5,5.9
22103,2026-08-06 19:00,8.3,68,2.3,1.6,6.7
22103,2026-08-06 20:00,8.5,70,2.6,1.6,6.7
22103,2026-08-06 21:00,7.9,62,2.3,1.6,6.3
22103,2026-08-06 22:00,8.2,68,2.7,1.6,7.1
22103,2026-08-06 23:00,9.2,70,2.6,1.7,7.1
22103,2026-08-07 0:00,9.4,68,2.6,1.6,6.7
22103,2026-08-07 1:00,9.1,60,2.8,1.8,7.1
22103,2026-08-07 2:00,10.3,61,3.2,2,7.1
22103,2026-08-07 3:00,10.7,60,2.9,2.1,6.7
22103,2026-08-07 4:00,12.1,62,3,2,7.1
22103,2026-08-07 5:00,11.2,57,2.7,2.1,6.3
22103,2026-08-07 6:00,10.3,56,3.1,2.1,7.1
22103,2026-08-07 7:00,10.4,55,3.1,2.1,7.1
22103,2026-08-07 8:00,10.6,49,3.3,1.9,7.1
22103,2026-08-07 9:00,9.6,52,3.1,2,16.7
22103,2026-08-07 10:00,11.2,55,2.4,1.9,18.2
22103,2026-08-07 11:00,11,56,2.8,1.9,7.1
22103,2026-08-07 12:00,10.9,62,2.7,2.1,15.4
22103,2026-08-07 13:00,10.9,63,3.2,2.1,16.7
22103,2026-08-07 14:00,10.2,62,3.4,2.2,15.4
22103,2026-08-07 15:00,9.9,64,3.4,2.3,15.4
22103,2026-08-07 16:00,9.7,63,4,2.4,14.3
22103,2026-08-07 17:00,9,64,2.8,2.3,16.7
22103,2026-08-07 18:00,10.8,68,3.5,2.4,13.3
22103,2026-08-07 19:00,10.5,66,4.1,2.5,15.4
22103,2026-08-07 20:00,9.4,60,3.6,2.6,14.3
22103,2026-08-07 21:00,10.2,75,3.4,2.7,14.3
22103,2026-08-07 22:00,10.6,82,3.9,2.6,14.3
22103,2026-08-07 23:00,9.9,81,3.7,2.8,14.3
22103,2026-08-08 0:00,9.8,81,5,2.9,15.4
22103,2026-08-08 1:00,9.3,74,4.1,2.6,14.3
22103,2026-08-08 2:00,9.5,75,3.8,2.7,14.3
22103,2026-08-08 3:00,8.1,66,4.5,2.7,13.3
22103,2026-08-08 4:00,8.6,76,3.8,2.7,14.3
22103,2026-08-08 5:00,9,75,3.7,2.7,13.3
22103,2026-08-08 6:00,9.4,78,5.1,2.8,14.3
22103,2026-08-08 7:00,9.9,78,3.9,2.7,12.5
22103,2026-08-08 8:00,8,83,4.2,2.8,14.3
22103,2026-08-08 9:00,9.6,88,3.9,2.6,14.3
22103,2026-08-08 10:00,9.5,82,4.9,2.6,13.3
22103,2026-08-08 11:00,8.6,72,4.9,2.9,14.3
22103,2026-08-08 12:00,10.3,75,6.5,3.2,13.3
22103,2026-08-08 13:00,9.8,77,4.6,3.1,12.5
22103,2026-08-08 14:00,10.7,82,5.4,3.1,13.3
22103,2026-08-08 15:00,10.6,80,5.5,3.2,7.1
22103,2026-08-08 16:00,11.2,82,5.2,3.2,11.8
22103,2026-08-08 17:00,11.9,76,5,3.1,10.5
22103,2026-08-08 18:00,11.9,70,5.4,3.2,11.8
22103,2026-08-08 19:00,11.8,78,4.5,3.2,7.1
22103,2026-08-08 20:00,12.6,74,5.1,3.1,11.1
22103,2026-08-08 21:00,12.8,80,4.3,2.8,7.1
22103,2026-08-08 22:00,12.2,77,4.9,3,11.1
22103,2026-08-08 23:00,12,73,5.1,2.9,7.1
22103,2026-08-09 0:00,12.2,74,5.1,2.9,11.8
22103,2026-08-09 1:00,11.6,77,4.6,3,10.5
22103,2026-08-09 2:00,11.4,70,3.7,2.9,10.5
22103,2026-08-09 3:00,12.8,69,3.6,2.6,11.1
22103,2026-08-09 4:00,13.1,72,4.1,2.8,7.1
22103,2026-08-09 5:00,13.5,73,3.7,2.9,10
22103,2026-08-09 6:00,12.9,68,4.2,2.7,7.1
22103,2026-08-09 7:00,12.2,72,5.7,2.8,10
22103,2026-08-09 8:00,11.9,71,4.3,2.8,11.1
22103,2026-08-09 9:00,11.8,68,4,2.5,10.5
22103,2026-08-09 10:00,12.2,70,3.8,2.5,6.7
22103,2026-08-09 11:00,10.7,74,4.1,2.6,10.5
22103,2026-08-09 12:00,11.7,69,3.7,2.6,10.5
22103,2026-08-09 13:00,12.1,69,3.2,2.5,10.5
22103,2026-08-09 14:00,11.7,72,3.9,2.5,10.5
22103,2026-08-09 15:00,11.4,76,3.3,2.3,10.5
22103,2026-08-09 16:00,10.2,78,3.9,2.4,5.9
22103,2026-08-09 17:00,11.2,73,4.2,2.4,10
22103,2026-08-09 18:00,9.9,73,3.3,2.4,10.5
22103,2026-08-09 19:00,10.6,77,3.5,2.4,10.5
22103,2026-08-09 20:00,10.9,78,3.6,2.7,11.8
22103,2026-08-09 21:00,10.4,77,4.6,2.7,11.1
22103,2026-08-09 22:00,11.1,71,4.4,2.9,11.8
22103,2026-08-09 23:00,11,71,5.3,3.2,10.5
22103,2026-08-10 0:00,10.5,79,4.2,3.1,12.5
22103,2026-08-10 1:00,9.4,84,5.9,3.1,12.5
22103,2026-08-10 2:00,9.2,82,3.7,2.7,11.8
22103,2026-08-10 3:00,9.4,77,4.3,2.7,10.5
22103,2026-08-10 4:00,9.9,79,4.2,2.7,12.5
22103,2026-08-10 5:00,10.5,78,3.9,2.7,11.8
22103,2026-08-10 6:00,10.4,76,4.3,2.9,11.1
22103,2026-08-10 7:00,11.5,76,6.2,2.8,12.5
22103,2026-08-10 8:00,11.9,75,4.2,3.1,11.8
22103,2026-08-10 9:00,12.6,70,5.3,3,11.8
22103,2026-08-10 10:00,13.2,72,5.7,3.3,11.8
22103,2026-08-10 11:00,13.3,69,4.4,3.2,11.8
22103,2026-08-10 12:00,13.9,70,4.4,2.9,11.1
22103,2026-08-10 13:00,14.7,70,5,2.9,11.8
22103,2026-08-10 14:00,13.1,74,4.3,3,11.1
22103,2026-08-10 15:00,12.6,73,4.2,3.1,10.5
22103,2026-08-10 16:00,13.2,72,4.2,2.8,11.8
22103,2026-08-10 17:00,12.7,72,4.2,3.1,10.5
22103,2026-08-10 18:00,12.3,74,4.7,3,11.1
22103,2026-08-10 19:00,13.2,72,3.8,3,10.5
22103,2026-08-10 20:00,13.4,78,4.1,2.7,6.7
22103,2026-08-10 21:00,13.3,78,4.4,2.6,11.1
22103,2026-08-10 22:00,13.8,76,3.7,2.4,7.1
22103,2026-08-10 23:00,13.3,74,3.8,2.5,7.7
22103,2026-08-11 0:00,12.9,71,4.5,2.6,7.7
22103,2026-08-11 1:00,12.9,72,3.7,2.5,7.7
22103,2026-08-11 2:00,12,74,3.7,2.5,6.7
22103,2026-08-11 3:00,12.4,71,3.6,2.6,7.1
22103,2026-08-11 4:00,12.4,69,4,2.6,7.1
22103,2026-08-11 5:00,12.4,67,3.5,2.4,7.1
22103,2026-08-11 6:00,12,65,3.7,2.4,6.7
22103,2026-08-11 7:00,12.6,65,3.5,2.3,6.3
22103,2026-08-11 8:00,12.3,67,3.1,2.3,7.1
22103,2026-08-11 9:00,11.1,63,3.1,2.1,10
22103,2026-08-11 10:00,11.8,65,3.6,2.1,10
22103,2026-08-11 11:00,11.8,68,3.5,2.1,5.9
22103,2026-08-11 12:00,11.7,76,3.6,2.2,10
22103,2026-08-11 13:00,11.4,71,3.3,2.3,6.7
22103,2026-08-11 14:00,12,70,4,2.1,9.1
22103,2026-08-11 15:00,11.2,72,3.3,2.3,7.1
22103,2026-08-11 16:00,11.3,73,4,2.4,7.1
22103,2026-08-11 17:00,10.8,79,4,2.4,6.7
22103,2026-08-11 18:00,11,79,3.6,2.3,7.1
22103,2026-08-11 19:00,10.6,82,3.1,2.1,7.1
22103,2026-08-11 20:00,11.8,82,2.7,2.2,6.7
22103,2026-08-11 21:00,12,81,3.6,2.2,6.3
22103,2026-08-11 22:00,12.3,79,2.9,2,6.7
22103,2026-08-11 23:00,12.3,72,3,2,6.7
22103,2026-08-12 0:00,10.6,60,2.6,2.1,7.1
22103,2026-08-12 1:00,10.3,57,3,1.8,6.7
22103,2026-08-12 2:00,10.5,60,2.8,2.1,7.1
22103,2026-08-12 3:00,9.7,54,2.3,1.9,6.7
22103,2026-08-12 4:00,9.1,55,2.3,1.5,10
22103,2026-08-12 5:00,9.5,49,2.7,1.6,10
22103,2026-08-12 6:00,8.9,49,2.3,1.5,10.5
22103,2026-08-12 7:00,8.6,50,2.1,1.5,10.5
22103,2026-08-12 8:00,8.7,50,2.4,1.5,10
22103,2026-08-12 9:00,8.5,47,2.1,1.4,10
22103,2026-08-12 10:00,7.9,46,2.5,1.4,10
22103,2026-08-12 11:00,7.8,51,2.2,1.5,9.1
22103,2026-08-12 12:00,7.9,48,2.3,1.4,9.1
22103,2026-08-12 13:00,7.6,55,2.1,1.4,9.1
22103,2026-08-12 14:00,6.8,51,2,1.3,10
22103,2026-08-12 15:00,6,52,1.9,1.2,9.1
22103,2026-08-12 16:00,5.9,62,1.6,1.3,8.3
22103,2026-08-12 17:00,5.6,78,2,1.2,11.1
22103,2026-08-12 18:00,5.8,73,1.9,1.2,7.7
22103,2026-08-12 19:00,6.6,79,1.9,1.3,7.1
22103,2026-08-12 20:00,6.8,76,2.1,1.4,7.1
22103,2026-08-12 21:00,7,83,2.7,1.5,9.1
22103,2026-08-12 22:00,7.2,82,2,1.4,9.1
22103,2026-08-12 23:00,7.7,82,2,1.2,9.1
22103,2026-08-13 0:00,6.6,73,1.8,1.4,7.7
22103,2026-08-13 1:00,6,77,2,1.2,9.1
22103,2026-08-13 2:00,5.6,42,1.8,1.1,9.1
22103,2026-08-13 3:00,5.6,51,1.7,1.1,9.1
22103,2026-08-13 4:00,5.3,60,1.6,1.1,10
22103,2026-08-13 5:00,5.5,54,1.5,1,9.1
22103,2026-08-13 6:00,5.4,58,1.7,1,10.5
22103,2026-08-13 7:00,5.8,61,1.7,1,9.1
22103,2026-08-13 8:00,5.1,65,1.6,1,9.1
22103,2026-08-13 9:00,5,49,1.7,1,10
22103,2026-08-13 10:00,5.2,59,1.7,1.1,8.3
22103,2026-08-13 11:00,4.7,63,1.4,1.1,8.3
22103,2026-08-13 12:00,3.9,65,1.3,1,9.1
22103,2026-08-13 13:00,3.4,60,1.5,1,9.1
22103,2026-08-13 14:00,1.9,95,1.7,0.9,9.1
22103,2026-08-13 15:00,1.7,100,1.4,0.9,10
22103,2026-08-13 16:00,0.9,99,1.5,0.9,9.1
22103,2026-08-13 17:00,0.8,116,1.3,0.9,9.1
22103,2026-08-13 18:00,2.2,113,1.2,0.9,10
22103,2026-08-13 19:00,2.3,111,1.4,0.9,10
22103,2026-08-13 20:00,1.6,99,1.6,0.8,9.1
22103,2026-08-13 21:00,0.6,23,1.5,0.9,9.1
22103,2026-08-13 22:00,1.2,67,1.3,0.8,9.1
22103,2026-08-13 23:00,1.7,75,1.2,1,9.1
22103,2026-08-14 0:00,1,28,1.4,0.8,9.1
22103,2026-08-14 1:00,1.7,4,1.4,0.8,9.1
22103,2026-08-14 2:00,2.2,0,1.3,0.7,8.3
22103,2026-08-14 3:00,2.7,35,1.1,0.8,9.1
22103,2026-08-14 4:00,3.3,38,1.2,0.7,7.7
22103,2026-08-14 5:00,3.1,49,1.2,0.7,10
22103,2026-08-14 6:00,3.2,75,1.4,0.7,9.1
22103,2026-08-14 7:00,2.5,82,1,0.7,9.1
22103,2026-08-14 8:00,2.5,122,1.2,0.7,8.3
22103,2026-08-14 9:00,3,100,1.1,0.7,9.1
22103,2026-08-14 10:00,2.5,91,1.2,0.7,9.1
22103,2026-08-14 11:00,3.7,141,1.1,0.7,9.1
22103,2026-08-14 12:00,3.7,154,1,0.7,9.1
22103,2026-08-14 13:00,4,155,1,0.6,8.3
22103,2026-08-14 14:00,4,174,1,0.6,7.7
22103,2026-08-14 15:00,3.5,172,0.9,0.6,8.3
22103,2026-08-14 16:00,3.1,177,1,0.5,8.3
22103,2026-08-14 17:00,2.6,160,1.3,0.6,8.3
22103,2026-08-14 18:00,2.3,154,1,0.6,9.1
22103,2026-08-14 19:00,1.6,126,1,0.6,8.3
22103,2026-08-14 20:00,2,132,0.9,0.6,8.3
22103,2026-08-14 21:00,0.9,135,1.1,0.6,7.7
22103,2026-08-14 22:00,1.9,144,1.1,0.6,8.3
22103,2026-08-14 23:00,2,132,1.1,0.7,9.1
22103,2026-08-15 0:00,3.5,157,1,0.7,8.3
22103,2026-08-15 1:00,3.9,161,0.9,0.6,8.3
22103,2026-08-15 2:00,3.4,163,0.9,0.5,7.7
22103,2026-08-15 3:00,2.8,141,1,0.6,8.3
22103,2026-08-15 4:00,2.5,119,0.9,0.5,8.3
22103,2026-08-15 5:00,5,107,1,0.5,8.3
22103,2026-08-15 6:00,5,111,0.9,0.6,8.3
22103,2026-08-15 7:00,5.1,132,1,0.6,8.3
22103,2026-08-15 8:00,5.3,134,0.9,0.6,8.3
22103,2026-08-15 9:00,9.5,188,1.2,0.6,8.3
22103,2026-08-15 10:00,7,166,2.1,1,3.8
22103,2026-08-15 11:00,6.7,154,1.9,1.1,4.8
22103,2026-08-15 12:00,8.3,140,1.6,1.1,4.8
22103,2026-08-15 13:00,7.1,131,1.4,1.2,4.8
22103,2026-08-15 14:00,6.1,116,1.6,1.1,5
22103,2026-08-15 15:00,6.7,119,1.4,1,4.3
22103,2026-08-15 16:00,6.3,107,1.8,1,4.8
22103,2026-08-15 17:00,6,87,1.2,0.9,5.3
22103,2026-08-15 18:00,5.8,93,1.6,1,5.3
22103,2026-08-15 19:00,5.2,107,2,1.2,6.3
22103,2026-08-15 20:00,6.1,115,2,1.3,6.7
22103,2026-08-15 21:00,8.8,160,2.4,1.4,6.3
22103,2026-08-15 22:00,7.4,122,2.3,1.5,6.3
22103,2026-08-15 23:00,8.2,118,2.4,1.5,6.7
22103,2026-08-16 0:00,8.3,115,2.7,1.5,6.3
22103,2026-08-16 1:00,9.3,161,2.6,1.6,5.9
22103,2026-08-16 2:00,9.9,158,3.7,1.8,6.3
22103,2026-08-16 3:00,9,164,3.4,2.2,6.3
22103,2026-08-16 4:00,12.1,174,4.1,2.2,6.7
22103,2026-08-16 5:00,11.6,157,4.4,2.5,7.1
22103,2026-08-16 6:00,11.7,143,3.9,2.8,7.7
22103,2026-08-16 7:00,8.3,194,3.6,2.7,7.7
22103,2026-08-16 8:00,9.4,203,4.7,2.3,7.1
22103,2026-08-16 9:00,8,193,4,2.3,7.7
22103,2026-08-16 10:00,8.6,216,3.8,2.1,7.1
22103,2026-08-16 11:00,7.3,202,3,1.8,7.7
22103,2026-08-16 12:00,8.5,186,2.3,1.7,6.3
22103,2026-08-16 13:00,7,227,3,1.7,7.1
22103,2026-08-16 14:00,5.2,224,2.1,1.6,7.1
22103,2026-08-16 15:00,5.6,207,2.4,1.6,7.1
22103,2026-08-16 16:00,6,205,2.6,1.6,7.1
22103,2026-08-16 17:00,7.6,210,2.6,1.6,7.1
22103,2026-08-16 18:00,4.6,207,2.5,1.8,6.7
22103,2026-08-16 19:00,5.7,217,2.3,1.5,7.1
22103,2026-08-16 20:00,9,189,2.6,1.6,6.7
22103,2026-08-16 21:00,9.5,191,2.8,2,6.7
22103,2026-08-16 22:00,9.5,198,2.7,1.8,6.7
22103,2026-08-16 23:00,9.4,197,3.3,1.9,6.7
22103,2026-08-17 0:00,9.2,208,2.8,1.9,6.7
22103,2026-08-17 1:00,9.4,209,2.6,1.9,6.7
22103,2026-08-17 2:00,9,218,2.9,1.8,6.3
22103,2026-08-17 3:00,8.1,221,2.9,1.8,6.7
22103,2026-08-17 4:00,5.9,218,2.7,1.8,7.1
22103,2026-08-17 5:00,7.7,208,2,1.7,6.7
22103,2026-08-17 6:00,7.8,177,3,1.6,7.1
22103,2026-08-17 7:00,8.7,204,2.4,1.6,6.7
22103,2026-08-17 8:00,6.9,195,2.7,1.7,7.1
22103,2026-08-17 9:00,6.2,202,2.1,1.6,6.7
22103,2026-08-17 10:00,3.1,204,2.3,1.6,6.7
22103,2026-08-17 11:00,6.3,227,2.7,1.4,6.7
22103,2026-08-17 12:00,9.1,190,2.4,1.5,7.1
22103,2026-08-17 13:00,6,148,2.9,1.8,6.7
22103,2026-08-17 14:00,6.5,241,2.8,1.9,6.7
22103,2026-08-17 15:00,5,252,2.8,1.8,6.3
22103,2026-08-17 16:00,2.7,325,3.2,2,6.7
22103,2026-08-17 17:00,1.8,356,3,1.7,6.7
22103,2026-08-17 18:00,0.6,92,2.8,1.8,6.7
22103,2026-08-17 19:00,2.3,261,2.7,1.7,6.7
22103,2026-08-17 20:00,4.8,243,2.5,1.6,6.7
22103,2026-08-17 21:00,7.1,221,2.6,1.6,6.7
22103,2026-08-17 22:00,7.5,226,2.5,1.7,6.7
22103,2026-08-17 23:00,6.6,229,2.2,1.6,6.7
22103,2026-08-18 0:00,5.1,243,2.2,1.3,6.7
22103,2026-08-18 1:00,3.1,289,1.9,1.3,6.3
22103,2026-08-18 2:00,2.9,295,1.7,1.1,5.9
22103,2026-08-18 3:00,2,247,1.8,1.1,5.9
22103,2026-08-18 4:00,7.5,190,1.6,1.1,5.3
22103,2026-08-18 5:00,11.3,210,2,1.2,5.6
22103,2026-08-18 6:00,9.9,232,2.5,1.5,5.3
22103,2026-08-18 7:00,6.5,248,2.4,1.5,5
22103,2026-08-18 8:00,4.7,231,1.7,1.3,5.6
22103,2026-08-18 9:00,5,237,1.7,1.2,5.6
22103,2026-08-18 10:00,6.3,231,1.6,1.1,5.3
22103,2026-08-18 11:00,6.8,250,1.8,1.1,5.6
22103,2026-08-18 12:00,4.1,262,1.4,1,5.6
22103,2026-08-18 13:00,1.8,214,1.6,0.9,5.3
22103,2026-08-18 14:00,4.7,198,1.4,0.9,5
22103,2026-08-18 15:00,4.9,194,1.1,0.9,5
22103,2026-08-18 16:00,5.2,224,1.2,0.9,5
22103,2026-08-18 17:00,4.4,242,1.4,0.9,5.3
22103,2026-08-18 18:00,4.2,228,1.4,0.9,5
22103,2026-08-18 19:00,4.8,210,1.2,0.8,4.8
22103,2026-08-18 20:00,5.4,218,1.1,0.8,5
22103,2026-08-18 21:00,5.4,224,1.1,0.7,4.3
22103,2026-08-18 22:00,4.2,222,0.9,0.7,4.8
22103,2026-08-18 23:00,4.8,212,0.9,0.6,5.3
22103,2026-08-19 0:00,5.2,213,0.9,0.6,4.5
22103,2026-08-19 1:00,4.8,219,0.9,0.6,4.5
22103,2026-08-19 2:00,4,223,0.9,0.6,4.8
22103,2026-08-19 3:00,3.8,213,0.9,0.6,5
22103,2026-08-19 4:00,3.5,213,0.8,0.6,4.5
22103,2026-08-19 5:00,3.9,194,1,0.7,5
22103,2026-08-19 6:00,4.1,194,0.8,0.6,4.3
22103,2026-08-19 7:00,4.5,195,0.8,0.6,5
22103,2026-08-19 8:00,3.8,187,0.9,0.6,5.6
22103,2026-08-19 9:00,4.3,180,0.9,0.6,5.6
22103,2026-08-19 10:00,3.1,190,0.9,0.6,5.3
22103,2026-08-19 11:00,3.4,169,0.8,0.6,4.8
22103,2026-08-19 12:00,3,168,0.7,0.6,4.8
22103,2026-08-19 13:00,3.4,152,0.9,0.6,5.6
22103,2026-08-19 14:00,3.2,141,0.9,0.5,5
22103,2026-08-19 15:00,3.8,154,0.8,0.6,4.8
22103,2026-08-19 16:00,3.5,155,0.8,0.6,4.8
22103,2026-08-19 17:00,3.3,159,0.9,0.6,5.3
22103,2026-08-19 18:00,2.9,173,0.9,0.6,5.9
22103,2026-08-19 19:00,3.2,179,0.9,0.6,5.9
22103,2026-08-19 20:00,2.1,189,1.1,0.5,5.9
22103,2026-08-19 21:00,1.3,193,0.8,0.6,5.9
22103,2026-08-19 22:00,2.1,142,1.2,0.6,6.3
22103,2026-08-19 23:00,1.9,129,0.9,0.6,5.9
22103,2026-08-20 0:00,2.2,96,0.9,0.6,5.9
22103,2026-08-20 1:00,2.3,125,0.9,0.6,5.6
22103,2026-08-20 2:00,2.7,120,0.9,0.6,5.9
22103,2026-08-20 3:00,2.6,95,0.8,0.6,5.6
22103,2026-08-20 4:00,2.9,83,0.7,0.6,5.3
22103,2026-08-20 5:00,3.3,91,0.9,0.6,5.9
22103,2026-08-20 6:00,3.4,81,0.8,0.6,6.3
22103,2026-08-20 7:00,4,88,1.1,0.6,5.6
22103,2026-08-20 8:00,4.7,102,0.8,0.5,5.9
22103,2026-08-20 9:00,4.2,103,0.8,0.5,6.3
22103,2026-08-20 10:00,4.2,101,1,0.6,6.7
22103,2026-08-20 11:00,4.3,82,0.9,0.7,6.3
22103,2026-08-20 12:00,4.1,88,0.8,0.7,6.7
22103,2026-08-20 13:00,4,85,0.9,0.6,5.9
22103,2026-08-20 14:00,3.6,98,0.9,0.6,6.3
22103,2026-08-20 15:00,3.7,107,1,0.6,5.9
22103,2026-08-20 16:00,3.9,110,0.9,0.6,6.3
22103,2026-08-20 17:00,2.9,106,1,0.6,6.3
22103,2026-08-20 18:00,2.5,111,1.1,0.7,6.3
22103,2026-08-20 19:00,2.1,99,0.9,0.7,5.9
22103,2026-08-20 20:00,2.8,112,1.2,0.7,6.7
22103,2026-08-20 21:00,3,119,1.3,0.7,6.3
22103,2026-08-20 22:00,3.4,123,1.2,0.7,5.3
22103,2026-08-20 23:00,3.9,113,1.1,0.7,6.3
22103,2026-08-21 0:00,3.2,129,1.1,0.7,5.9
22103,2026-08-21 1:00,3.6,138,1.2,0.7,6.7
22103,2026-08-21 2:00,2.7,120,1.2,0.7,5.9
22103,2026-08-21 3:00,2.7,106,1.2,0.7,7.1
22103,2026-08-21 4:00,3.4,114,1.1,0.8,6.7
22103,2026-08-21 5:00,2.7,103,1.3,0.8,7.1
22103,2026-08-21 6:00,4.1,89,1.5,0.9,7.7
22103,2026-08-21 7:00,4.6,94,1.4,0.9,7.7
22103,2026-08-21 8:00,4.5,100,1.5,1,7.1
22103,2026-08-21 9:00,5.4,114,1.2,0.9,7.7
22103,2026-08-21 10:00,5.5,119,1.5,0.9,7.1
22103,2026-08-21 11:00,4.5,113,1.5,0.9,6.3
22103,2026-08-21 12:00,3.7,107,1.2,0.9,6.7
22103,2026-08-21 13:00,4.3,95,1.3,0.9,7.1
22103,2026-08-21 14:00,4.5,98,1.4,1,6.7
22103,2026-08-21 15:00,4,131,1.6,1,6.3
22103,2026-08-21 16:00,3.7,125,1.4,1,6.7
22103,2026-08-21 17:00,3.8,120,1.7,1,6.3
22103,2026-08-21 18:00,2.8,121,2,1.1,7.1
22103,2026-08-21 19:00,3.5,105,2,1.1,7.1
22103,2026-08-21 20:00,3.9,104,1.6,1.1,6.7
22103,2026-08-21 21:00,4.1,104,1.8,1.1,6.7
22103,2026-08-21 22:00,4.6,106,1.5,1.1,7.1
22103,2026-08-21 23:00,4.2,110,1.5,1.1,6.7
22103,2026-08-22 0:00,4.3,128,1.7,1,6.3
22103,2026-08-22 1:00,5.3,131,1.4,1,6.3
22103,2026-08-22 2:00,4.9,127,1.6,1,8.3
22103,2026-08-22 3:00,5.8,135,1.8,1.1,7.1
22103,2026-08-22 4:00,5.7,155,1.8,1.1,6.7
22103,2026-08-22 5:00,5.3,146,1.9,1.1,8.3
22103,2026-08-22 6:00,5.8,140,2.2,1.3,7.7
22103,2026-08-22 7:00,6.7,146,2.1,1.3,7.1
22103,2026-08-22 8:00,6.1,142,2.5,1.3,6.7
22103,2026-08-22 9:00,5.7,139,2.1,1.4,7.1
22103,2026-08-22 10:00,5,132,2.5,1.5,6.7
22103,2026-08-22 11:00,5.6,144,2.3,1.5,6.7
22103,2026-08-22 12:00,5.3,153,2.5,1.5,7.7
22103,2026-08-22 13:00,4.8,139,2.4,1.6,7.1
22103,2026-08-22 14:00,4.8,153,2.8,1.6,7.7
22103,2026-08-22 15:00,5.8,150,2.5,1.5,7.7
22103,2026-08-22 16:00,4.6,152,2.4,1.5,7.7
22103,2026-08-22 17:00,4.8,145,2.3,1.6,7.1
22103,2026-08-22 18:00,3.9,135,2.7,1.5,7.1
22103,2026-08-22 19:00,4.3,136,2.4,1.5,7.1
22103,2026-08-22 20:00,3.7,138,2.3,1.5,6.7
22103,2026-08-22 21:00,4.1,121,2.4,1.5,8.3
22103,2026-08-22 22:00,4.6,134,2.8,1.6,8.3
22103,2026-08-22 23:00,5.1,134,2.6,1.8,8.3
22103,2026-08-23 0:00,5,129,2.4,1.6,9.1
22103,2026-08-23 1:00,5.4,131,3,1.7,8.3
22103,2026-08-23 2:00,5.6,122,2.8,1.7,8.3
22103,2026-08-23 3:00,4.6,117,2.6,1.7,9.1
22103,2026-08-23 4:00,5.3,126,2.5,1.5,8.3
22103,2026-08-23 5:00,4.2,127,2.3,1.6,8.3
22103,2026-08-23 6:00,5,126,2.3,1.6,8.3
22103,2026-08-23 7:00,5.4,133,2.2,1.5,7.7
22103,2026-08-23 8:00,4.5,149,2.3,1.5,8.3
22103,2026-08-23 9:00,4.9,145,1.9,1.5,7.1
22103,2026-08-23 10:00,4.3,154,2.1,1.5,8.3
22103,2026-08-23 11:00,3.9,146,2.4,1.5,7.7
22103,2026-08-23 12:00,3.4,143,2.3,1.5,9.1
22103,2026-08-23 13:00,2.4,120,2.7,1.6,10.5
22103,2026-08-23 14:00,2.3,107,3.8,1.8,10
22103,2026-08-23 15:00,2.2,104,3.2,1.9,9.1
22103,2026-08-23 16:00,2.4,110,3.2,2,10
22103,2026-08-23 17:00,3,125,2.7,1.9,10
22103,2026-08-23 18:00,2.3,127,3.4,2,9.1
22103,2026-08-23 19:00,2.2,140,2.5,1.8,9.1
22103,2026-08-23 20:00,1.3,134,3.1,1.9,10.5
22103,2026-08-23 21:00,1.4,104,3.8,2,10
22103,2026-08-23 22:00,2.2,86,3.5,1.9,10
22103,2026-08-23 23:00,0.9,97,2.8,1.8,10
22103,2026-08-24 0:00,3,143,3.3,1.7,10
22103,2026-08-24 1:00,2.4,131,2.3,1.6,10
22103,2026-08-24 2:00,2.5,162,2.7,1.5,10
22103,2026-08-24 3:00,2,151,2.6,1.6,9.1
22103,2026-08-24 4:00,2.9,220,2.5,1.5,9.1
22103,2026-08-24 5:00,1.4,223,2.1,1.4,10
22103,2026-08-24 6:00,1.3,219,2.3,1.4,9.1
22103,2026-08-24 7:00,0.6,223,2.7,1.4,9.1
22103,2026-08-24 8:00,0.1,69,2.4,1.6,10
22103,2026-08-24 9:00,1.4,122,2.8,1.5,10
22103,2026-08-24 10:00,1.6,126,2.5,1.6,10
22103,2026-08-24 11:00,1.3,151,2.7,1.7,10.5
22103,2026-08-24 12:00,1.4,161,2.8,1.7,10
22103,2026-08-24 13:00,1.2,174,2.3,1.5,10
22103,2026-08-24 14:00,0.8,222,2.3,1.4,10.5
22103,2026-08-24 15:00,1.3,194,1.8,1.4,10
22103,2026-08-24 16:00,2,213,2,1.2,10
22103,2026-08-24 17:00,1.3,235,2.2,1.2,10
22103,2026-08-24 18:00,0.4,270,2,1.3,10
22103,2026-08-24 19:00,0.8,274,2.1,1.3,9.1
22103,2026-08-24 20:00,0.8,252,2.2,1.3,10
22103,2026-08-24 21:00,0.9,252,2.1,1.3,9.1
22103,2026-08-24 22:00,1.5,272,1.9,1.2,9.1
22103,2026-08-24 23:00,1.5,265,2.1,1.3,9.1
22103,2026-08-25 0:00,1.1,273,1.7,1.2,9.1
22103,2026-08-25 1:00,0.9,277,1.6,1.2,9.1
22103,2026-08-25 2:00,0.9,257,1.6,1,9.1
22103,2026-08-25 3:00,1.4,260,1.6,1.1,9.1
22103,2026-08-25 4:00,2,273,1.6,1,9.1
22103,2026-08-25 5:00,1.8,331,2.1,1.1,9.1
22103,2026-08-25 6:00,2.5,354,2,1.1,9.1
22103,2026-08-25 7:00,2.4,347,1.4,1.1,9.1
22103,2026-08-25 8:00,2.5,347,1.7,1.1,7.7
22103,2026-08-25 9:00,1.2,342,1.5,1,8.3
22103,2026-08-25 10:00,0.8,343,1.6,1,9.1
22103,2026-08-25 11:00,1,345,1.5,1.2,8.3
22103,2026-08-25 12:00,1.8,352,1.9,1.2,8.3
22103,2026-08-25 13:00,2.1,19,1.8,1.2,9.1
22103,2026-08-25 14:00,1.6,4,2.1,1.2,16.7
22103,2026-08-25 15:00,1.7,20,1.8,1.1,16.7
22103,2026-08-25 16:00,2.5,8,1.6,1.1,18.2
22103,2026-08-25 17:00,1.3,102,2,1.2,18.2
22103,2026-08-25 18:00,1.2,122,2.3,1.2,15.4
22103,2026-08-25 19:00,0.6,80,2.1,1.4,16.7
22103,2026-08-25 20:00,1.8,10,2.5,1.5,15.4
22103,2026-08-25 21:00,1.4,29,2.9,1.6,15.4
22103,2026-08-25 22:00,1.1,135,3.1,1.8,15.4
22103,2026-08-25 23:00,0.2,34,3.2,1.8,15.4
22103,2026-08-26 0:00,0.6,326,2.9,2,15.4
22103,2026-08-26 1:00,2.9,9,3.2,2.1,15.4
22103,2026-08-26 2:00,4.1,31,3.1,1.8,15.4
22103,2026-08-26 3:00,3,44,2.9,1.8,15.4
22103,2026-08-26 4:00,4.5,25,3,2,14.3
22103,2026-08-26 5:00,6.5,27,3.1,1.9,14.3
22103,2026-08-26 6:00,4.9,54,2.9,2.2,14.3
22103,2026-08-26 7:00,4.6,63,3.1,1.8,14.3
22103,2026-08-26 8:00,4.8,59,3.2,1.9,13.3
22103,2026-08-26 9:00,5.2,55,3.1,2.1,13.3
22103,2026-08-26 10:00,5.8,64,3.2,2.2,13.3
22103,2026-08-26 11:00,5.4,67,3.1,2.1,12.5
22103,2026-08-26 12:00,5.1,72,3,2,13.3
22103,2026-08-26 13:00,4.5,78,2,1.8,12.5
22103,2026-08-26 14:00,4.1,82,2.3,1.7,13.3
22103,2026-08-26 15:00,4.3,69,2.4,1.5,13.3
22103,2026-08-26 16:00,5,54,2.3,1.5,13.3
22103,2026-08-26 17:00,4.8,77,1.8,1.5,12.5
22103,2026-08-26 18:00,4.3,60,2.7,1.5,11.8
22103,2026-08-26 19:00,3.7,68,2.3,1.7,11.8
22103,2026-08-26 20:00,4.1,107,2.7,1.8,11.8
22103,2026-08-26 21:00,4.7,103,3,1.5,11.8
22103,2026-08-26 22:00,4.9,103,2.5,1.7,11.1
22103,2026-08-26 23:00,4.1,107,3,1.9,11.8
22103,2026-08-27 0:00,3,95,3.9,2,11.1
22103,2026-08-27 1:00,1.3,117,3.2,2.1,10.5
22103,2026-08-27 2:00,1.3,86,3.5,2.1,11.8
22103,2026-08-27 3:00,2.7,142,4.1,2,10.5
22103,2026-08-27 4:00,2.3,144,3.4,1.8,11.8
22103,2026-08-27 5:00,2.9,155,3.1,2.1,10.5
22103,2026-08-27 6:00,3.4,138,3.4,2.2,10.5
22103,2026-08-27 7:00,4.8,148,3.6,2.3,11.8
22103,2026-08-27 8:00,4.2,154,3.5,2.5,11.1
22103,2026-08-27 9:00,3.6,159,3.7,2.4,11.8
22103,2026-08-27 10:00,3.6,142,4.5,2.3,11.1
22103,2026-08-27 11:00,4.4,145,3.6,2.2,11.1
22103,2026-08-27 12:00,3.3,127,4.3,2.1,10.5
22103,2026-08-27 13:00,4.1,142,4.1,2.3,11.8
22103,2026-08-27 14:00,4.1,164,3.9,2.5,11.1
22103,2026-08-27 15:00,4.4,165,4.2,2.6,12.5
22103,2026-08-27 16:00,3.2,175,4,2.6,11.8
22103,2026-08-27 17:00,6.2,155,4.3,2.7,11.1
22103,2026-08-27 18:00,5.1,160,4,2.4,11.8
22103,2026-08-27 19:00,5.9,162,3.8,2.4,11.1
22103,2026-08-27 20:00,5,146,4.2,3.1,11.1
22103,2026-08-27 21:00,4.8,148,3.9,2.7,11.1
22103,2026-08-27 22:00,5.4,138,4.2,3,10.5
22103,2026-08-27 23:00,6.4,170,4.1,2.6,11.1
22103,2026-08-28 0:00,7.9,191,4.2,3.1,11.8
22103,2026-08-28 1:00,4.8,174,4.2,3,11.1
22103,2026-08-28 2:00,6.2,171,4.8,3,11.1
22103,2026-08-28 3:00,6.6,174,5.3,2.9,11.1
22103,2026-08-28 4:00,6.7,189,4.3,2.6,11.1
22103,2026-08-28 5:00,7.9,180,5.4,2.8,11.1
22103,2026-08-28 6:00,7.7,181,4.5,2.7,10
22103,2026-08-28 7:00,8,179,4.8,2.8,11.1
22103,2026-08-28 8:00,7.1,184,5,3.1,11.1
22103,2026-08-28 9:00,6.5,184,5.3,2.7,11.8
22103,2026-08-28 10:00,6.8,178,4.7,2.8,11.1
22103,2026-08-28 11:00,6.7,174,4.2,2.7,10.5
22103,2026-08-28 12:00,6.2,180,4.1,2.8,11.1
22103,2026-08-28 13:00,5.3,191,3.6,2.6,11.1
22103,2026-08-28 14:00,5,204,4,2.6,11.1
22103,2026-08-28 15:00,7.6,206,4.5,2.4,10.5
22103,2026-08-28 16:00,6,210,4.2,2.3,11.8
22103,2026-08-28 17:00,6.6,205,3.5,2.1,11.8
22103,2026-08-28 18:00,7.5,195,3.8,2,10.5
22103,2026-08-28 19:00,6,205,3.7,2.2,11.1
22103,2026-08-28 20:00,5.9,217,3.3,2.1,11.8
22103,2026-08-28 21:00,5.2,200,3.6,2.1,10
22103,2026-08-28 22:00,6.5,203,3.9,2.4,11.8
22103,2026-08-28 23:00,5.7,207,3.6,2.3,10.5
22103,2026-08-29 0:00,7.2,211,3.4,2.5,10.5
22103,2026-08-29 1:00,7,214,3.6,2.4,11.1
22103,2026-08-29 2:00,6.5,219,3.4,2.2,10
22103,2026-08-29 3:00,5.6,227,3.9,2.2,11.1
22103,2026-08-29 4:00,6.8,225,2.7,2,11.1
22103,2026-08-29 5:00,6.1,231,3.3,1.8,10
22103,2026-08-29 6:00,6.9,228,3.1,2,10.5
22103,2026-08-29 7:00,6.6,230,2.7,1.9,11.1
22103,2026-08-29 8:00,6.3,234,2.8,1.8,10.5
22103,2026-08-29 9:00,5.9,241,2.8,1.7,9.1
22103,2026-08-29 10:00,5.6,241,2.5,1.7,10
22103,2026-08-29 11:00,6.2,238,2.4,1.6,9.1
22103,2026-08-29 12:00,6,226,2.1,1.5,8.3
22103,2026-08-29 13:00,7.3,231,2.2,1.6,10.5
22103,2026-08-29 14:00,7.5,233,2.7,1.4,8.3
22103,2026-08-29 15:00,7.9,230,1.9,1.5,8.3
22103,2026-08-29 16:00,7.7,232,2.2,1.3,10
22103,2026-08-29 17:00,7.5,222,2.5,1.3,10
22103,2026-08-29 18:00,7.1,228,2.7,1.3,10
22103,2026-08-29 19:00,6.7,227,1.9,1.4,10
22103,2026-08-29 20:00,6,225,2,1.3,9.1
22103,2026-08-29 21:00,5.3,227,2.3,1.3,10
22103,2026-08-29 22:00,4.8,220,1.7,1.1,9.1
22103,2026-08-29 23:00,4.9,223,1.8,1.2,9.1
22103,2026-08-30 0:00,5.6,222,1.7,1.2,7.7
22103,2026-08-30 1:00,5.7,219,1.8,1.2,7.7
22103,2026-08-30 2:00,6.5,226,1.9,1.2,7.1
22103,2026-08-30 3:00,7,226,1.9,1.1,8.3
22103,2026-08-30 4:00,6.2,234,1.8,1.1,8.3
22103,2026-08-30 5:00,5.5,237,1.5,1.1,7.7
22103,2026-08-30 6:00,6.1,231,1.7,1.1,8.3
22103,2026-08-30 7:00,5.4,219,1.6,1.1,8.3
22103,2026-08-30 8:00,4.1,249,1.5,1,7.7
22103,2026-08-30 9:00,3.6,251,1.5,1,7.7
22103,2026-08-30 10:00,3.5,221,1.5,1,7.7
22103,2026-08-30 11:00,4.5,207,1.7,1.1,7.1
22103,2026-08-30 12:00,4.6,209,1.6,1,7.7
22103,2026-08-30 13:00,4.8,199,1.8,1,7.7
22103,2026-08-30 14:00,6.1,201,1.6,1,7.1
22103,2026-08-30 15:00,6.3,199,1.8,1,7.7
22103,2026-08-30 16:00,6.6,204,1.4,1,7.7
22103,2026-08-30 17:00,6.8,204,1.4,1,7.7
22103,2026-08-30 18:00,6.6,215,1.7,1.1,6.7
22103,2026-08-30 19:00,4.9,222,1.8,1.1,7.1
22103,2026-08-30 20:00,4,210,2,1.1,7.1
22103,2026-08-30 21:00,3.4,198,1.3,1,7.7
22103,2026-08-30 22:00,6.6,218,1.4,1,8.3
22103,2026-08-30 23:00,3.5,187,1.4,1.1,6.3
22103,2026-08-31 0:00,5.2,189,2.2,1.1,7.1
22103,2026-08-31 1:00,5.7,193,1.7,1,8.3
22103,2026-08-31 2:00,6,197,1.7,1.1,4.5
22103,2026-08-31 3:00,6.1,208,1.8,1.1,7.7
22103,2026-08-31 4:00,6.6,201,1.6,1.2,7.1
22103,2026-08-31 5:00,7.1,199,1.7,1.1,4.5
22103,2026-08-31 6:00,7.8,197,1.9,1.1,7.1
22103,2026-08-31 7:00,5.8,198,1.9,1.2,5.6
22103,2026-08-31 8:00,6.2,191,2,1.2,5
22103,2026-08-31 9:00,5.8,202,2.1,1.3,5.3
22103,2026-08-31 10:00,6.6,200,2.1,1.4,4.8
22103,2026-08-31 11:00,6.9,199,2.7,1.3,7.1
22103,2026-08-31 12:00,7.5,195,1.8,1.3,7.1
22103,2026-08-31 13:00,7,203,2,1.3,7.1
22103,2026-08-31 14:00,5.6,200,1.9,1.2,7.1
22103,2026-08-31 15:00,5.9,196,2.3,1.3,6.7
22103,2026-08-31 16:00,6.5,188,2.2,1.3,5.6
22103,2026-08-31 17:00,6.6,188,2,1.3,5
22103,2026-08-31 18:00,5.1,198,1.9,1.2,5.3
22103,2026-08-31 19:00,5.5,199,1.9,1.1,4.5
22103,2026-08-31 20:00,5.5,196,1.5,1,5.6
22103,2026-08-31 21:00,5.7,201,1.8,1.1,4.8
22103,2026-08-31 22:00,5.3,204,1.5,1,5.9
22103,2026-08-31 23:00,3.9,214,1.5,1,5
22103,2026-09-01 0:00,3,216,1.7,1,5
22103,2026-09-01 1:00,3,200,1.8,0.9,5.3
22103,2026-09-01 2:00,3.6,195,1.3,0.9,5.6
22103,2026-09-01 3:00,3.7,188,1.5,1,7.7
22103,2026-09-01 4:00,3.2,184,1.5,0.9,8.3
22103,2026-09-01 5:00,3.3,186,1.4,0.9,9.1
22103,2026-09-01 6:00,3.1,195,1.3,0.9,5
22103,2026-09-01 7:00,2.2,212,1.3,0.9,8.3
22103,2026-09-01 8:00,1.4,168,1.3,0.8,8.3
22103,2026-09-01 9:00,2.3,215,1.3,0.8,7.7
22103,2026-09-01 10:00,0.8,280,1.2,0.8,7.7
22103,2026-09-01 11:00,1.7,145,1.4,0.8,8.3
22103,2026-09-01 12:00,4,182,1.6,0.9,10
22103,2026-09-01 13:00,3.2,144,1.3,1.1,4.8
22103,2026-09-01 14:00,3.8,175,1.8,0.9,4.3
22103,2026-09-01 15:00,2.3,162,1.4,0.9,4.8
22103,2026-09-01 16:00,2.9,163,1.3,0.9,5
22103,2026-09-01 17:00,3.1,170,1.5,0.8,4.5
22103,2026-09-01 18:00,3.2,172,1.5,1,5
22103,2026-09-01 19:00,2.3,156,1.3,0.9,5
22103,2026-09-01 20:00,0.9,185,1.2,0.8,6.3
22103,2026-09-01 21:00,0.1,19,1.4,0.8,5.6
22103,2026-09-01 22:00,0.5,60,1.4,0.8,6.3
22103,2026-09-01 23:00,1.6,143,1.4,0.9,6.3
22103,2026-09-02 0:00,1.3,194,1.4,1,5.9
22103,2026-09-02 1:00,0,121,1.5,1,5.9
22103,2026-09-02 2:00,0.6,75,1.3,1,6.7
22103,2026-09-02 3:00,2.2,114,1.4,0.9,7.7
22103,2026-09-02 4:00,2,92,1.4,0.9,8.3
22103,2026-09-02 5:00,1.6,107,1.3,0.9,9.1
22103,2026-09-02 6:00,1.9,100,1.3,0.8,8.3
22103,2026-09-02 7:00,2.3,170,1.1,0.8,9.1
22103,2026-09-02 8:00,1.3,116,1.3,0.8,10
22103,2026-09-02 9:00,2.6,140,1.3,0.8,9.1
22103,2026-09-02 10:00,1.8,117,1.3,0.8,8.3
22103,2026-09-02 11:00,1.8,97,1.2,0.8,8.3
22103,2026-09-02 12:00,1.7,61,1.3,0.7,9.1
22103,2026-09-02 13:00,1.4,101,1.2,0.8,8.3
22103,2026-09-02 14:00,1.7,82,1.3,0.8,8.3
22103,2026-09-02 15:00,1.9,79,1.3,0.8,7.1
22103,2026-09-02 16:00,2.2,94,1.2,1,8.3
22103,2026-09-02 17:00,3.2,131,1.3,0.8,7.7
22103,2026-09-02 18:00,2,139,1.6,0.9,9.1
22103,2026-09-02 19:00,0.8,116,1.4,0.9,10
22103,2026-09-02 20:00,1.6,28,1.4,0.9,10
22103,2026-09-02 21:00,1.2,31,1.6,0.9,11.1
22103,2026-09-02 22:00,1.7,13,1.7,0.9,8.3
22103,2026-09-02 23:00,1.8,355,1.7,0.9,10
22103,2026-09-03 0:00,1.3,24,1.7,0.9,10
22103,2026-09-03 1:00,2.3,3,1.3,0.9,10
22103,2026-09-03 2:00,0.8,15,1.3,0.8,9.1
22103,2026-09-03 3:00,1.5,47,1.3,0.9,9.1
22103,2026-09-03 4:00,1.2,37,1.2,0.8,10.5
22103,2026-09-03 5:00,2.1,25,1.2,0.8,9.1
22103,2026-09-03 6:00,2.4,16,1,0.7,9.1
22103,2026-09-03 7:00,1.5,46,1.2,0.7,10
22103,2026-09-03 8:00,2.9,30,1.1,0.6,10
22103,2026-09-03 9:00,3.9,40,1.2,0.7,10
22103,2026-09-03 10:00,5,40,1.3,0.8,10
22103,2026-09-03 11:00,4.7,51,1.2,0.8,10
22103,2026-09-03 12:00,5.3,65,1.1,0.8,10
22103,2026-09-03 13:00,5.6,72,1.4,0.8,10
22103,2026-09-03 14:00,5.4,69,1.5,0.8,9.1
22103,2026-09-03 15:00,6.5,72,1.1,0.9,9.1
22103,2026-09-03 16:00,6.8,70,1.5,0.8,8.3
22103,2026-09-03 17:00,7.6,69,1.5,0.9,9.1
22103,2026-09-03 18:00,8.2,68,1.8,1,8.3
22103,2026-09-03 19:00,10.2,71,1.7,1.1,5.3
22103,2026-09-03 20:00,9.7,70,1.9,1.2,5.6
22103,2026-09-03 21:00,10.9,68,2.4,1.6,5.6
22103,2026-09-03 22:00,10.5,64,3.3,1.7,6.3
22103,2026-09-03 23:00,11.2,65,3.4,1.7,6.7
22103,2026-09-04 0:00,12.9,60,3.2,1.9,6.7
22103,2026-09-04 1:00,12.4,57,3.6,2.1,7.7
22103,2026-09-04 2:00,11.7,60,3.5,2.2,6.3
22103,2026-09-04 3:00,11.9,57,3,2,5.9
22103,2026-09-04 4:00,11.1,55,3.1,2,5.6
22103,2026-09-04 5:00,12,57,3.3,1.9,11.1
22103,2026-09-04 6:00,12.6,58,3,2.2,6.3
22103,2026-09-04 7:00,12.8,57,3.3,2.3,6.3
22103,2026-09-04 8:00,14,64,4.5,2.5,6.3
22103,2026-09-04 9:00,14.5,59,4.8,2.4,6.3
22103,2026-09-04 10:00,15.6,62,5.4,2.9,7.1
22103,2026-09-04 11:00,14.6,63,5.1,3.1,7.7
22103,2026-09-04 12:00,14.6,61,5.4,3.1,7.7
22103,2026-09-04 13:00,16.5,65,4.5,3.2,9.1
22103,2026-09-04 14:00,16.9,61,5.1,3.3,9.1
22103,2026-09-04 15:00,15.4,64,4.9,3.4,6.7
22103,2026-09-04 16:00,15.5,63,6.3,3.3,9.1
22103,2026-09-04 17:00,15.3,62,4.6,3.2,10
22103,2026-09-04 18:00,15.9,63,5.1,3.1,9.1
22103,2026-09-04 19:00,16,61,5.2,3.3,8.3
22103,2026-09-04 20:00,14.8,58,4.9,3.3,9.1
22103,2026-09-04 21:00,13.7,53,5.4,3.2,9.1
22103,2026-09-04 22:00,12.5,54,4.6,3.5,9.1
22103,2026-09-04 23:00,12.3,56,5.5,3,9.1
22103,2026-09-05 0:00,14.4,66,5.7,3.1,9.1
22103,2026-09-05 1:00,11.9,49,4.3,2.9,10.5
22103,2026-09-05 2:00,11.6,53,4.1,2.7,7.1
22103,2026-09-05 3:00,14.8,63,4.1,2.8,8.3
22103,2026-09-05 4:00,13.4,58,4.5,3,7.1
22103,2026-09-05 5:00,12.6,54,4.5,2.6,7.7
22103,2026-09-05 6:00,13.7,45,4.5,2.6,7.7
22103,2026-09-05 7:00,12.4,46,4.1,2.7,9.1
22103,2026-09-05 8:00,12.1,47,3.9,2.7,7.7
22103,2026-09-05 9:00,12.1,43,4.2,2.7,7.7
22103,2026-09-05 10:00,11.8,47,4.4,2.6,9.1
22103,2026-09-05 11:00,13.2,62,4,2.8,7.1
22103,2026-09-05 12:00,13.5,63,5,2.7,8.3
22103,2026-09-05 13:00,13.2,60,5.1,3,7.7
22103,2026-09-05 14:00,14.1,63,4.1,2.8,7.7
22103,2026-09-05 15:00,13.7,67,3.6,2.8,7.7
22103,2026-09-05 16:00,14,67,3.5,2.5,7.1
22103,2026-09-05 17:00,13.6,63,3.6,2.6,7.1
22103,2026-09-05 18:00,13.5,62,4.6,2.5,7.7
22103,2026-09-05 19:00,14.1,62,4.4,2.5,7.7
22103,2026-09-05 20:00,12.4,60,3.9,2.7,7.7
22103,2026-09-05 21:00,10.7,57,4.1,2.7,7.7
22103,2026-09-05 22:00,11.1,53,3.5,2.5,7.7
22103,2026-09-05 23:00,11.4,49,3.7,2.4,7.7
22103,2026-09-06 0:00,10.1,46,3.7,2.1,7.1
22103,2026-09-06 1:00,11,46,3.5,2.2,7.7
22103,2026-09-06 2:00,10.7,50,3.2,2,7.1
22103,2026-09-06 3:00,10.1,40,2.8,2,5.9
22103,2026-09-06 4:00,10.6,41,3.2,2.1,8.3
22103,2026-09-06 5:00,10.7,39,4,2.1,7.7
22103,2026-09-06 6:00,11.8,42,3.2,2,6.3
22103,2026-09-06 7:00,10.8,44,3.5,2.1,6.3
22103,2026-09-06 8:00,10,44,3.1,2,6.7
22103,2026-09-06 9:00,11.3,46,3.2,2.1,5.6
22103,2026-09-06 10:00,10.5,45,3.6,2.2,7.7
22103,2026-09-06 11:00,10.9,39,3.3,2.3,6.3
22103,2026-09-06 12:00,10.2,41,3.6,2.2,7.7
22103,2026-09-06 13:00,9.8,43,3.1,2.1,7.1
22103,2026-09-06 14:00,9.5,46,3.3,2.1,6.7
22103,2026-09-06 15:00,11.5,61,3.6,2.4,6.7
22103,2026-09-06 16:00,10,65,3.4,2.5,7.7
22103,2026-09-06 17:00,11,65,3.4,2.4,6.7
22103,2026-09-06 18:00,10.4,68,3.1,2.1,6.7
22103,2026-09-06 19:00,11,71,3,1.9,7.1
22103,2026-09-06 20:00,11.2,69,3,2,5.9
22103,2026-09-06 21:00,8.4,59,3,2.1,7.1
22103,2026-09-06 22:00,9.4,54,3.2,2.2,7.1
22103,2026-09-06 23:00,9.4,36,3.3,1.9,8.3
22103,2026-09-07 0:00,9.1,33,3,1.9,9.1
22103,2026-09-07 1:00,10,28,2.8,1.8,8.3
22103,2026-09-07 2:00,9,29,2.4,1.8,6.7
22103,2026-09-07 3:00,9.5,35,2.6,1.7,7.1
22103,2026-09-07 4:00,9.2,33,2.2,1.5,6.3
22103,2026-09-07 5:00,8.6,22,2.2,1.4,7.7
22103,2026-09-07 6:00,8.8,22,2.2,1.4,6.7
22103,2026-09-07 7:00,9,39,2.3,1.4,5.9
22103,2026-09-07 8:00,9.3,40,1.9,1.3,9.1
22103,2026-09-07 9:00,8.9,38,2.6,1.4,6.7
22103,2026-09-07 10:00,8.7,38,2.3,1.4,5.6
22103,2026-09-07 11:00,8,35,2.1,1.4,7.1
22103,2026-09-07 12:00,7.7,40,2.7,1.3,7.7
22103,2026-09-07 13:00,6.5,40,2.2,1.3,8.3
22103,2026-09-07 14:00,6.9,58,1.9,1.4,6.3
22103,2026-09-07 15:00,6.7,64,2.1,1.3,6.3
22103,2026-09-07 16:00,6.2,69,2.1,1.3,6.7
22103,2026-09-07 17:00,5.3,68,2,1.4,8.3
22103,2026-09-07 18:00,4.6,62,1.6,1.3,7.1
22103,2026-09-07 19:00,6.5,74,1.9,1.3,5.9
22103,2026-09-07 20:00,6.7,74,2.3,1.3,6.3
22103,2026-09-07 21:00,7.4,78,2.4,1.4,6.7
22103,2026-09-07 22:00,7.8,75,2.9,1.6,6.7
22103,2026-09-07 23:00,8.6,73,2.7,1.6,6.3
22103,2026-09-08 0:00,8.6,67,3,1.8,6.7
22103,2026-09-08 1:00,8.2,66,2.9,1.7,7.1
22103,2026-09-08 2:00,7,56,2.3,1.6,7.1
22103,2026-09-08 3:00,7.3,47,2.3,1.5,7.7
22103,2026-09-08 4:00,7.5,48,2.7,1.5,7.7
22103,2026-09-08 5:00,7.8,43,2.1,1.4,7.7
22103,2026-09-08 6:00,7.3,38,2.5,1.5,8.3
22103,2026-09-08 7:00,6.7,28,2.1,1.4,8.3
22103,2026-09-08 8:00,6.3,29,2.1,1.3,8.3
22103,2026-09-08 9:00,6.1,33,1.8,1.3,8.3
22103,2026-09-08 10:00,6.1,18,1.6,1.3,7.7
22103,2026-09-08 11:00,5.6,27,1.7,1.2,8.3
22103,2026-09-08 12:00,5.1,28,1.4,1.1,7.1
22103,2026-09-08 13:00,4.3,41,1.5,1,7.1
22103,2026-09-08 14:00,3.8,52,1.4,1,6.3
22103,2026-09-08 15:00,3.4,69,1.2,0.9,7.1
22103,2026-09-08 16:00,4.8,89,1.2,0.9,7.7
22103,2026-09-08 17:00,4.8,84,1.5,0.9,6.7
22103,2026-09-08 18:00,3.2,78,1.4,1,6.7
22103,2026-09-08 19:00,3.3,74,1.8,1,6.7
22103,2026-09-08 20:00,4.2,77,1.6,1.1,7.7
22103,2026-09-08 21:00,4.5,76,1.7,1,7.1
22103,2026-09-08 22:00,4.6,56,1.8,1.2,6.7
22103,2026-09-08 23:00,4.9,57,2,1.2,7.1
22103,2026-09-09 0:00,4.4,14,2.2,1.3,6.7
22103,2026-09-09 1:00,4.9,352,1.9,1.3,7.7
22103,2026-09-09 2:00,5.7,13,1.7,1.2,7.7
22103,2026-09-09 3:00,6.6,19,1.7,1.1,8.3
22103,2026-09-09 4:00,6.1,33,1.9,1.1,7.7
22103,2026-09-09 5:00,6.7,37,1.6,1,7.7
22103,2026-09-09 6:00,7.7,47,1.5,1.1,8.3
22103,2026-09-09 7:00,8.3,52,1.9,1.1,7.1
22103,2026-09-09 8:00,9.2,52,2,1.4,7.7
22103,2026-09-09 9:00,9.6,53,2.3,1.4,6.7
22103,2026-09-09 10:00,8.9,51,2.3,1.5,7.7
22103,2026-09-09 11:00,9.2,54,3.6,1.6,7.7
22103,2026-09-09 12:00,9,65,2.6,1.8,7.1
22103,2026-09-09 13:00,8.5,66,3.2,1.7,10
22103,2026-09-09 14:00,8.8,58,3,1.9,10
22103,2026-09-09 15:00,10,69,3.4,2.3,10
22103,2026-09-09 16:00,10.8,67,3.8,2.4,9.1
22103,2026-09-09 17:00,11.6,62,3.2,2.4,10
22103,2026-09-09 18:00,12.1,62,4,2.3,9.1
22103,2026-09-09 19:00,12.9,64,3.7,2.2,7.7
22103,2026-09-09 20:00,11.9,67,3.1,2.4,6.7
22103,2026-09-09 21:00,12.3,65,3.9,2,7.1
22103,2026-09-09 22:00,12,60,4.2,2.1,7.7
22103,2026-09-09 23:00,11.5,52,3.6,2.1,6.7
22103,2026-09-10 0:00,11.4,55,3.3,2.1,7.1
22103,2026-09-10 1:00,10.8,49,3.6,2.1,7.7
22103,2026-09-10 2:00,9.9,53,3.6,2.1,6.7
22103,2026-09-10 3:00,10.1,51,2.9,2,8.3
22103,2026-09-10 4:00,10.1,55,3,1.9,8.3
22103,2026-09-10 5:00,10.4,55,3,1.8,7.7
22103,2026-09-10 6:00,10,55,3.2,1.9,8.3
22103,2026-09-10 7:00,10.6,51,3.5,1.8,7.7
22103,2026-09-10 8:00,10.4,48,2.7,1.8,7.7
22103,2026-09-10 9:00,10.6,50,2.9,1.9,5.3
22103,2026-09-10 10:00,10.7,57,2.4,1.8,8.3
22103,2026-09-10 11:00,10.4,63,3.1,1.9,8.3
22103,2026-09-10 12:00,11,63,2.6,1.8,7.7
22103,2026-09-10 13:00,10.7,64,3,1.8,7.7
22103,2026-09-10 14:00,9.8,58,3,1.9,7.7
22103,2026-09-10 15:00,8.8,57,3.1,1.9,7.1
22103,2026-09-10 16:00,10.2,66,2.4,1.8,7.7
22103,2026-09-10 17:00,8.6,59,2.7,1.8,7.7
22103,2026-09-10 18:00,8.2,69,2.7,1.6,7.7
22103,2026-09-10 19:00,8.1,64,2.6,1.6,6.7
22103,2026-09-10 20:00,7.8,73,2.1,1.7,7.1
22103,2026-09-10 21:00,8.1,80,2.2,1.5,6.7
22103,2026-09-10 22:00,7.8,79,2.2,1.5,6.3
22103,2026-09-10 23:00,7.8,74,2.3,1.4,6.3
22103,2026-09-11 0:00,6.8,74,2.2,1.5,6.3
22103,2026-09-11 1:00,7.8,67,2.4,1.4,6.7
22103,2026-09-11 2:00,7.3,64,2.1,1.4,6.7
22103,2026-09-11 3:00,6.2,54,2.3,1.3,6.7
22103,2026-09-11 4:00,5.7,59,1.8,1.2,6.7
22103,2026-09-11 5:00,6.3,50,2.6,1.3,7.7
22103,2026-09-11 6:00,6.1,53,2.1,1.3,6.7
22103,2026-09-11 7:00,6.6,42,2.2,1.3,7.1
22103,2026-09-11 8:00,6.3,52,2,1.3,6.7
22103,2026-09-11 9:00,6,53,1.5,1.3,6.3
22103,2026-09-11 10:00,5.9,51,1.8,1.2,5.9
22103,2026-09-11 11:00,6.2,51,1.7,1.2,6.3
22103,2026-09-11 12:00,5.8,49,1.5,1,6.7
22103,2026-09-11 13:00,4.9,41,1.4,1,6.7
22103,2026-09-11 14:00,4.2,47,1.4,1,6.3
22103,2026-09-11 15:00,4.5,59,1.3,0.9,5.9
22103,2026-09-11 16:00,4.5,59,1.2,0.8,6.7
22103,2026-09-11 17:00,4.3,60,1.3,0.7,6.3
22103,2026-09-11 18:00,4.7,76,1.4,0.8,5.3
22103,2026-09-11 19:00,4.7,76,1.4,0.9,5.9
22103,2026-09-11 20:00,4.5,67,1.5,0.9,5.6
22103,2026-09-11 21:00,5.2,62,1.6,0.9,5.3
22103,2026-09-11 22:00,5.2,56,1.3,0.9,5
22103,2026-09-11 23:00,5.6,65,1.5,1,5.9
22103,2026-09-12 0:00,5.7,78,1.4,1,5.6
22103,2026-09-12 1:00,6,74,1.3,0.9,5.6
22103,2026-09-12 2:00,6.9,72,1.3,0.8,5.9
22103,2026-09-12 3:00,6.7,61,1.3,0.8,5
22103,2026-09-12 4:00,6.8,48,1.2,0.8,5.3
22103,2026-09-12 5:00,6.3,40,1.3,0.9,5.9
22103,2026-09-12 6:00,6.4,37,1.2,0.9,5.6
22103,2026-09-12 7:00,6.3,39,1.5,0.9,5.9
22103,2026-09-12 8:00,6.8,33,1.3,1,5.9
22103,2026-09-12 9:00,6.8,38,1.8,0.9,5.3
22103,2026-09-12 10:00,6.3,42,1.6,1,5.3
22103,2026-09-12 11:00,6.3,41,1.4,0.9,5.3
22103,2026-09-12 12:00,5.4,60,1.4,0.9,4.8
22103,2026-09-12 13:00,5.3,61,1.3,0.8,5.3
22103,2026-09-12 14:00,5,60,1.3,0.8,5.9
22103,2026-09-12 15:00,4.8,61,1.3,0.8,4.8
22103,2026-09-12 16:00,5,55,1.4,0.8,5.9
22103,2026-09-12 17:00,4.6,68,1.2,0.9,5.3
22103,2026-09-12 18:00,4.7,72,1.2,0.8,5.9
22103,2026-09-12 19:00,5,77,1.4,0.8,5.6
22103,2026-09-12 20:00,5.2,82,1.4,0.9,5
22103,2026-09-12 21:00,4.9,85,1.2,0.8,5
22103,2026-09-12 22:00,4.9,87,1.1,0.8,5
22103,2026-09-12 23:00,4.1,75,1.4,0.8,5.3
22103,2026-09-13 0:00,4.1,78,1,0.9,5
22103,2026-09-13 1:00,3.6,66,1.2,0.8,5.9
22103,2026-09-13 2:00,3.6,81,0.9,0.7,6.3
22103,2026-09-13 3:00,3.7,63,1,0.6,5.6
22103,2026-09-13 4:00,3.5,37,1.1,0.6,5.9
22103,2026-09-13 5:00,5.3,30,0.9,0.6,5.3
22103,2026-09-13 6:00,5.5,34,1,0.6,5.6
22103,2026-09-13 7:00,4.9,49,1.1,0.7,5.6
22103,2026-09-13 8:00,4.2,42,0.9,0.6,4.8
22103,2026-09-13 9:00,3.7,29,0.9,0.6,5
22103,2026-09-13 10:00,3.1,39,0.8,0.6,4.8
22103,2026-09-13 11:00,2.9,39,0.9,0.6,4
22103,2026-09-13 12:00,2.8,31,0.8,0.5,4.5
22103,2026-09-13 13:00,2.1,39,0.6,0.5,4.5
22103,2026-09-13 14:00,1,354,0.7,0.5,4.5
22103,2026-09-13 15:00,0.6,276,0.6,0.4,4.5
22103,2026-09-13 16:00,1.6,253,0.6,0.4,4.8
22103,2026-09-13 17:00,3.1,247,0.8,0.4,4.2
22103,2026-09-13 18:00,4.5,268,0.6,0.4,5.3
22103,2026-09-13 19:00,4.7,257,0.6,0.4,5.3
22103,2026-09-13 20:00,5.4,287,0.6,0.4,4.8
22103,2026-09-13 21:00,4.7,295,0.5,0.4,6.7
22103,2026-09-13 22:00,5.6,316,0.6,0.4,5.3
22103,2026-09-13 23:00,3.9,324,0.7,0.5,3.4
22103,2026-09-14 0:00,4.1,315,0.7,0.5,3.6
22103,2026-09-14 1:00,5,311,0.8,0.5,3.3
22103,2026-09-14 2:00,4.6,310,0.7,0.5,2.8
22103,2026-09-14 3:00,5.3,325,0.7,0.5,2.6
22103,2026-09-14 4:00,5.4,324,0.7,0.4,2.6
22103,2026-09-14 5:00,5.6,328,0.6,0.5,2.9
22103,2026-09-14 6:00,6.5,340,0.7,0.5,2.8
22103,2026-09-14 7:00,7.2,331,0.9,0.5,3.1
22103,2026-09-14 8:00,7.2,331,0.8,0.6,3
22103,2026-09-14 9:00,6.6,343,1,0.6,3.3
22103,2026-09-14 10:00,5.7,353,0.8,0.5,3.4
22103,2026-09-14 11:00,4,3,0.6,0.5,3.2
22103,2026-09-14 12:00,4,19,0.7,0.5,3.3
22103,2026-09-14 13:00,4,20,0.7,0.5,3.3
22103,2026-09-14 14:00,3.5,8,0.7,0.4,3.4
22103,2026-09-14 15:00,2.9,358,0.6,0.4,4
22103,2026-09-14 16:00,2.3,331,0.6,0.4,3.8
22103,2026-09-14 17:00,2.2,315,0.5,0.3,3.8
22103,2026-09-14 18:00,1.5,306,0.5,0.3,3.8
22103,2026-09-14 19:00,1,191,0.4,0.3,4.5
22103,2026-09-14 20:00,1.4,259,0.4,0.3,3.8
22103,2026-09-14 21:00,2.6,270,0.5,0.3,3.6
22103,2026-09-14 22:00,2.6,310,0.4,0.3,8.3
22103,2026-09-14 23:00,2.3,326,0.4,0.3,5.9
22103,2026-09-15 0:00,4.5,345,0.4,0.3,8.3
22103,2026-09-15 1:00,5.3,345,0.5,0.3,7.1
22103,2026-09-15 2:00,4.9,349,0.7,0.4,2.6
22103,2026-09-15 3:00,5.2,346,0.9,0.4,3
22103,2026-09-15 4:00,6,342,0.7,0.5,2.9
22103,2026-09-15 5:00,5.4,352,0.6,0.5,2.7
22103,2026-09-15 6:00,4.5,5,0.8,0.5,3
22103,2026-09-15 7:00,4.3,352,0.7,0.5,4.5
22103,2026-09-15 8:00,5.5,347,0.8,0.5,4.5
22103,2026-09-15 9:00,4.9,8,0.8,0.5,4.5
22103,2026-09-15 10:00,4.3,25,0.7,0.5,4.5
22103,2026-09-15 11:00,4.9,20,0.9,0.6,4.5
22103,2026-09-15 12:00,4.3,11,0.9,0.6,3.8
22103,2026-09-15 13:00,3.9,15,1.1,0.6,4
22103,2026-09-15 14:00,3.7,8,0.8,0.6,4.8
22103,2026-09-15 15:00,2.4,356,0.8,0.5,4.5
22103,2026-09-15 16:00,1.8,8,0.8,0.6,4.5
22103,2026-09-15 17:00,1.7,28,0.8,0.6,5.3
22103,2026-09-15 18:00,1.2,31,0.7,0.5,5.3
22103,2026-09-15 19:00,1.1,4,0.8,0.5,5
22103,2026-09-15 20:00,1.8,356,0.7,0.5,4.2
22103,2026-09-15 21:00,2.6,50,0.7,0.5,4.3
22103,2026-09-15 22:00,1.9,42,0.9,0.5,4.5
22103,2026-09-15 23:00,1.4,16,0.9,0.5,4.2
22103,2026-09-16 0:00,4.2,79,0.9,0.5,4.8
22103,2026-09-16 1:00,4.9,66,0.9,0.5,4.3
22103,2026-09-16 2:00,5.6,69,1.1,0.7,4.5
22103,2026-09-16 3:00,6.5,72,1.1,0.7,4.8
22103,2026-09-16 4:00,7,58,1.2,0.7,4.8
22103,2026-09-16 5:00,7.3,54,1.4,0.8,5
22103,2026-09-16 6:00,6.8,53,1.4,0.9,4.5
22103,2026-09-16 7:00,7.9,58,1.5,0.9,5
22103,2026-09-16 8:00,8.2,43,1.4,1,5
22103,2026-09-16 9:00,8.7,50,1.5,1,4.8
22103,2026-09-16 10:00,8.3,58,1.6,1,5.3
22103,2026-09-16 11:00,8.3,53,2.2,1.2,5
22103,2026-09-16 12:00,8.4,60,2.1,1.4,5.6
22103,2026-09-16 13:00,10,65,1.9,1.3,5.6
22103,2026-09-16 14:00,11.1,64,2.2,1.3,5.6
22103,2026-09-16 15:00,11.1,65,2.1,1.4,5.3
22103,2026-09-16 16:00,10.6,72,2.7,1.6,6.3
22103,2026-09-16 17:00,8.7,76,2.8,1.9,6.3
22103,2026-09-16 18:00,9.6,80,2.9,1.9,7.1
22103,2026-09-16 19:00,9.4,77,2.7,1.7,7.1
22103,2026-09-16 20:00,9.5,75,3,1.7,7.1
22103,2026-09-16 21:00,11.1,77,3.1,2,7.1
22103,2026-09-16 22:00,11.7,75,3.2,2,7.1
22103,2026-09-16 23:00,11.6,71,3.2,2.1,7.1
22103,2026-09-17 0:00,10.7,59,3.1,2.3,7.7
22103,2026-09-17 1:00,10.2,52,3.1,2.2,7.7
22103,2026-09-17 2:00,10.3,53,3,2,7.1
22103,2026-09-17 3:00,9.9,45,3.1,1.8,6.3
22103,2026-09-17 4:00,9.8,45,2.4,1.7,6.7
22103,2026-09-17 5:00,9.6,47,2.2,1.6,7.1
22103,2026-09-17 6:00,10.6,47,2.4,1.5,7.1
22103,2026-09-17 7:00,10.2,45,2.4,1.6,7.1
22103,2026-09-17 8:00,10.6,48,2.7,1.6,7.1
22103,2026-09-17 9:00,10.9,50,2.6,1.8,7.1
22103,2026-09-17 10:00,10.1,52,2.3,1.7,6.7
22103,2026-09-17 11:00,11.9,66,3.4,1.7,6.3
22103,2026-09-17 12:00,12.4,69,2.7,1.8,7.1
22103,2026-09-17 13:00,12.7,65,2.7,1.9,7.1
22103,2026-09-17 14:00,12.4,68,3.1,2,6.7
22103,2026-09-17 15:00,12.3,67,3.2,1.9,7.1
22103,2026-09-17 16:00,13.4,62,3.1,2.1,7.1
22103,2026-09-17 17:00,12.9,61,3.3,2,7.1
22103,2026-09-17 18:00,12.6,60,4.8,2.2,7.1
22103,2026-09-17 19:00,12.8,67,3.6,2.3,7.1
22103,2026-09-17 20:00,12.6,67,4.4,2.3,7.1
22103,2026-09-17 21:00,12.7,63,3.3,2.3,7.7
22103,2026-09-17 22:00,12.2,62,3.4,2.3,7.7
22103,2026-09-17 23:00,13.2,64,3.6,2.3,7.7
22103,2026-09-18 0:00,12.3,62,3.9,2.4,7.7
22103,2026-09-18 1:00,11.8,58,3.3,2.2,7.7
22103,2026-09-18 2:00,11.6,61,3.9,2.3,7.1
22103,2026-09-18 3:00,11.1,58,2.9,2.2,7.7
22103,2026-09-18 4:00,9.7,45,3,1.9,7.7
22103,2026-09-18 5:00,10.3,50,2.9,1.9,7.1
22103,2026-09-18 6:00,11,61,3.1,1.8,7.1
22103,2026-09-18 7:00,12.4,68,3.1,2,7.1
22103,2026-09-18 8:00,11.9,65,3.4,2,5.9
22103,2026-09-18 9:00,12.5,63,3.4,2,6.3
22103,2026-09-18 10:00,11.5,60,3.2,2.2,7.1
22103,2026-09-18 11:00,10.9,61,3,2.2,7.1
22103,2026-09-18 12:00,11.5,66,3.3,2,6.7
22103,2026-09-18 13:00,11.6,58,2.8,1.9,6.7
22103,2026-09-18 14:00,11.3,57,2.6,1.9,7.1
22103,2026-09-18 15:00,11.7,59,3.2,1.7,6.7
22103,2026-09-18 16:00,12.1,60,2.8,1.9,6.7
22103,2026-09-18 17:00,11.4,62,3.4,1.8,6.3
22103,2026-09-18 18:00,11.6,61,2.8,2,6.3
22103,2026-09-18 19:00,11.6,67,2.9,2,6.3
22103,2026-09-18 20:00,11.2,63,3.1,2,6.3
22103,2026-09-18 21:00,11.4,64,3.2,2.1,6.7
22103,2026-09-18 22:00,10.4,61,3,2.1,6.7
22103,2026-09-18 23:00,10,57,3.1,2,7.1
22103,2026-09-19 0:00,9.8,51,3.3,1.8,6.7
22103,2026-09-19 1:00,9.4,51,2.5,1.7,7.1
22103,2026-09-19 2:00,9.3,50,2.9,1.8,6.7
22103,2026-09-19 3:00,9.1,47,2.4,1.6,7.1
22103,2026-09-19 4:00,9,44,2.5,1.6,6.7
22103,2026-09-19 5:00,10.1,37,2.4,1.7,7.7
22103,2026-09-19 6:00,10.2,45,2.8,1.5,5.9
22103,2026-09-19 7:00,9.7,46,2.1,1.5,7.1
22103,2026-09-19 8:00,9.9,46,2.4,1.5,7.1
22103,2026-09-19 9:00,9.2,43,2.2,1.5,5.6
22103,2026-09-19 10:00,9.2,45,2.1,1.5,5.9
22103,2026-09-19 11:00,8.8,52,2.2,1.4,6.7
22103,2026-09-19 12:00,8.7,38,2.2,1.5,6.7
22103,2026-09-19 13:00,8.2,35,2.1,1.3,6.3
22103,2026-09-19 14:00,8.5,41,2.2,1.2,6.7
22103,2026-09-19 15:00,7.2,42,2.1,1.3,6.7
22103,2026-09-19 16:00,6.3,28,1.8,1.2,6.3
22103,2026-09-19 17:00,6,34,2.3,1.2,5.9
22103,2026-09-19 18:00,5.4,44,1.8,1.3,6.3
22103,2026-09-19 19:00,7.7,73,2.2,1.1,7.1
22103,2026-09-19 20:00,8.2,74,2,1.3,7.1
22103,2026-09-19 21:00,8.3,76,2.3,1.4,5.9
22103,2026-09-19 22:00,9.8,69,2.5,1.6,6.7
22103,2026-09-19 23:00,9.5,72,2.3,1.7,7.1
22103,2026-09-20 0:00,9.9,65,2.8,1.6,5.9
22103,2026-09-20 1:00,7.7,63,2.7,1.7,6.7
22103,2026-09-20 2:00,7.8,55,2.5,1.4,6.7
22103,2026-09-20 3:00,7.7,47,2.7,1.5,7.1
22103,2026-09-20 4:00,7.5,40,2.1,1.3,7.7
22103,2026-09-20 5:00,7.7,45,2.1,1.3,7.7
22103,2026-09-20 6:00,8.1,48,1.7,1.3,7.1
22103,2026-09-20 7:00,8.3,45,1.7,1.2,7.1
22103,2026-09-20 8:00,7.4,40,1.7,1.2,7.7
22103,2026-09-20 9:00,7.3,45,1.9,1.2,7.1
22103,2026-09-20 10:00,6.8,42,1.7,1.1,7.1
22103,2026-09-20 11:00,6.5,44,1.6,1.1,7.7
22103,2026-09-20 12:00,6.2,48,1.5,1.1,7.1
22103,2026-09-20 13:00,5.4,42,1.5,1.1,7.1
22103,2026-09-20 14:00,4.8,39,1.5,1,6.7
22103,2026-09-20 15:00,3.7,60,1.8,1.1,7.1
22103,2026-09-20 16:00,2.4,66,2.1,1,7.1
22103,2026-09-20 17:00,1.3,24,1.4,0.9,6.3
22103,2026-09-20 18:00,0.8,351,1.3,0.8,7.1
22103,2026-09-20 19:00,0.9,321,1.4,0.9,7.1
22103,2026-09-20 20:00,0.2,352,1.1,0.8,6.7
22103,2026-09-20 21:00,1.9,106,1.2,0.9,6.7
22103,2026-09-20 22:00,0.9,105,1.4,0.8,7.1
22103,2026-09-20 23:00,3.2,87,1.4,0.8,7.7
22103,2026-09-21 0:00,3,72,1.3,0.9,7.7
22103,2026-09-21 1:00,4,91,1.4,0.8,6.7
22103,2026-09-21 2:00,2.3,67,1.5,0.9,7.7
22103,2026-09-21 3:00,1.1,36,1.6,1,6.7
22103,2026-09-21 4:00,1.6,341,1.7,1,7.7
22103,2026-09-21 5:00,2.6,337,1.6,1.1,6.7
22103,2026-09-21 6:00,4.7,340,1.8,1,7.1
22103,2026-09-21 7:00,4.7,347,1.2,0.9,7.1
22103,2026-09-21 8:00,5.4,26,1.3,0.8,6.7
22103,2026-09-21 9:00,5.1,44,1.1,0.8,7.7
22103,2026-09-21 10:00,5.8,29,2.1,0.8,7.7
22103,2026-09-21 11:00,5.7,27,1.4,0.9,6.3
22103,2026-09-21 12:00,6,50,1.3,0.9,7.7
22103,2026-09-21 13:00,5.8,48,1.3,0.9,7.1
22103,2026-09-21 14:00,5.4,51,1.3,0.8,7.1
22103,2026-09-21 15:00,4.5,76,1.3,0.9,5.9
22103,2026-09-21 16:00,5,74,1.3,0.8,7.1
22103,2026-09-21 17:00,5.2,75,1.4,0.9,6.7
22103,2026-09-21 18:00,5.8,86,1.3,0.8,6.7
22103,2026-09-21 19:00,6.5,90,1.4,0.9,7.1
22103,2026-09-21 20:00,7.4,90,1.8,0.9,7.1
22103,2026-09-21 21:00,6.5,80,2,1,6.3
22103,2026-09-21 22:00,6.5,81,1.7,1.1,6.7
22103,2026-09-21 23:00,7,70,1.6,1.1,7.1
22103,2026-09-22 0:00,7.3,69,1.5,1.1,6.3
22103,2026-09-22 1:00,7.9,66,1.9,1.1,7.7
22103,2026-09-22 2:00,7.6,61,1.9,1.1,7.7
22103,2026-09-22 3:00,6.2,28,2.3,1.2,7.7
22103,2026-09-22 4:00,6.2,37,1.5,1.1,7.7
22103,2026-09-22 5:00,6.6,50,1.5,1.1,7.7
22103,2026-09-22 6:00,7.5,46,1.5,1,7.1
22103,2026-09-22 7:00,7.9,50,1.6,1.1,6.3
22103,2026-09-22 8:00,8.6,51,2,1.1,7.7
22103,2026-09-22 9:00,8.3,54,1.7,1.2,8.3
22103,2026-09-22 10:00,8.6,54,2,1.1,6.3
22103,2026-09-22 11:00,8.2,59,1.8,1.2,6.3
22103,2026-09-22 12:00,8.8,65,1.7,1.1,7.1
22103,2026-09-22 13:00,10.6,71,1.9,1.2,6.7
22103,2026-09-22 14:00,11.4,67,2.3,1.3,6.3
22103,2026-09-22 15:00,11.3,67,2.5,1.5,5.6
22103,2026-09-22 16:00,9.8,69,2.5,1.7,6.7
22103,2026-09-22 17:00,10.2,73,3.1,1.7,5.9
22103,2026-09-22 18:00,10,77,2.6,1.8,7.1
22103,2026-09-22 19:00,9.8,78,2.8,1.7,6.7
22103,2026-09-22 20:00,10.3,76,2.6,1.9,7.1
22103,2026-09-22 21:00,10.7,73,3.2,1.9,7.1
22103,2026-09-22 22:00,11.1,71,3,2.1,7.1
22103,2026-09-22 23:00,10.6,71,3.1,2.1,6.7
22103,2026-09-23 0:00,10.2,65,3,2.1,7.1
22103,2026-09-23 1:00,9.4,60,2.9,2,7.7
22103,2026-09-23 2:00,9.1,61,3,1.9,7.1
22103,2026-09-23 3:00,9.2,56,2.5,1.9,7.7
22103,2026-09-23 4:00,8.4,57,2.7,1.8,7.1
22103,2026-09-23 5:00,9.1,72,2.9,1.6,7.1
22103,2026-09-23 6:00,8.3,54,2.3,1.7,7.7
22103,2026-09-23 7:00,8.3,51,2.9,1.6,8.3
22103,2026-09-23 8:00,7.8,56,2.6,1.6,7.7
22103,2026-09-23 9:00,7.7,54,2.5,1.7,8.3
22103,2026-09-23 10:00,7.3,48,2.4,1.5,7.1
22103,2026-09-23 11:00,6.9,47,2.1,1.5,7.1
22103,2026-09-23 12:00,6.3,48,2.6,1.5,6.7
22103,2026-09-23 13:00,5.3,45,1.8,1.2,6.7
22103,2026-09-23 14:00,5.1,53,1.8,1.2,7.1
22103,2026-09-23 15:00,4.3,49,2,1.1,6.7
22103,2026-09-23 16:00,3.4,62,1.6,1,6.3
22103,2026-09-23 17:00,4,99,1.5,0.9,5.6
22103,2026-09-23 18:00,3.5,95,1.4,1,5.9
22103,2026-09-23 19:00,2.7,110,1.2,0.9,5.9
22103,2026-09-23 20:00,0.7,119,1.3,0.8,6.3
22103,2026-09-23 21:00,0.4,357,1.1,0.8,5.3
22103,2026-09-23 22:00,0.4,297,1,0.7,5.3
22103,2026-09-23 23:00,0.5,315,0.9,0.7,5.6
22103,2026-09-24 0:00,1,321,0.8,0.7,5.9
22103,2026-09-24 1:00,1.5,287,0.9,0.6,7.1
22103,2026-09-24 2:00,3,292,0.9,0.5,6.3
22103,2026-09-24 3:00,4.4,306,0.7,0.5,5.6
22103,2026-09-24 4:00,3.4,302,0.9,0.5,8.3
22103,2026-09-24 5:00,3.3,331,0.9,0.5,8.3
22103,2026-09-24 6:00,3.9,359,0.8,0.5,8.3
22103,2026-09-24 7:00,4,356,0.8,0.5,8.3
22103,2026-09-24 8:00,4.1,18,0.8,0.4,8.3
22103,2026-09-24 9:00,5.1,21,0.6,0.5,8.3
22103,2026-09-24 10:00,5,23,0.6,0.4,8.3
22103,2026-09-24 11:00,4.5,31,0.7,0.5,7.7
22103,2026-09-24 12:00,2.8,47,0.6,0.4,2.9
22103,2026-09-24 13:00,2.1,89,0.8,0.4,8.3
22103,2026-09-24 14:00,1.4,80,0.6,0.4,7.7
22103,2026-09-24 15:00,0.9,107,0.5,0.4,7.7
22103,2026-09-24 16:00,0.3,124,0.5,0.3,7.7
22103,2026-09-24 17:00,1.1,227,0.4,0.3,7.1
22103,2026-09-24 18:00,1.9,207,0.4,0.3,7.1
22103,2026-09-24 19:00,2.8,276,0.6,0.3,7.7
22103,2026-09-24 20:00,2.1,314,0.5,0.3,4.5
22103,2026-09-24 21:00,1.6,303,0.5,0.3,7.7
22103,2026-09-24 22:00,1.4,175,0.4,0.3,7.7
22103,2026-09-24 23:00,2,183,0.4,0.3,7.7
22103,2026-09-25 0:00,2.4,177,0.4,0.3,7.1
22103,2026-09-25 1:00,1.5,200,0.4,0.3,7.7
22103,2026-09-25 2:00,1.9,174,0.4,0.2,7.1
22103,2026-09-25 3:00,1.3,122,0.4,0.3,7.7
22103,2026-09-25 4:00,0.7,110,0.4,0.2,7.1
22103,2026-09-25 5:00,2.4,78,0.4,0.3,7.7
22103,2026-09-25 6:00,3.5,72,0.4,0.2,7.7
22103,2026-09-25 7:00,5.3,70,0.5,0.3,4.5
22103,2026-09-25 8:00,6.5,84,0.5,0.3,9.1
22103,2026-09-25 9:00,6.9,90,0.5,0.3,7.1
22103,2026-09-25 10:00,6.2,85,0.7,0.5,5.6
22103,2026-09-25 11:00,5.7,85,0.8,0.5,3.3
22103,2026-09-25 12:00,5.6,88,1,0.6,3.8
22103,2026-09-25 13:00,5.6,85,0.9,0.6,4.2
22103,2026-09-25 14:00,5.4,78,1,0.6,4.2
22103,2026-09-25 15:00,5.2,78,1,0.6,4.8
22103,2026-09-25 16:00,6.8,87,0.9,0.7,4.8
22103,2026-09-25 17:00,6.1,86,1.1,0.6,4.5
22103,2026-09-25 18:00,6.3,88,0.9,0.7,4.3
22103,2026-09-25 19:00,6.1,93,1,0.7,4.5
22103,2026-09-25 20:00,6,92,1.2,0.8,4.5
22103,2026-09-25 21:00,6.3,87,1.1,0.7,5
22103,2026-09-25 22:00,5.7,95,1.1,0.8,5
22103,2026-09-25 23:00,6.4,104,1.2,0.7,4.8
22103,2026-09-26 0:00,6.7,90,1,0.7,5
